Transaction_ID,Date,Station_Name,OMC,City,Province,Fuel_Type,Price_Per_Liter_PKR,Volume_Sold_Liters,Total_Revenue_PKR,Payment_Method,Customer_Type
TXN-20250001,2025-06-05,PSO Multan Clifton Service Station,PSO,Multan,Punjab,Hi-Octane (97 Ron),326.99,76.44,24995.12,cash,individual
TXN-20250002,2026-06-18,Total Parco Faisalabad G-11 Markaz Station,Total Parco,Faisalabad,Punjab,Hi-Octane (97 Ron),301.87,60.83,18362.75,credit card,individual
TXN-20250003,2026-01-14,Attock Petroleum Sialkot Saddar Filling Station,Attock Petroleum,Sialkot,Punjab,Hi-Octane (97 Ron),301.52,7788.08,2348261.88,credit card,Corporate
TXN-20250004,2026-07-08,Total Parco Multan Thokar Niaz Baig Station,Total Parco,Multan,Punjab,High Speed Diesel,284.54,66.22,18842.24,cash,Individual
TXN-20250005,01-May-26,Cnergyico Sialkot Multan Road Filling Point,Cnergyico,Sialkot,Punjab,Hi-Octane (97 Ron),310.17,6.59,2044.02,Credit Card,Government
TXN-20250006,28/01/2025,Shell Lahore Gulberg Station,Shell,Lahore,Punjab,Super (92 Ron),275.01,63.93,17581.39,Cash,Individual
TXN-20250007,2025-12-14,Total Parco Karachi G-11 Markaz Station,Total Parco,Karachi,Sindh,CNG,208.5,26.63,5552.35,JazzCash,Corporate
TXN-20250008,30/04/2026,Hascol Multan Super Highway Station,Hascol,Multan,Punjab,High Speed Diesel,291.73,53.74,15677.57,cash,individual
TXN-20250009,2025-07-22,Shell Sialkot F-7 Markaz Pump,Shell,Sialkot,Punjab,Hi-Octane (97 Ron),323.13,75.19,24296.14,CASH,individual
TXN-20250010,2025-02-24,PSO Multan Lytton Road Pump,PSO,Multan,Punjab,CNG,201.42,105.8,,Fleet Card,Individual
TXN-20250011,2026-04-03,Hascol Peshawar Super Highway Station,Hascol,Peshawar,KPK,Hi-Octane (97 Ron),309.55,56.66,17539.1,Debit Card,Individual
TXN-20250012,2025-07-06,PSO Rawalpindi Blue Area Station,PSO,Rawalpindi,Punjab,Hi-Octane (97 Ron),297.48,118.18,35156.19,cash,Corporate Fleet
TXN-20250013,2026-01-29,Attock Petroleum Peshawar Saddar Filling Station,Attock Petroleum,Peshawar,KPK,High Speed Diesel,301.48,86.03,25936.32,JazzCash,Corporate
TXN-20250014,16-Jan-26,Cnergyico Karachi Multan Road Filling Point,Cnergyico,Karachi,Sindh,High Speed Diesel,293.0,131.97,38667.21,credit card,Agriculture
TXN-20250015,2025-01-07,Attock Petroleum Sialkot Motorway Service Area,Attock Petroleum,Sialkot,Punjab,High Speed Diesel,295.12,26.54,7832.48,JazzCash,individual
TXN-20250016,18-Apr-25,Hascol Multan Ferozepur Road Pump,Hascol,Multan,Punjab,Hi-Octane (97 Ron),300.01,122.36,36709.22,,Individual
TXN-20250017,2025-05-25,PSO Sialkot Blue Area Station,PSO,Sialkot,Punjab,High Speed Diesel,276.68,120.86,33439.54,Cash,Corporate
TXN-20250018,2025-06-18,Hascol Faisalabad Hayatabad Filling Station,Hascol,Faisalabad,Punjab,Super (92 Ron),260.87,24.99,6519.14,Credit Card,Corporate Fleet
TXN-20250019,30/01/2026,Cnergyico Sialkot Multan Road Filling Point,Cnergyico,Sialkot,Punjab,Super (92 Ron),9999.0,101.66,1016498.34,Fleet Card,Government
TXN-20250020,2025-09-20,PSO Rawalpindi Clifton Service Station,PSO,Rawalpindi,Punjab,Super (92 Ron),266.06,60.54,16107.27,Debit Card,Government
TXN-20250021,2026-05-15,Total Parco Sialkot Thokar Niaz Baig Station,Total Parco,Sialkot,Punjab,High Speed Diesel,291.26,78.53,22872.65,Credit Card,Corporate
TXN-20250022,2025-03-23,Total Parco Karachi G-11 Markaz Station,Total Parco,Karachi,Sindh,CNG,208.47,13.35,2783.07,Credit Card,Agriculture
TXN-20250023,2025-10-13,Hascol Karachi Super Highway Station,Hascol,Karachi,Sindh,Super (92 Ron),-99.0,62.58,-6195.42,credit card,Government
TXN-20250024,2025-04-28,Hascol Karachi Hayatabad Filling Station,Hascol,Karachi,Sindh,CNG,216.17,130.97,28311.78,Fleet Card,Individual
TXN-20250025,04/07/2025,Cnergyico Lahore Murree Road Station,Cnergyico,Lahore,Punjab,Super (92 Ron),,115.98,,JazzCash,Corporate
TXN-20250026,2026-04-20,Hascol Faisalabad Super Highway Station,Hascol,Faisalabad,Punjab,Super (92 Ron),,14.97,,Debit Card,Corporate
TXN-20250027,2025-02-22,Shell Rawalpindi Gulberg Station,Shell,Rawalpindi,Punjab,High Speed Diesel,274.22,8.16,2237.64,Credit Card,Agriculture
TXN-20250028,2025-01-24,Attock Petroleum Islamabad Motorway Service Area,Attock Petroleum,Islamabad,Islamabad ICT,Hi-Octane (97 Ron),303.85,17.33,5265.72,CASH,Corporate
TXN-20250029,20/08/2026,Shell Peshawar Gulberg Station,Shell,Peshawar,KPK,Super (92 Ron),281.75,62.26,17541.76,CASH,Agriculture
TXN-20250030,2025-02-27,Shell Multan F-7 Markaz Pump,Shell,Multan,Punjab,Hi-Octane (97 Ron),301.85,43.85,13236.12,Mobile Wallet,Agriculture
TXN-20250031,2026-08-02,Cnergyico Karachi Murree Road Station,Cnergyico,Karachi,Sindh,Hi-Octane (97 Ron),307.23,5384.23,,cash,Corporate Fleet
TXN-20250032,2025-05-27,Hascol Faisalabad Super Highway Station,Hascol,Faisalabad,Punjab,CNG,203.8,84.71,17263.9,cash,Agriculture
TXN-20250033,18/03/2026,Attock Petroleum Peshawar Saddar Filling Station,Attock Petroleum,Peshawar,KPK,Super (92 Ron),263.18,134.94,35513.51,EasyPaisa,individual
TXN-20250034,2026-06-12,Hascol Rawalpindi Ferozepur Road Pump,Hascol,Rawalpindi,Punjab,Super (92 Ron),289.93,27.69,8028.16,cash,individual
TXN-20250035,2026-05-20,Shell Sialkot University Road Pump,Shell,Sialkot,Punjab,CNG,200.45,67.61,13552.42,Fleet Card,Agriculture
TXN-20250036,2025-02-26,Hascol Faisalabad Super Highway Station,Hascol,Faisalabad,Punjab,Hi-Octane (97 Ron),304.52,91.0,,cash,Government
TXN-20250037,2025-04-02,Cnergyico Karachi Murree Road Station,Cnergyico,Karachi,Sindh,Super (92 Ron),286.55,15.81,4530.36,JazzCash,Agriculture
TXN-20250038,2026-04-19,Total Parco Quetta Thokar Niaz Baig Station,Total Parco,Quetta,Balochistan,CNG,212.37,10.14,2153.43,Debit Card,individual
TXN-20250039,2025-11-01,PSO Quetta Lytton Road Pump,PSO,Quetta,Balochistan,Hi-Octane (97 Ron),303.3,8.61,2611.41,Mobile Wallet,Government
TXN-20250040,2025-10-08,PSO Multan Lytton Road Pump,PSO,Multan,Punjab,Hi-Octane (97 Ron),311.75,116.58,36343.82,Credit Card,Corporate
TXN-20250041,2025-11-23,Shell Rawalpindi Karsaz Service Station,Shell,Rawalpindi,Punjab,High Speed Diesel,304.32,85.0,25867.2,credit card,individual
TXN-20250042,2025-10-28,Shell Multan F-7 Markaz Pump,Shell,Multan,Punjab,CNG,218.54,55.43,12113.67,Fleet Card,Corporate
TXN-20250043,2026-07-12,Shell Karachi University Road Pump,Shell,Karachi,Sindh,High Speed Diesel,273.77,999.07,273515.39,JazzCash,Corporate Fleet
TXN-20250044,2025-03-20,Attock Petroleum Sialkot Industrial Area Pump,Attock Petroleum,Sialkot,Punjab,High Speed Diesel,300.01,7060.43,2118199.6,Credit Card,Corporate
TXN-20250045,2025-03-24,Attock Petroleum Rawalpindi Industrial Area Pump,Attock Petroleum,Rawalpindi,Punjab,CNG,206.56,128.1,,Credit Card,Individual
TXN-20250046,2025-05-27,PSO Faisalabad Clifton Service Station,PSO,Faisalabad,Punjab,Hi-Octane (97 Ron),322.5,20.0,6450.0,JazzCash,Corporate
TXN-20250047,2025-09-29,Cnergyico Peshawar Murree Road Station,Cnergyico,Peshawar,KPK,Super (92 Ron),270.02,42.58,11497.45,credit card,Government
TXN-20250048,2026-02-03,Total Parco Faisalabad G-11 Markaz Station,Total Parco,Faisalabad,Punjab,CNG,9999.0,105.54,1055294.46,Credit Card,Government
TXN-20250049,05/02/2026,PSO Sialkot GT Road Service,PSO,Sialkot,Punjab,High Speed Diesel,298.72,91.0,27183.52,Fleet Card,Agriculture
TXN-20250050,2026-03-24,Shell Faisalabad Mall Road Station,Shell,Faisalabad,Punjab,Hi-Octane (97 Ron),316.43,92.4,29238.13,,Agriculture
TXN-20250051,2025-10-23,Hascol Sialkot Ferozepur Road Pump,Hascol,Sialkot,Punjab,Super (92 Ron),264.56,10.51,2780.53,credit card,Corporate
TXN-20250052,2025-01-30,PSO Lahore Clifton Service Station,PSO,Lahore,Punjab,Super (92 Ron),288.17,50.18,,Credit Card,Corporate
TXN-20250053,2025-04-05,Cnergyico Peshawar Murree Road Station,Cnergyico,Peshawar,KPK,Hi-Octane (97 Ron),301.38,23.07,6952.84,JazzCash,Corporate Fleet
TXN-20250054,2025-09-02,PSO Multan GT Road Service,PSO,Multan,Punjab,CNG,213.09,42.37,9028.62,EasyPaisa,Corporate
TXN-20250055,2025-10-05,Cnergyico Sialkot Multan Road Filling Point,Cnergyico,Sialkot,Punjab,Hi-Octane (97 Ron),328.8,84.7,27849.36,Debit Card,Corporate
TXN-20250056,07/01/2025,Hascol Faisalabad Ferozepur Road Pump,Hascol,Faisalabad,Punjab,Super (92 Ron),278.86,148.6,41438.6,Cash,individual
TXN-20250057,2026-08-06,Total Parco Karachi Shahrah-e-Faisal Point,Total Parco,Karachi,Sindh,High Speed Diesel,288.26,69.91,20152.26,Debit Card,Government
TXN-20250058,2025-11-03,Cnergyico Islamabad Hub River Road Pump,Cnergyico,Islamabad,Islamabad ICT,CNG,204.24,,,Mobile Wallet,individual
TXN-20250059,2026-02-20,Shell Sialkot University Road Pump,Shell,Sialkot,Punjab,Super (92 Ron),268.79,15.94,4284.51,Fleet Card,Government
TXN-20250060,2025-10-22,Hascol Lahore Hayatabad Filling Station,Hascol,Lahore,Punjab,High Speed Diesel,274.98,26.05,7163.23,JazzCash,Government
TXN-20250061,2025-12-11,Hascol Multan Hayatabad Filling Station,Hascol,Multan,Punjab,High Speed Diesel,304.71,36.11,11003.08,JazzCash,Corporate Fleet
TXN-20250062,2026-03-20,Total Parco Islamabad Shahrah-e-Faisal Point,Total Parco,Islamabad,Islamabad ICT,Super (92 Ron),261.32,43.99,11495.47,EasyPaisa,Individual
TXN-20250063,2026-08-06,Attock Petroleum Islamabad Saddar Filling Station,Attock Petroleum,Islamabad,Islamabad ICT,High Speed Diesel,291.62,10.16,2962.86,EasyPaisa,Corporate Fleet
TXN-20250064,2026-08-21,Attock Petroleum Peshawar Saddar Filling Station,Attock Petroleum,Peshawar,KPK,Super (92 Ron),278.5,95.39,26566.12,CASH,Agriculture
TXN-20250065,2025-08-08,Cnergyico Multan Murree Road Station,Cnergyico,Multan,Punjab,Super (92 Ron),285.4,149.53,42675.86,Debit Card,Corporate Fleet
TXN-20250066,2025-10-14,Total Parco Islamabad G-11 Markaz Station,Total Parco,Islamabad,Islamabad ICT,CNG,202.1,110.67,22366.41,Fleet Card,Corporate
TXN-20250067,2025-04-19,Attock Petroleum Rawalpindi Motorway Service Area,Attock Petroleum,Rawalpindi,Punjab,High Speed Diesel,296.44,49.71,14736.03,Cash,Government
TXN-20250068,2025-03-22,Hascol Peshawar Super Highway Station,Hascol,Peshawar,KPK,High Speed Diesel,302.02,19.67,5940.73,Fleet Card,individual
TXN-20250069,2026-04-24,Total Parco Faisalabad G-11 Markaz Station,Total Parco,Faisalabad,Punjab,Hi-Octane (97 Ron),315.95,52.91,16716.91,Debit Card,Corporate Fleet
TXN-20250070,31/01/2026,PSO Sialkot Clifton Service Station,PSO,Sialkot,Punjab,CNG,207.11,95.06,19687.88,Mobile Wallet,Agriculture
TXN-20250071,13-Apr-26,Cnergyico Karachi Hub River Road Pump,Cnergyico,Karachi,Sindh,Super (92 Ron),282.43,46.4,13104.75,Cash,Government
TXN-20250072,2026-05-13,Shell Faisalabad University Road Pump,Shell,Faisalabad,Punjab,Hi-Octane (97 Ron),299.66,62.09,,Fleet Card,individual
TXN-20250073,2025-10-28,Attock Petroleum Peshawar Motorway Service Area,Attock Petroleum,Peshawar,KPK,Hi-Octane (97 Ron),308.03,99.17,30547.34,CASH,Corporate
TXN-20250074,2025-03-30,Shell Multan University Road Pump,Shell,Multan,Punjab,CNG,219.59,19.75,4336.9,,Corporate
TXN-20250075,2026-02-12,Shell Multan Karsaz Service Station,Shell,Multan,Punjab,CNG,209.24,115.91,24253.01,EasyPaisa,Government
TXN-20250076,2026-07-25,Total Parco Lahore Shahrah-e-Faisal Point,Total Parco,Lahore,Punjab,Super (92 Ron),269.27,7.78,2094.92,CASH,individual
TXN-20250077,2026-04-19,Cnergyico Karachi Hub River Road Pump,Cnergyico,Karachi,Sindh,High Speed Diesel,296.16,28.38,8405.02,cash,Corporate Fleet
TXN-20250078,2025-05-29,Shell Multan Gulberg Station,Shell,Multan,Punjab,Hi-Octane (97 Ron),327.78,101.57,33292.61,Cash,Government
TXN-20250079,2025-01-22,Hascol Faisalabad Ferozepur Road Pump,Hascol,Faisalabad,Punjab,Hi-Octane (97 Ron),309.45,145.9,45148.75,EasyPaisa,Individual
TXN-20250080,2026-03-14,Hascol Lahore Super Highway Station,Hascol,Lahore,Punjab,CNG,218.83,138.38,30281.7,Mobile Wallet,Individual
TXN-20250081,2025-06-13,Hascol Multan Super Highway Station,Hascol,Multan,Punjab,Hi-Octane (97 Ron),308.33,10.74,3311.46,cash,Corporate
TXN-20250082,2025-10-06,Hascol Islamabad Ferozepur Road Pump,Hascol,Islamabad,Islamabad ICT,CNG,215.37,118.16,25448.12,Cash,
TXN-20250083,14/02/2026,Attock Petroleum Rawalpindi Motorway Service Area,Attock Petroleum,Rawalpindi,Punjab,High Speed Diesel,276.53,18.04,4988.6,credit card,Corporate Fleet
TXN-20250084,30-Sep-25,Attock Petroleum Islamabad Industrial Area Pump,Attock Petroleum,Islamabad,Islamabad ICT,Super (92 Ron),272.46,126.36,34428.05,CASH,Individual
TXN-20250085,2026-08-24,Shell Islamabad Mall Road Station,Shell,Islamabad,Islamabad ICT,Hi-Octane (97 Ron),327.21,7291.52,2385858.26,cash,Corporate
TXN-20250086,2026-08-25,Cnergyico Quetta Multan Road Filling Point,Cnergyico,Quetta,Balochistan,High Speed Diesel,9999.0,22.25,222477.75,cash,Individual
TXN-20250087,2026-03-19,Shell Peshawar University Road Pump,Shell,Peshawar,KPK,CNG,206.22,3535.16,729020.7,Mobile Wallet,individual
TXN-20250088,2025-06-19,Shell Islamabad University Road Pump,Shell,Islamabad,Islamabad ICT,High Speed Diesel,272.6,124.77,34012.3,credit card,Government
TXN-20250089,2025-07-27,Shell Rawalpindi Karsaz Service Station,Shell,Rawalpindi,Punjab,Super (92 Ron),287.92,101.16,29125.99,CASH,Corporate Fleet
TXN-20250090,2025-06-04,PSO Karachi Clifton Service Station,PSO,Karachi,Sindh,CNG,203.01,99.85,20270.55,JazzCash,Individual
TXN-20250091,2026-01-31,Attock Petroleum Multan Saddar Filling Station,Attock Petroleum,Multan,Punjab,Super (92 Ron),271.29,26.57,7208.18,credit card,Government
TXN-20250092,2026-05-30,Attock Petroleum Islamabad Saddar Filling Station,Attock Petroleum,Islamabad,Islamabad ICT,Hi-Octane (97 Ron),306.82,22.07,6771.52,cash,Corporate
TXN-20250093,2026-06-29,Cnergyico Multan Murree Road Station,Cnergyico,Multan,Punjab,High Speed Diesel,293.98,,,Mobile Wallet,Individual
TXN-20250094,2025-01-31,Shell Multan University Road Pump,Shell,Multan,Punjab,Hi-Octane (97 Ron),311.51,119.78,37312.67,Credit Card,Government
TXN-20250095,2025-05-29,Hascol Multan Hayatabad Filling Station,Hascol,Multan,Punjab,CNG,202.01,87.96,17768.8,Debit Card,individual
TXN-20250096,2025-08-28,Attock Petroleum Sialkot Industrial Area Pump,Attock Petroleum,Sialkot,Punjab,Hi-Octane (97 Ron),315.3,144.17,45456.8,,Corporate Fleet
TXN-20250097,24-Aug-25,Shell Lahore F-7 Markaz Pump,Shell,Lahore,Punjab,Super (92 Ron),277.55,55.21,15323.54,CASH,Corporate Fleet
TXN-20250098,2026-04-03,Attock Petroleum Quetta Motorway Service Area,Attock Petroleum,Quetta,Balochistan,Hi-Octane (97 Ron),304.23,138.0,41983.74,CASH,individual
TXN-20250099,2026-02-05,Hascol Faisalabad Hayatabad Filling Station,Hascol,Faisalabad,Punjab,CNG,200.31,9.69,1941.0,Fleet Card,
TXN-20250100,2025-06-28,Cnergyico Islamabad Hub River Road Pump,Cnergyico,Islamabad,Islamabad ICT,Hi-Octane (97 Ron),,117.88,,cash,Government
TXN-20250101,2026-08-03,Hascol Lahore Ferozepur Road Pump,Hascol,Lahore,Punjab,Super (92 Ron),285.98,147.52,42187.77,Debit Card,Individual
TXN-20250102,2026-04-16,Shell Multan F-7 Markaz Pump,Shell,Multan,Punjab,Hi-Octane (97 Ron),302.99,99.2,30056.61,JazzCash,individual
TXN-20250103,28-Jul-26,Cnergyico Peshawar Murree Road Station,Cnergyico,Peshawar,KPK,CNG,219.26,4669.9,1023922.27,cash,Agriculture
TXN-20250104,2025-05-30,Total Parco Sialkot Shahrah-e-Faisal Point,Total Parco,Sialkot,Punjab,Hi-Octane (97 Ron),304.58,93.74,28551.33,cash,Individual
TXN-20250105,15/08/2025,Attock Petroleum Lahore Saddar Filling Station,Attock Petroleum,Lahore,Punjab,Super (92 Ron),286.35,28.81,8249.74,CASH,Corporate
TXN-20250106,2026-05-05,Hascol Karachi Super Highway Station,Hascol,Karachi,Sindh,Super (92 Ron),265.48,12.0,,JazzCash,Corporate
TXN-20250107,04-Jan-25,Hascol Lahore Super Highway Station,Hascol,Lahore,Punjab,High Speed Diesel,297.37,107.34,31919.7,Cash,Individual
TXN-20250108,2026-07-10,Attock Petroleum Islamabad Industrial Area Pump,Attock Petroleum,Islamabad,Islamabad ICT,High Speed Diesel,293.48,133.0,39032.84,JazzCash,Corporate
TXN-20250109,2025-05-28,Attock Petroleum Karachi Industrial Area Pump,Attock Petroleum,Karachi,Sindh,Hi-Octane (97 Ron),328.59,15.05,4945.28,Cash,Government
TXN-20250110,22-Jun-25,PSO Lahore Blue Area Station,PSO,Lahore,Punjab,Hi-Octane (97 Ron),319.35,51.61,16481.65,Cash,individual
TXN-20250111,2025-01-12,Total Parco Karachi Shahrah-e-Faisal Point,Total Parco,Karachi,Sindh,CNG,200.79,46.24,9284.53,cash,Government
TXN-20250112,01/03/2026,Cnergyico Sialkot Multan Road Filling Point,Cnergyico,Sialkot,Punjab,CNG,217.8,44.13,9611.51,credit card,Corporate Fleet
TXN-20250113,2026-01-04,Shell Karachi Gulberg Station,Shell,Karachi,Sindh,Super (92 Ron),280.11,125.75,35223.83,Fleet Card,Corporate
TXN-20250114,17-Apr-25,Shell Islamabad Karsaz Service Station,Shell,Islamabad,Islamabad ICT,High Speed Diesel,290.76,34.92,10153.34,Credit Card,Individual
TXN-20250115,2025-05-31,Hascol Islamabad Hayatabad Filling Station,Hascol,Islamabad,Islamabad ICT,Hi-Octane (97 Ron),305.14,48.47,14790.14,EasyPaisa,Corporate Fleet
TXN-20250116,2025-12-11,Total Parco Peshawar G-11 Markaz Station,Total Parco,Peshawar,KPK,Hi-Octane (97 Ron),326.01,144.83,47216.03,JazzCash,Corporate
TXN-20250117,2026-03-25,Shell Islamabad F-7 Markaz Pump,Shell,Islamabad,Islamabad ICT,Super (92 Ron),266.46,53.43,14236.96,JazzCash,Corporate Fleet
TXN-20250118,2026-06-28,Shell Lahore Karsaz Service Station,Shell,Lahore,Punjab,Super (92 Ron),272.08,11938.45,3248213.48,JazzCash,Corporate Fleet
TXN-20250119,2026-02-01,PSO Islamabad Defence Filling Point,PSO,Islamabad,Islamabad ICT,High Speed Diesel,273.93,109.44,29978.9,EasyPaisa,Government
TXN-20250120,2025-02-25,PSO Multan GT Road Service,PSO,Multan,Punjab,Hi-Octane (97 Ron),298.49,49.38,14739.44,credit card,Individual
TXN-20250121,2025-05-05,Attock Petroleum Faisalabad Industrial Area Pump,Attock Petroleum,Faisalabad,Punjab,Super (92 Ron),270.29,54.23,14657.83,Debit Card,Corporate
TXN-20250122,09-Mar-26,PSO Peshawar Cantt Filling Point,PSO,Peshawar,KPK,Super (92 Ron),279.75,143.98,40278.4,CASH,Government
TXN-20250123,09-Mar-26,Hascol Multan Super Highway Station,Hascol,Multan,Punjab,High Speed Diesel,294.86,88.0,25947.68,Credit Card,individual
TXN-20250124,31-Jan-25,Shell Multan Karsaz Service Station,Shell,Multan,Punjab,Super (92 Ron),285.98,22.29,6374.49,cash,Individual
TXN-20250125,2026-07-19,Hascol Rawalpindi Hayatabad Filling Station,Hascol,Rawalpindi,Punjab,High Speed Diesel,270.92,136.44,36964.32,Debit Card,Individual
TXN-20250126,2026-07-18,Attock Petroleum Faisalabad Industrial Area Pump,Attock Petroleum,Faisalabad,Punjab,Hi-Octane (97 Ron),323.3,,,Fleet Card,individual
TXN-20250127,2026-04-22,Hascol Quetta Hayatabad Filling Station,Hascol,Quetta,Balochistan,Hi-Octane (97 Ron),311.48,49.55,15433.83,Fleet Card,individual
TXN-20250128,2025-12-09,Total Parco Sialkot Thokar Niaz Baig Station,Total Parco,Sialkot,Punjab,High Speed Diesel,274.66,32.85,9022.58,cash,Corporate
TXN-20250129,26/02/2025,Attock Petroleum Rawalpindi Industrial Area Pump,Attock Petroleum,Rawalpindi,Punjab,High Speed Diesel,302.66,57.93,17533.09,Cash,Corporate Fleet
TXN-20250130,2025-04-09,Hascol Faisalabad Ferozepur Road Pump,Hascol,Faisalabad,Punjab,Super (92 Ron),287.51,77.26,22213.02,Mobile Wallet,Corporate
TXN-20250131,13/04/2025,Shell Islamabad Gulberg Station,Shell,Islamabad,Islamabad ICT,High Speed Diesel,276.43,139.76,38633.86,credit card,Corporate Fleet
TXN-20250132,19/03/2025,Cnergyico Sialkot Murree Road Station,Cnergyico,Sialkot,Punjab,Super (92 Ron),264.21,45.63,12055.9,Debit Card,individual
TXN-20250133,2026-01-02,Total Parco Quetta Jail Road Petrol Pump,Total Parco,Quetta,Balochistan,Super (92 Ron),266.52,85.29,22731.49,CASH,Individual
TXN-20250134,2026-08-15,PSO Islamabad Defence Filling Point,PSO,Islamabad,Islamabad ICT,Hi-Octane (97 Ron),296.31,117.63,34854.95,Fleet Card,Corporate Fleet
TXN-20250135,2026-02-25,Hascol Karachi Super Highway Station,Hascol,Karachi,Sindh,High Speed Diesel,295.51,127.45,37662.75,cash,individual
TXN-20250136,2025-04-28,Total Parco Peshawar Thokar Niaz Baig Station,Total Parco,Peshawar,KPK,CNG,215.44,140.42,30252.08,CASH,Individual
TXN-20250137,2026-03-16,Attock Petroleum Sialkot Khyber Pass Pump,Attock Petroleum,Sialkot,Punjab,High Speed Diesel,303.03,103.55,31378.76,JazzCash,Corporate
TXN-20250138,2025-12-23,Shell Karachi Mall Road Station,Shell,Karachi,Sindh,High Speed Diesel,300.35,42.24,12686.78,credit card,Corporate Fleet
TXN-20250139,13/05/2025,Hascol Rawalpindi Hayatabad Filling Station,Hascol,Rawalpindi,Punjab,High Speed Diesel,282.3,107.57,30367.01,Debit Card,Agriculture
TXN-20250140,2025-10-01,Attock Petroleum Multan Saddar Filling Station,Attock Petroleum,Multan,Punjab,Super (92 Ron),283.09,6326.15,1790869.8,Mobile Wallet,individual
TXN-20250141,2026-06-17,Total Parco Sialkot Thokar Niaz Baig Station,Total Parco,Sialkot,Punjab,Hi-Octane (97 Ron),306.14,7.68,2351.16,JazzCash,Corporate
TXN-20250142,16/07/2026,Shell Rawalpindi Karsaz Service Station,Shell,Rawalpindi,Punjab,Hi-Octane (97 Ron),298.43,4091.73,1221094.98,cash,Corporate
TXN-20250143,16-Feb-25,Attock Petroleum Islamabad Motorway Service Area,Attock Petroleum,Islamabad,Islamabad ICT,Super (92 Ron),269.02,138.09,37148.97,Fleet Card,Government
TXN-20250144,2026-02-02,Hascol Sialkot Ferozepur Road Pump,Hascol,Sialkot,Punjab,CNG,210.12,140.3,29479.84,CASH,individual
TXN-20250145,2025-10-16,Hascol Rawalpindi Ferozepur Road Pump,Hascol,Rawalpindi,Punjab,CNG,202.85,65.45,13276.53,Mobile Wallet,Corporate Fleet
TXN-20250146,2025-12-18,Cnergyico Rawalpindi Multan Road Filling Point,Cnergyico,Rawalpindi,Punjab,Super (92 Ron),264.01,75.37,19898.43,CASH,individual
TXN-20250147,2025-11-16,Total Parco Lahore Shahrah-e-Faisal Point,Total Parco,Lahore,Punjab,CNG,218.0,16.05,3498.9,,individual
TXN-20250148,10-Aug-26,Total Parco Quetta Shahrah-e-Faisal Point,Total Parco,Quetta,Balochistan,Super (92 Ron),270.51,130.68,35350.25,credit card,Corporate
TXN-20250149,2025-11-30,Shell Lahore Gulberg Station,Shell,Lahore,Punjab,CNG,212.27,8.77,1861.61,CASH,Agriculture
TXN-20250150,2025-07-20,Shell Lahore Karsaz Service Station,Shell,Lahore,Punjab,Hi-Octane (97 Ron),313.52,126.7,39722.98,Debit Card,Individual
TXN-20250151,04/01/2026,PSO Karachi Defence Filling Point,PSO,Karachi,Sindh,CNG,205.57,91.13,18733.59,Fleet Card,Government
TXN-20250152,2025-05-01,Attock Petroleum Karachi Saddar Filling Station,Attock Petroleum,Karachi,Sindh,Super (92 Ron),260.67,46.89,12222.82,Cash,Government
TXN-20250153,2025-03-23,Cnergyico Quetta Hub River Road Pump,Cnergyico,Quetta,Balochistan,Super (92 Ron),271.62,66.65,18103.47,JazzCash,Corporate
TXN-20250154,2026-04-21,Hascol Islamabad Hayatabad Filling Station,Hascol,Islamabad,Islamabad ICT,Hi-Octane (97 Ron),,9.13,,Debit Card,individual
TXN-20250155,2026-04-02,Attock Petroleum Peshawar Motorway Service Area,Attock Petroleum,Peshawar,KPK,CNG,203.59,116.11,23638.83,credit card,Government
TXN-20250156,2026-04-15,Attock Petroleum Quetta Motorway Service Area,Attock Petroleum,Quetta,Balochistan,Hi-Octane (97 Ron),327.3,98.84,32350.33,Debit Card,Agriculture
TXN-20250157,2025-04-16,Attock Petroleum Rawalpindi Saddar Filling Station,Attock Petroleum,Rawalpindi,Punjab,CNG,211.3,70.0,14791.0,CASH,Corporate Fleet
TXN-20250158,2025-09-05,Total Parco Sialkot Shahrah-e-Faisal Point,Total Parco,Sialkot,Punjab,Super (92 Ron),265.41,11148.88,2959024.24,Credit Card,Corporate
TXN-20250159,2025-07-11,Hascol Karachi Hayatabad Filling Station,Hascol,Karachi,Sindh,CNG,215.35,146.88,31630.61,credit card,Corporate Fleet
TXN-20250160,23/06/2025,PSO Lahore Defence Filling Point,PSO,Lahore,Punjab,Hi-Octane (97 Ron),318.55,119.07,37929.75,JazzCash,Individual
TXN-20250161,2026-08-04,Attock Petroleum Faisalabad Khyber Pass Pump,Attock Petroleum,Faisalabad,Punjab,High Speed Diesel,285.18,68.82,19626.09,credit card,Corporate
TXN-20250162,2026-08-24,Shell Rawalpindi University Road Pump,Shell,Rawalpindi,Punjab,Super (92 Ron),281.48,91.58,25777.94,Mobile Wallet,Corporate
TXN-20250163,2025-04-28,Attock Petroleum Peshawar Saddar Filling Station,Attock Petroleum,Peshawar,KPK,High Speed Diesel,274.03,115.56,31666.91,JazzCash,individual
TXN-20250164,2026-02-21,PSO Peshawar Lytton Road Pump,PSO,Peshawar,KPK,High Speed Diesel,304.05,,,EasyPaisa,Government
TXN-20250165,2026-07-03,Cnergyico Faisalabad Multan Road Filling Point,Cnergyico,Faisalabad,Punjab,Hi-Octane (97 Ron),309.98,5.82,1804.08,credit card,Corporate
TXN-20250166,2026-01-19,Attock Petroleum Karachi Industrial Area Pump,Attock Petroleum,Karachi,Sindh,Hi-Octane (97 Ron),310.68,3310.87,1028621.09,cash,Corporate
TXN-20250167,2025-10-01,Attock Petroleum Multan Motorway Service Area,Attock Petroleum,Multan,Punjab,Hi-Octane (97 Ron),322.48,46.4,14963.07,Mobile Wallet,Agriculture
TXN-20250168,2025-05-29,PSO Rawalpindi Cantt Filling Point,PSO,Rawalpindi,Punjab,Super (92 Ron),284.47,6507.85,1851288.09,Debit Card,Corporate
TXN-20250169,2026-08-07,Shell Islamabad University Road Pump,Shell,Islamabad,Islamabad ICT,CNG,216.54,70.57,,credit card,Agriculture
TXN-20250170,2025-07-09,Shell Karachi F-7 Markaz Pump,Shell,Karachi,Sindh,CNG,203.38,107.3,21822.67,CASH,Individual
TXN-20250171,2026-08-13,Cnergyico Quetta Hub River Road Pump,Cnergyico,Quetta,Balochistan,Super (92 Ron),279.74,,,Debit Card,Agriculture
TXN-20250172,2025-12-02,Total Parco Quetta Thokar Niaz Baig Station,Total Parco,Quetta,Balochistan,High Speed Diesel,270.85,121.42,32886.61,Fleet Card,Agriculture
TXN-20250173,2026-05-08,Shell Faisalabad Mall Road Station,Shell,Faisalabad,Punjab,CNG,219.63,,,CASH,Individual
TXN-20250174,2025-01-04,Cnergyico Lahore Multan Road Filling Point,Cnergyico,Lahore,Punjab,Super (92 Ron),263.01,6.31,1659.59,JazzCash,Agriculture
TXN-20250175,2025-11-24,Total Parco Sialkot G-11 Markaz Station,Total Parco,Sialkot,Punjab,CNG,211.88,23.98,5080.88,Mobile Wallet,Individual
TXN-20250176,2025-09-18,PSO Faisalabad Lytton Road Pump,PSO,Faisalabad,Punjab,High Speed Diesel,301.79,,,cash,Agriculture
TXN-20250177,23-Aug-26,Hascol Sialkot Super Highway Station,Hascol,Sialkot,Punjab,CNG,200.3,130.53,26145.16,credit card,Corporate
TXN-20250178,2025-02-20,Total Parco Peshawar Jail Road Petrol Pump,Total Parco,Peshawar,KPK,CNG,218.28,111.34,,Fleet Card,Corporate
TXN-20250179,2025-05-29,Shell Multan Karsaz Service Station,Shell,Multan,Punjab,CNG,218.13,22.18,4838.12,Mobile Wallet,Individual
TXN-20250180,2026-08-29,Hascol Multan Super Highway Station,Hascol,Multan,Punjab,CNG,204.43,0.0,0.0,Fleet Card,Corporate
TXN-20250181,2025-03-14,Hascol Sialkot Ferozepur Road Pump,Hascol,Sialkot,Punjab,Hi-Octane (97 Ron),298.44,77.0,22979.88,JazzCash,Individual
TXN-20250182,2025-03-26,Hascol Multan Ferozepur Road Pump,Hascol,Multan,Punjab,High Speed Diesel,298.54,140.09,41822.47,Debit Card,Agriculture
TXN-20250183,26-Jul-26,Total Parco Rawalpindi Thokar Niaz Baig Station,Total Parco,Rawalpindi,Punjab,Super (92 Ron),263.91,54.52,14388.37,EasyPaisa,Corporate
TXN-20250184,2026-01-22,PSO Lahore Cantt Filling Point,PSO,Lahore,Punjab,Hi-Octane (97 Ron),317.95,67.29,21394.86,Debit Card,Corporate Fleet
TXN-20250185,2025-02-16,PSO Sialkot Blue Area Station,PSO,Sialkot,Punjab,CNG,200.65,116.35,23345.63,JazzCash,Individual
TXN-20250186,03/07/2025,Attock Petroleum Multan Industrial Area Pump,Attock Petroleum,Multan,Punjab,Hi-Octane (97 Ron),314.83,130.73,41157.73,Debit Card,Agriculture
TXN-20250187,2025-12-01,Cnergyico Sialkot Multan Road Filling Point,Cnergyico,Sialkot,Punjab,CNG,205.62,31.97,6573.67,Mobile Wallet,Government
TXN-20250188,2025-05-05,PSO Sialkot Defence Filling Point,PSO,Sialkot,Punjab,Hi-Octane (97 Ron),298.54,65.04,19417.04,CASH,Corporate Fleet
TXN-20250189,2025-03-06,Hascol Sialkot Ferozepur Road Pump,Hascol,Sialkot,Punjab,High Speed Diesel,270.96,106.96,28981.88,Debit Card,Corporate Fleet
TXN-20250190,08/06/2026,Attock Petroleum Quetta Motorway Service Area,Attock Petroleum,Quetta,Balochistan,CNG,211.84,88.71,18792.33,Credit Card,Government
TXN-20250191,2026-06-30,Attock Petroleum Quetta Khyber Pass Pump,Attock Petroleum,Quetta,Balochistan,CNG,216.08,74.11,16013.69,JazzCash,Corporate Fleet
TXN-20250192,2026-07-08,Shell Lahore Karsaz Service Station,Shell,Lahore,Punjab,Hi-Octane (97 Ron),323.77,112.2,36326.99,credit card,Individual
TXN-20250193,2026-08-31,PSO Peshawar Lytton Road Pump,PSO,Peshawar,KPK,Hi-Octane (97 Ron),308.65,18.26,5635.95,Credit Card,individual
TXN-20250194,2026-06-01,Attock Petroleum Peshawar Saddar Filling Station,Attock Petroleum,Peshawar,KPK,Super (92 Ron),260.07,90.31,23486.92,cash,Agriculture
TXN-20250195,2025-07-04,Attock Petroleum Faisalabad Saddar Filling Station,Attock Petroleum,Faisalabad,Punjab,Hi-Octane (97 Ron),328.08,105.77,34701.02,Mobile Wallet,Corporate
TXN-20250196,2026-07-11,Total Parco Rawalpindi Jail Road Petrol Pump,Total Parco,Rawalpindi,Punjab,Super (92 Ron),272.8,108.37,29563.34,CASH,Individual
TXN-20250197,2025-06-10,Total Parco Peshawar Shahrah-e-Faisal Point,Total Parco,Peshawar,KPK,CNG,213.58,64.42,13758.82,Credit Card,Agriculture
TXN-20250198,2025-02-20,Cnergyico Quetta Hub River Road Pump,Cnergyico,Quetta,Balochistan,Super (92 Ron),264.5,6714.58,1776006.41,cash,Agriculture
TXN-20250199,2025-07-04,Hascol Lahore Ferozepur Road Pump,Hascol,Lahore,Punjab,Hi-Octane (97 Ron),313.88,43.63,13694.58,Fleet Card,Corporate Fleet
TXN-20250200,2026-03-04,Cnergyico Karachi Multan Road Filling Point,Cnergyico,Karachi,Sindh,High Speed Diesel,295.63,85.79,25362.1,Mobile Wallet,Corporate
TXN-20250201,2025-06-05,PSO Lahore Defence Filling Point,PSO,Lahore,Punjab,Hi-Octane (97 Ron),303.41,147.1,44631.61,credit card,individual
TXN-20250202,2025-06-25,Total Parco Islamabad G-11 Markaz Station,Total Parco,Islamabad,Islamabad ICT,High Speed Diesel,278.61,145.71,40596.26,CASH,Government
TXN-20250203,2025-09-22,Cnergyico Karachi Multan Road Filling Point,Cnergyico,Karachi,Sindh,Hi-Octane (97 Ron),321.16,135.77,43603.89,EasyPaisa,Government
TXN-20250204,2025-09-08,Attock Petroleum Quetta Industrial Area Pump,Attock Petroleum,Quetta,Balochistan,High Speed Diesel,285.19,12.42,3542.06,Credit Card,Individual
TXN-20250205,25/11/2025,PSO Rawalpindi GT Road Service,PSO,Rawalpindi,Punjab,Super (92 Ron),263.43,74.49,19622.9,Fleet Card,individual
TXN-20250206,28/06/2026,Cnergyico Peshawar Murree Road Station,Cnergyico,Peshawar,KPK,Super (92 Ron),270.83,55.47,15022.94,CASH,Individual
TXN-20250207,2025-05-26,Shell Lahore Karsaz Service Station,Shell,Lahore,Punjab,CNG,202.21,146.95,29714.76,Credit Card,Government
TXN-20250208,2025-07-03,Total Parco Peshawar Thokar Niaz Baig Station,Total Parco,Peshawar,KPK,CNG,208.27,71.02,14791.34,JazzCash,Corporate
TXN-20250209,2025-01-13,Cnergyico Quetta Multan Road Filling Point,Cnergyico,Quetta,Balochistan,High Speed Diesel,281.0,2151.77,604647.37,Credit Card,individual
TXN-20250210,2025-01-30,PSO Karachi Cantt Filling Point,PSO,Karachi,Sindh,High Speed Diesel,294.16,135.58,39882.21,Mobile Wallet,individual
TXN-20250211,2026-01-08,Hascol Islamabad Ferozepur Road Pump,Hascol,Islamabad,Islamabad ICT,Super (92 Ron),286.17,145.72,41700.69,JazzCash,Agriculture
TXN-20250212,2026-06-28,Hascol Multan Super Highway Station,Hascol,Multan,Punjab,High Speed Diesel,280.09,124.25,34801.18,EasyPaisa,Corporate Fleet
TXN-20250212,2026-06-28,Hascol Multan Super Highway Station,Hascol,Multan,Punjab,High Speed Diesel,280.09,124.25,34801.18,EasyPaisa,Corporate Fleet
TXN-20250213,2025-09-20,Shell Faisalabad University Road Pump,Shell,Faisalabad,Punjab,Super (92 Ron),-99.0,17.39,-1721.61,Debit Card,Corporate
TXN-20250213,2025-09-20,Shell Faisalabad University Road Pump,Shell,Faisalabad,Punjab,Super (92 Ron),-99.0,17.39,-1721.61,Debit Card,Corporate
TXN-20250214,2025-07-30,Attock Petroleum Peshawar Motorway Service Area,Attock Petroleum,Peshawar,KPK,CNG,207.84,11.79,2450.43,credit card,Government
TXN-20250215,2025-10-27,Attock Petroleum Peshawar Khyber Pass Pump,Attock Petroleum,Peshawar,KPK,Super (92 Ron),276.98,116.05,,Debit Card,Corporate Fleet
TXN-20250216,07-Jul-26,PSO Rawalpindi Blue Area Station,PSO,Rawalpindi,Punjab,CNG,209.32,37.52,7853.69,Debit Card,Individual
TXN-20250217,04/08/2025,Hascol Multan Super Highway Station,Hascol,Multan,Punjab,CNG,212.84,121.97,25960.09,Fleet Card,Individual
TXN-20250218,2026-06-04,Total Parco Rawalpindi Shahrah-e-Faisal Point,Total Parco,Rawalpindi,Punjab,High Speed Diesel,281.73,91.69,25831.82,CASH,Individual
TXN-20250219,2026-04-28,Total Parco Peshawar Jail Road Petrol Pump,Total Parco,Peshawar,KPK,CNG,203.8,18.43,,Fleet Card,Government
TXN-20250220,28-Jan-26,Shell Rawalpindi Gulberg Station,Shell,Rawalpindi,Punjab,CNG,217.14,53.72,,Debit Card,Individual
TXN-20250221,2025-05-11,PSO Multan Clifton Service Station,PSO,Multan,Punjab,Super (92 Ron),266.64,28.56,7615.24,JazzCash,Agriculture
TXN-20250222,2025-03-20,Total Parco Karachi Jail Road Petrol Pump,Total Parco,Karachi,Sindh,Hi-Octane (97 Ron),327.01,5655.24,1849320.03,Debit Card,individual
TXN-20250223,2026-05-23,Attock Petroleum Sialkot Motorway Service Area,Attock Petroleum,Sialkot,Punjab,CNG,214.78,83.28,17886.88,Mobile Wallet,Individual
TXN-20250224,01/03/2026,Cnergyico Islamabad Hub River Road Pump,Cnergyico,Islamabad,Islamabad ICT,Super (92 Ron),260.01,141.25,36726.41,Debit Card,Corporate
TXN-20250225,2026-02-20,PSO Faisalabad Lytton Road Pump,PSO,Faisalabad,Punjab,Hi-Octane (97 Ron),311.4,70.61,21987.95,CASH,individual
TXN-20250226,2026-06-15,PSO Rawalpindi Cantt Filling Point,PSO,Rawalpindi,Punjab,Super (92 Ron),275.8,18.72,5162.98,Credit Card,Corporate Fleet
TXN-20250227,2025-07-30,Hascol Faisalabad Super Highway Station,Hascol,Faisalabad,Punjab,CNG,212.33,90.55,19226.48,Cash,Government
TXN-20250228,2025-01-06,PSO Islamabad Blue Area Station,PSO,Islamabad,Islamabad ICT,Hi-Octane (97 Ron),321.63,111.41,35832.8,Mobile Wallet,Agriculture
TXN-20250229,2026-02-07,Shell Islamabad F-7 Markaz Pump,Shell,Islamabad,Islamabad ICT,CNG,204.11,,,EasyPaisa,Corporate Fleet
TXN-20250230,2025-02-23,PSO Multan Lytton Road Pump,PSO,Multan,Punjab,Super (92 Ron),271.44,68.42,18571.92,Cash,Individual
TXN-20250231,2025-07-09,PSO Faisalabad Blue Area Station,PSO,Faisalabad,Punjab,Super (92 Ron),264.08,149.41,39456.19,Fleet Card,individual
TXN-20250232,2026-01-08,Cnergyico Quetta Multan Road Filling Point,Cnergyico,Quetta,Balochistan,Hi-Octane (97 Ron),304.01,86.35,26251.26,Debit Card,Corporate Fleet
TXN-20250233,2025-03-02,PSO Faisalabad GT Road Service,PSO,Faisalabad,Punjab,Super (92 Ron),282.07,0.0,0.0,credit card,Agriculture
TXN-20250234,2025-02-24,Hascol Rawalpindi Hayatabad Filling Station,Hascol,Rawalpindi,Punjab,High Speed Diesel,286.62,130.34,37358.05,Cash,Corporate
TXN-20250235,2025-09-19,Hascol Sialkot Super Highway Station,Hascol,Sialkot,Punjab,Hi-Octane (97 Ron),313.49,96.57,30273.73,credit card,Agriculture
TXN-20250236,2025-06-23,Attock Petroleum Peshawar Motorway Service Area,Attock Petroleum,Peshawar,KPK,Hi-Octane (97 Ron),327.33,122.7,40163.39,Fleet Card,Government
TXN-20250237,19-Jun-25,Attock Petroleum Quetta Khyber Pass Pump,Attock Petroleum,Quetta,Balochistan,Super (92 Ron),282.35,6.63,1871.98,Credit Card,Individual
TXN-20250238,2025-11-27,Shell Multan F-7 Markaz Pump,Shell,Multan,Punjab,CNG,219.73,68.27,15000.97,EasyPaisa,Government
TXN-20250239,2025-03-13,Total Parco Sialkot Jail Road Petrol Pump,Total Parco,Sialkot,Punjab,CNG,219.54,123.06,27016.59,EasyPaisa,Government
TXN-20250240,2025-03-27,Total Parco Karachi G-11 Markaz Station,Total Parco,Karachi,Sindh,Hi-Octane (97 Ron),325.45,43.98,14313.29,EasyPaisa,Corporate
TXN-20250241,2025-03-06,Attock Petroleum Multan Khyber Pass Pump,Attock Petroleum,Multan,Punjab,High Speed Diesel,302.57,136.01,41152.55,CASH,Corporate Fleet
TXN-20250242,2025-10-03,Cnergyico Islamabad Murree Road Station,Cnergyico,Islamabad,Islamabad ICT,High Speed Diesel,275.07,12.37,3402.62,Cash,Corporate
TXN-20250243,2026-05-25,Attock Petroleum Faisalabad Industrial Area Pump,Attock Petroleum,Faisalabad,Punjab,High Speed Diesel,301.02,91.35,27498.18,EasyPaisa,Individual
TXN-20250244,2025-05-06,Total Parco Multan G-11 Markaz Station,Total Parco,Multan,Punjab,High Speed Diesel,290.76,95.31,27712.34,Credit Card,Agriculture
TXN-20250245,2026-08-13,Shell Quetta University Road Pump,Shell,Quetta,Balochistan,Super (92 Ron),267.88,146.34,39201.56,Cash,Individual
TXN-20250246,2026-02-09,Cnergyico Islamabad Multan Road Filling Point,Cnergyico,Islamabad,Islamabad ICT,Super (92 Ron),274.71,97.5,26784.22,cash,Agriculture
TXN-20250247,24/10/2025,Hascol Islamabad Super Highway Station,Hascol,Islamabad,Islamabad ICT,Super (92 Ron),280.75,34.54,9697.1,CASH,Individual
TXN-20250248,03/07/2025,PSO Multan Blue Area Station,PSO,Multan,Punjab,High Speed Diesel,283.79,57.06,,Debit Card,Agriculture
TXN-20250249,2026-06-03,Hascol Islamabad Ferozepur Road Pump,Hascol,Islamabad,Islamabad ICT,Super (92 Ron),263.59,6.99,1842.49,Mobile Wallet,Individual
TXN-20250250,2025-08-20,Shell Karachi Karsaz Service Station,Shell,Karachi,Sindh,CNG,216.43,11299.5,2445550.79,Debit Card,Government
TXN-20250251,2025-09-10,Shell Peshawar Mall Road Station,Shell,Peshawar,KPK,High Speed Diesel,277.57,120.05,33322.28,cash,Agriculture
TXN-20250252,05/04/2026,Total Parco Karachi Shahrah-e-Faisal Point,Total Parco,Karachi,Sindh,CNG,211.16,90.41,19090.98,JazzCash,individual
TXN-20250253,2025-09-11,Total Parco Islamabad G-11 Markaz Station,Total Parco,Islamabad,Islamabad ICT,Hi-Octane (97 Ron),299.48,89.17,26704.63,credit card,Corporate
TXN-20250254,2025-02-28,PSO Peshawar Lytton Road Pump,PSO,Peshawar,KPK,Super (92 Ron),277.11,80.8,22390.49,EasyPaisa,Corporate
TXN-20250255,2025-12-22,Total Parco Rawalpindi G-11 Markaz Station,Total Parco,Rawalpindi,Punjab,Super (92 Ron),272.43,28.63,7799.67,,Corporate
TXN-20250256,2026-03-02,Attock Petroleum Rawalpindi Saddar Filling Station,Attock Petroleum,Rawalpindi,Punjab,CNG,207.34,49.51,10265.4,,Corporate Fleet
TXN-20250257,2025-07-28,PSO Multan GT Road Service,PSO,Multan,Punjab,Hi-Octane (97 Ron),319.03,28.59,9121.07,Mobile Wallet,Individual
TXN-20250258,2025-08-04,Shell Multan University Road Pump,Shell,Multan,Punjab,CNG,200.13,87.87,17585.42,Fleet Card,individual
TXN-20250259,2025-05-21,PSO Islamabad Cantt Filling Point,PSO,Islamabad,Islamabad ICT,CNG,213.0,10.87,2315.31,cash,Agriculture
TXN-20250260,2025-01-01,Attock Petroleum Faisalabad Saddar Filling Station,Attock Petroleum,Faisalabad,Punjab,CNG,216.34,91.18,19725.88,Mobile Wallet,Individual
TXN-20250261,21/10/2025,Total Parco Rawalpindi Jail Road Petrol Pump,Total Parco,Rawalpindi,Punjab,Super (92 Ron),278.57,142.13,39593.15,Cash,Corporate
TXN-20250262,2025-06-15,Total Parco Peshawar Thokar Niaz Baig Station,Total Parco,Peshawar,KPK,CNG,201.38,16.64,3350.96,JazzCash,Government
TXN-20250263,2026-02-10,Shell Rawalpindi Mall Road Station,Shell,Rawalpindi,Punjab,Hi-Octane (97 Ron),297.52,9.49,2823.46,Debit Card,Corporate Fleet
TXN-20250264,2025-11-10,Attock Petroleum Sialkot Industrial Area Pump,Attock Petroleum,Sialkot,Punjab,Super (92 Ron),9999.0,43.31,433056.69,CASH,Corporate Fleet
TXN-20250265,24-May-25,Attock Petroleum Lahore Saddar Filling Station,Attock Petroleum,Lahore,Punjab,CNG,201.67,14.8,2984.72,credit card,Government
TXN-20250266,2025-06-27,Attock Petroleum Lahore Khyber Pass Pump,Attock Petroleum,Lahore,Punjab,Super (92 Ron),287.03,48.17,13826.24,Mobile Wallet,Government
TXN-20250267,2025-11-10,Total Parco Sialkot G-11 Markaz Station,Total Parco,Sialkot,Punjab,High Speed Diesel,303.76,61.59,18708.58,credit card,individual
TXN-20250268,2025-06-12,Shell Quetta Karsaz Service Station,Shell,Quetta,Balochistan,High Speed Diesel,290.88,43.8,12740.54,CASH,Agriculture
TXN-20250269,2025-11-18,PSO Lahore Cantt Filling Point,PSO,Lahore,Punjab,High Speed Diesel,9999.0,4558.08,45576241.92,EasyPaisa,Individual
TXN-20250270,03/07/2025,Hascol Rawalpindi Super Highway Station,Hascol,Rawalpindi,Punjab,Hi-Octane (97 Ron),314.96,38.71,12192.1,JazzCash,Individual
TXN-20250270,03/07/2025,Hascol Rawalpindi Super Highway Station,Hascol,Rawalpindi,Punjab,Hi-Octane (97 Ron),314.96,38.71,12192.1,JazzCash,Individual
TXN-20250271,2026-04-10,Hascol Peshawar Super Highway Station,Hascol,Peshawar,KPK,Hi-Octane (97 Ron),307.87,131.79,40574.19,Mobile Wallet,Corporate
TXN-20250272,2025-11-13,Attock Petroleum Multan Khyber Pass Pump,Attock Petroleum,Multan,Punjab,High Speed Diesel,293.19,0.0,0.0,Mobile Wallet,individual
TXN-20250273,2025-10-06,Hascol Multan Hayatabad Filling Station,Hascol,Multan,Punjab,Hi-Octane (97 Ron),325.16,98.94,32171.33,,Agriculture
TXN-20250274,2025-02-19,Total Parco Karachi Thokar Niaz Baig Station,Total Parco,Karachi,Sindh,High Speed Diesel,286.45,43.85,12560.83,JazzCash,Corporate Fleet
TXN-20250275,2025-01-24,Total Parco Islamabad G-11 Markaz Station,Total Parco,Islamabad,Islamabad ICT,High Speed Diesel,287.71,114.61,32974.44,EasyPaisa,Corporate Fleet
TXN-20250276,2025-06-07,Cnergyico Islamabad Multan Road Filling Point,Cnergyico,Islamabad,Islamabad ICT,CNG,206.3,38.07,7853.84,cash,Corporate
TXN-20250277,2025-12-10,PSO Islamabad Defence Filling Point,PSO,Islamabad,Islamabad ICT,CNG,204.33,70.49,,Debit Card,individual
TXN-20250278,2026-04-21,PSO Sialkot Blue Area Station,PSO,Sialkot,Punjab,CNG,217.78,149.26,32505.84,Mobile Wallet,Government
TXN-20250279,2026-02-18,Attock Petroleum Faisalabad Saddar Filling Station,Attock Petroleum,Faisalabad,Punjab,Hi-Octane (97 Ron),,49.16,,EasyPaisa,Agriculture
TXN-20250280,2025-08-23,Total Parco Rawalpindi G-11 Markaz Station,Total Parco,Rawalpindi,Punjab,CNG,215.11,100.27,,Mobile Wallet,Government
TXN-20250281,2025-09-06,Attock Petroleum Rawalpindi Khyber Pass Pump,Attock Petroleum,Rawalpindi,Punjab,Super (92 Ron),285.9,41.68,11916.31,credit card,Corporate Fleet
TXN-20250282,2025-03-24,PSO Faisalabad Clifton Service Station,PSO,Faisalabad,Punjab,Super (92 Ron),276.51,,,Fleet Card,individual
TXN-20250283,2025-08-04,PSO Quetta Cantt Filling Point,PSO,Quetta,Balochistan,Super (92 Ron),-99.0,115.44,-11428.56,cash,Corporate Fleet
TXN-20250284,2025-09-23,Total Parco Lahore Thokar Niaz Baig Station,Total Parco,Lahore,Punjab,Super (92 Ron),266.26,8677.78,2310545.7,JazzCash,Corporate Fleet
TXN-20250285,14/08/2025,Shell Sialkot Gulberg Station,Shell,Sialkot,Punjab,Hi-Octane (97 Ron),9999.0,6641.02,66403558.98,Cash,Individual
TXN-20250286,2026-01-10,Attock Petroleum Rawalpindi Khyber Pass Pump,Attock Petroleum,Rawalpindi,Punjab,High Speed Diesel,272.34,88.06,23982.26,JazzCash,Agriculture
TXN-20250287,2026-05-08,Cnergyico Islamabad Murree Road Station,Cnergyico,Islamabad,Islamabad ICT,Super (92 Ron),284.86,73.66,20982.79,CASH,Agriculture
TXN-20250288,2025-01-03,Hascol Quetta Hayatabad Filling Station,Hascol,Quetta,Balochistan,High Speed Diesel,298.59,80.68,24090.24,CASH,Government
TXN-20250289,2025-01-02,Attock Petroleum Multan Saddar Filling Station,Attock Petroleum,Multan,Punjab,Hi-Octane (97 Ron),303.07,51.33,15556.58,cash,Corporate
TXN-20250290,2026-07-01,Total Parco Islamabad Shahrah-e-Faisal Point,Total Parco,Islamabad,Islamabad ICT,Super (92 Ron),273.92,96.17,26342.89,credit card,Agriculture
TXN-20250291,2026-08-09,Shell Sialkot Mall Road Station,Shell,Sialkot,Punjab,CNG,201.19,146.43,29460.25,Cash,individual
TXN-20250292,2026-04-22,Shell Quetta F-7 Markaz Pump,Shell,Quetta,Balochistan,Super (92 Ron),281.89,60.09,16938.77,Cash,Corporate Fleet
TXN-20250293,2026-08-12,Shell Peshawar Gulberg Station,Shell,Peshawar,KPK,Super (92 Ron),289.49,99.19,28714.51,Cash,individual
TXN-20250294,2026-07-15,Shell Karachi Karsaz Service Station,Shell,Karachi,Sindh,High Speed Diesel,303.81,125.97,38270.95,CASH,Individual
TXN-20250295,2025-06-15,Hascol Rawalpindi Super Highway Station,Hascol,Rawalpindi,Punjab,High Speed Diesel,281.31,6.8,1912.91,Debit Card,Agriculture
TXN-20250296,2026-07-19,Cnergyico Karachi Murree Road Station,Cnergyico,Karachi,Sindh,Super (92 Ron),278.89,98.02,27336.8,credit card,Agriculture
TXN-20250297,18-May-26,PSO Rawalpindi Blue Area Station,PSO,Rawalpindi,Punjab,High Speed Diesel,290.45,36.54,,Mobile Wallet,Agriculture
TXN-20250298,2025-06-13,Attock Petroleum Faisalabad Motorway Service Area,Attock Petroleum,Faisalabad,Punjab,Super (92 Ron),279.38,23.61,6596.16,Credit Card,
TXN-20250299,14/05/2025,Shell Quetta Mall Road Station,Shell,Quetta,Balochistan,High Speed Diesel,273.24,68.1,18607.64,CASH,Corporate
TXN-20250300,2025-01-03,PSO Karachi GT Road Service,PSO,Karachi,Sindh,Hi-Octane (97 Ron),306.57,72.02,22079.17,EasyPaisa,individual
TXN-20250301,2025-04-17,Attock Petroleum Rawalpindi Industrial Area Pump,Attock Petroleum,Rawalpindi,Punjab,Hi-Octane (97 Ron),324.77,0.0,0.0,Cash,Individual
TXN-20250302,2025-03-16,Attock Petroleum Faisalabad Motorway Service Area,Attock Petroleum,Faisalabad,Punjab,Hi-Octane (97 Ron),316.09,59.27,,Cash,Corporate Fleet
TXN-20250303,15-Jul-26,Attock Petroleum Rawalpindi Industrial Area Pump,Attock Petroleum,Rawalpindi,Punjab,CNG,208.59,129.89,27093.76,,individual
TXN-20250304,2026-03-16,PSO Peshawar Blue Area Station,PSO,Peshawar,KPK,Super (92 Ron),279.26,136.06,37996.12,cash,Corporate
TXN-20250305,2026-06-19,Shell Islamabad Gulberg Station,Shell,Islamabad,Islamabad ICT,Hi-Octane (97 Ron),327.18,134.93,44146.4,Fleet Card,Government
TXN-20250306,2025-12-14,Attock Petroleum Karachi Khyber Pass Pump,Attock Petroleum,Karachi,Sindh,High Speed Diesel,280.42,108.12,30319.01,Mobile Wallet,Corporate Fleet
TXN-20250307,2025-10-28,Cnergyico Karachi Murree Road Station,Cnergyico,Karachi,Sindh,CNG,204.77,71.54,14649.25,Cash,Government
TXN-20250308,2026-06-03,PSO Rawalpindi Defence Filling Point,PSO,Rawalpindi,Punjab,High Speed Diesel,288.75,140.17,40474.09,Mobile Wallet,
TXN-20250309,2026-07-07,Attock Petroleum Lahore Motorway Service Area,Attock Petroleum,Lahore,Punjab,High Speed Diesel,283.05,80.13,22680.8,credit card,individual
TXN-20250310,2025-08-28,Hascol Faisalabad Super Highway Station,Hascol,Faisalabad,Punjab,High Speed Diesel,279.79,71.98,20139.28,Mobile Wallet,Corporate
TXN-20250311,2025-09-28,Total Parco Rawalpindi Jail Road Petrol Pump,Total Parco,Rawalpindi,Punjab,CNG,210.62,15.33,3228.8,EasyPaisa,Corporate Fleet
TXN-20250312,2025-08-30,PSO Rawalpindi GT Road Service,PSO,Rawalpindi,Punjab,CNG,202.2,36.1,7299.42,Mobile Wallet,Government
TXN-20250313,2025-11-22,Attock Petroleum Rawalpindi Khyber Pass Pump,Attock Petroleum,Rawalpindi,Punjab,CNG,200.38,86.68,17368.94,Cash,Corporate
TXN-20250314,2025-06-22,Cnergyico Quetta Hub River Road Pump,Cnergyico,Quetta,Balochistan,Super (92 Ron),289.0,68.66,19842.74,cash,Corporate
TXN-20250315,2025-02-07,Cnergyico Karachi Multan Road Filling Point,Cnergyico,Karachi,Sindh,High Speed Diesel,302.69,81.18,24572.37,Credit Card,Agriculture
TXN-20250316,2026-02-04,Attock Petroleum Rawalpindi Motorway Service Area,Attock Petroleum,Rawalpindi,Punjab,CNG,208.0,95.75,19916.0,Debit Card,Corporate
TXN-20250317,2025-06-15,Hascol Islamabad Hayatabad Filling Station,Hascol,Islamabad,Islamabad ICT,High Speed Diesel,298.04,121.12,,JazzCash,Agriculture
TXN-20250318,2026-05-04,Cnergyico Quetta Murree Road Station,Cnergyico,Quetta,Balochistan,Hi-Octane (97 Ron),297.22,7.99,2374.79,Fleet Card,individual
TXN-20250319,2026-06-13,Total Parco Peshawar Shahrah-e-Faisal Point,Total Parco,Peshawar,KPK,Super (92 Ron),284.27,48.93,13909.33,cash,Government
TXN-20250320,2026-05-12,Total Parco Islamabad Thokar Niaz Baig Station,Total Parco,Islamabad,Islamabad ICT,High Speed Diesel,282.84,148.35,,Mobile Wallet,Agriculture
TXN-20250321,2025-05-28,Total Parco Quetta Jail Road Petrol Pump,Total Parco,Quetta,Balochistan,High Speed Diesel,284.46,142.1,40421.77,Debit Card,Government
TXN-20250322,2025-10-28,Cnergyico Faisalabad Multan Road Filling Point,Cnergyico,Faisalabad,Punjab,CNG,202.17,6.18,1249.41,JazzCash,Agriculture
TXN-20250323,27/04/2025,PSO Faisalabad Lytton Road Pump,PSO,Faisalabad,Punjab,Super (92 Ron),267.5,122.56,32784.8,Credit Card,Agriculture
TXN-20250324,12/12/2025,Shell Rawalpindi Mall Road Station,Shell,Rawalpindi,Punjab,Hi-Octane (97 Ron),325.73,53.6,17459.13,EasyPaisa,Corporate
TXN-20250325,06-Mar-26,Shell Rawalpindi Karsaz Service Station,Shell,Rawalpindi,Punjab,CNG,216.14,126.42,27324.42,EasyPaisa,individual
TXN-20250326,2025-04-09,Attock Petroleum Multan Khyber Pass Pump,Attock Petroleum,Multan,Punjab,CNG,218.77,16.32,3570.33,Debit Card,individual
TXN-20250327,27-Apr-26,Total Parco Islamabad G-11 Markaz Station,Total Parco,Islamabad,Islamabad ICT,High Speed Diesel,270.85,64.31,17418.36,Cash,Individual
TXN-20250328,2025-06-07,Shell Peshawar F-7 Markaz Pump,Shell,Peshawar,KPK,High Speed Diesel,275.88,70.04,19322.64,JazzCash,Individual
TXN-20250329,17-Aug-26,Total Parco Lahore G-11 Markaz Station,Total Parco,Lahore,Punjab,CNG,219.6,44.13,9690.95,Cash,Corporate
TXN-20250330,2025-11-07,Cnergyico Quetta Hub River Road Pump,Cnergyico,Quetta,Balochistan,Hi-Octane (97 Ron),305.9,61.14,18702.73,Cash,Individual
TXN-20250331,2026-05-31,Hascol Sialkot Hayatabad Filling Station,Hascol,Sialkot,Punjab,CNG,213.67,68.9,14721.86,Mobile Wallet,Individual
TXN-20250332,2026-08-19,Hascol Lahore Ferozepur Road Pump,Hascol,Lahore,Punjab,CNG,204.1,47.95,9786.6,Credit Card,Corporate
TXN-20250333,2026-08-26,Shell Sialkot F-7 Markaz Pump,Shell,Sialkot,Punjab,Hi-Octane (97 Ron),305.4,45.48,13889.59,Debit Card,Agriculture
TXN-20250334,2025-01-06,Total Parco Sialkot G-11 Markaz Station,Total Parco,Sialkot,Punjab,Hi-Octane (97 Ron),304.71,120.07,36586.53,Mobile Wallet,Corporate
TXN-20250335,2026-02-16,Attock Petroleum Multan Motorway Service Area,Attock Petroleum,Multan,Punjab,Super (92 Ron),263.68,555.93,146587.62,credit card,individual
TXN-20250336,13-May-25,Total Parco Multan Jail Road Petrol Pump,Total Parco,Multan,Punjab,CNG,207.76,10.03,2083.83,EasyPaisa,Individual
TXN-20250337,2025-10-05,Attock Petroleum Karachi Motorway Service Area,Attock Petroleum,Karachi,Sindh,CNG,202.93,140.61,28533.99,Credit Card,Government
TXN-20250338,21-May-26,PSO Multan Lytton Road Pump,PSO,Multan,Punjab,CNG,219.11,115.13,25226.13,credit card,Corporate Fleet
TXN-20250339,2025-11-08,Attock Petroleum Karachi Motorway Service Area,Attock Petroleum,Karachi,Sindh,Super (92 Ron),261.86,7869.15,2060615.62,CASH,individual
TXN-20250340,2026-04-23,Cnergyico Rawalpindi Multan Road Filling Point,Cnergyico,Rawalpindi,Punjab,Super (92 Ron),282.56,80.93,22867.58,EasyPaisa,individual
TXN-20250341,07-Aug-26,Attock Petroleum Islamabad Motorway Service Area,Attock Petroleum,Islamabad,Islamabad ICT,Super (92 Ron),278.35,6400.61,1781609.79,credit card,Agriculture
TXN-20250342,2026-08-20,Cnergyico Faisalabad Multan Road Filling Point,Cnergyico,Faisalabad,Punjab,CNG,219.89,17.46,3839.28,Mobile Wallet,Agriculture
TXN-20250343,2025-12-18,Attock Petroleum Multan Industrial Area Pump,Attock Petroleum,Multan,Punjab,Super (92 Ron),277.34,106.53,29545.03,Fleet Card,Corporate
TXN-20250344,07-Apr-26,PSO Multan Lytton Road Pump,PSO,Multan,Punjab,Super (92 Ron),,10.33,,Debit Card,Corporate
TXN-20250345,2026-06-11,Cnergyico Quetta Hub River Road Pump,Cnergyico,Quetta,Balochistan,CNG,202.06,25.64,5180.82,Fleet Card,Individual
TXN-20250346,2026-03-06,Attock Petroleum Islamabad Khyber Pass Pump,Attock Petroleum,Islamabad,Islamabad ICT,Hi-Octane (97 Ron),305.33,85.99,26255.33,Fleet Card,Individual
TXN-20250347,20/05/2025,Shell Peshawar University Road Pump,Shell,Peshawar,KPK,CNG,209.87,45.41,9530.2,Cash,Government
TXN-20250348,2026-08-19,Cnergyico Faisalabad Hub River Road Pump,Cnergyico,Faisalabad,Punjab,Hi-Octane (97 Ron),327.48,146.39,47939.8,Mobile Wallet,Individual
TXN-20250349,2025-02-10,Shell Rawalpindi Mall Road Station,Shell,Rawalpindi,Punjab,Super (92 Ron),287.1,20.46,5874.07,Fleet Card,Government
TXN-20250350,2026-03-02,Attock Petroleum Rawalpindi Motorway Service Area,Attock Petroleum,Rawalpindi,Punjab,Hi-Octane (97 Ron),317.87,55.99,17797.54,Debit Card,Government
TXN-20250351,2025-04-04,PSO Islamabad Lytton Road Pump,PSO,Islamabad,Islamabad ICT,Super (92 Ron),262.34,85.83,22516.64,Mobile Wallet,individual
TXN-20250352,09-Nov-25,Shell Karachi Mall Road Station,Shell,Karachi,Sindh,Hi-Octane (97 Ron),321.08,131.03,42071.11,Credit Card,Individual
TXN-20250353,2025-07-04,PSO Quetta Cantt Filling Point,PSO,Quetta,Balochistan,Hi-Octane (97 Ron),302.65,147.73,44710.48,cash,Individual
TXN-20250354,2026-03-16,Shell Islamabad Mall Road Station,Shell,Islamabad,Islamabad ICT,Super (92 Ron),268.25,41.73,11194.07,cash,Corporate
TXN-20250355,2025-08-26,PSO Quetta Cantt Filling Point,PSO,Quetta,Balochistan,CNG,211.01,4552.47,960616.69,CASH,Government
TXN-20250355,2025-08-26,PSO Quetta Cantt Filling Point,PSO,Quetta,Balochistan,CNG,211.01,4552.47,960616.69,CASH,Government
TXN-20250356,2026-05-27,Hascol Multan Ferozepur Road Pump,Hascol,Multan,Punjab,CNG,214.64,44.77,9609.43,JazzCash,individual
TXN-20250357,2025-06-26,Total Parco Sialkot Thokar Niaz Baig Station,Total Parco,Sialkot,Punjab,CNG,211.04,19.36,4085.73,CASH,Government
TXN-20250358,2025-08-19,PSO Islamabad Lytton Road Pump,PSO,Islamabad,Islamabad ICT,Super (92 Ron),273.8,8929.53,2444905.31,CASH,Government
TXN-20250359,2025-12-27,Shell Faisalabad Karsaz Service Station,Shell,Faisalabad,Punjab,High Speed Diesel,293.56,139.65,40995.65,JazzCash,Government
TXN-20250360,2025-02-08,Shell Karachi F-7 Markaz Pump,Shell,Karachi,Sindh,Hi-Octane (97 Ron),302.12,1394.99,421454.38,Debit Card,Government
TXN-20250361,2025-11-24,Shell Lahore University Road Pump,Shell,Lahore,Punjab,CNG,213.91,14.95,3197.95,Credit Card,Corporate
TXN-20250362,2026-05-29,PSO Lahore Cantt Filling Point,PSO,Lahore,Punjab,CNG,212.37,50.74,10775.65,EasyPaisa,Corporate
TXN-20250363,2025-08-30,Hascol Faisalabad Hayatabad Filling Station,Hascol,Faisalabad,Punjab,Hi-Octane (97 Ron),321.82,60.08,19334.95,EasyPaisa,Corporate Fleet
TXN-20250364,03-Nov-25,Hascol Lahore Super Highway Station,Hascol,Lahore,Punjab,Super (92 Ron),9999.0,117.82,1178082.18,Fleet Card,Individual
TXN-20250365,28/11/2025,Total Parco Rawalpindi G-11 Markaz Station,Total Parco,Rawalpindi,Punjab,Hi-Octane (97 Ron),324.67,65.44,21246.4,,Corporate
TXN-20250366,01-Jul-26,Shell Rawalpindi University Road Pump,Shell,Rawalpindi,Punjab,High Speed Diesel,286.55,55.41,15877.74,Mobile Wallet,Government
TXN-20250367,2026-04-25,Cnergyico Faisalabad Multan Road Filling Point,Cnergyico,Faisalabad,Punjab,CNG,218.09,113.0,24644.17,credit card,Individual
TXN-20250368,2025-01-05,Cnergyico Lahore Murree Road Station,Cnergyico,Lahore,Punjab,High Speed Diesel,296.5,17.14,5082.01,cash,Corporate
TXN-20250369,2026-04-04,Hascol Faisalabad Super Highway Station,Hascol,Faisalabad,Punjab,CNG,201.27,122.5,24655.58,Debit Card,Government
TXN-20250370,2026-07-24,Hascol Multan Ferozepur Road Pump,Hascol,Multan,Punjab,Super (92 Ron),278.42,12.32,3430.13,Fleet Card,Agriculture
TXN-20250371,06-Jun-25,Cnergyico Lahore Multan Road Filling Point,Cnergyico,Lahore,Punjab,Hi-Octane (97 Ron),302.0,43.3,13076.6,credit card,individual
TXN-20250372,30/07/2026,PSO Lahore GT Road Service,PSO,Lahore,Punjab,Hi-Octane (97 Ron),325.3,19.48,6336.84,Debit Card,Corporate Fleet
TXN-20250373,2026-06-08,PSO Lahore Defence Filling Point,PSO,Lahore,Punjab,Super (92 Ron),263.52,0.0,0.0,cash,Agriculture
TXN-20250374,21-Jun-25,Attock Petroleum Lahore Industrial Area Pump,Attock Petroleum,Lahore,Punjab,Hi-Octane (97 Ron),315.67,9022.54,2848145.2,Cash,individual
TXN-20250375,2026-08-14,Hascol Islamabad Hayatabad Filling Station,Hascol,Islamabad,Islamabad ICT,Hi-Octane (97 Ron),311.75,71.86,22402.35,,individual
TXN-20250376,2025-07-09,Shell Peshawar Gulberg Station,Shell,Peshawar,KPK,High Speed Diesel,288.75,48.59,14030.36,Mobile Wallet,individual
TXN-20250377,2026-05-09,PSO Multan Clifton Service Station,PSO,Multan,Punjab,CNG,214.32,117.51,25184.74,JazzCash,Corporate
TXN-20250378,26-Feb-26,Hascol Quetta Hayatabad Filling Station,Hascol,Quetta,Balochistan,Super (92 Ron),278.83,21.9,6106.38,Credit Card,Individual
TXN-20250379,2025-07-09,Hascol Lahore Hayatabad Filling Station,Hascol,Lahore,Punjab,Hi-Octane (97 Ron),300.94,129.49,38968.72,Mobile Wallet,individual
TXN-20250380,2025-06-20,PSO Sialkot Clifton Service Station,PSO,Sialkot,Punjab,Super (92 Ron),264.67,38.88,10290.37,credit card,Individual
TXN-20250381,2025-04-15,PSO Rawalpindi Defence Filling Point,PSO,Rawalpindi,Punjab,Super (92 Ron),282.71,4310.32,1218570.57,cash,Corporate Fleet
TXN-20250382,2025-03-08,PSO Multan Cantt Filling Point,PSO,Multan,Punjab,CNG,206.34,43.36,8946.9,Fleet Card,Government
TXN-20250383,2026-02-09,Total Parco Faisalabad Shahrah-e-Faisal Point,Total Parco,Faisalabad,Punjab,Super (92 Ron),284.86,,,EasyPaisa,individual
TXN-20250383,2026-02-09,Total Parco Faisalabad Shahrah-e-Faisal Point,Total Parco,Faisalabad,Punjab,Super (92 Ron),284.86,,,EasyPaisa,individual
TXN-20250384,2026-08-20,Attock Petroleum Islamabad Motorway Service Area,Attock Petroleum,Islamabad,Islamabad ICT,CNG,202.25,139.01,28114.77,credit card,Corporate Fleet
TXN-20250385,2026-08-06,Cnergyico Rawalpindi Multan Road Filling Point,Cnergyico,Rawalpindi,Punjab,Super (92 Ron),282.25,149.16,42100.41,Credit Card,individual
TXN-20250386,2025-05-02,PSO Karachi Cantt Filling Point,PSO,Karachi,Sindh,High Speed Diesel,286.63,5.6,1605.13,cash,Government
TXN-20250387,16-Mar-26,Hascol Quetta Super Highway Station,Hascol,Quetta,Balochistan,CNG,203.95,25.82,5265.99,Cash,Agriculture
TXN-20250388,2025-07-04,Hascol Sialkot Super Highway Station,Hascol,Sialkot,Punjab,CNG,218.34,122.37,26718.27,EasyPaisa,Corporate
TXN-20250389,2025-12-23,Hascol Lahore Ferozepur Road Pump,Hascol,Lahore,Punjab,High Speed Diesel,300.29,10030.65,3012103.89,EasyPaisa,Corporate Fleet
TXN-20250390,03/03/2025,Cnergyico Islamabad Hub River Road Pump,Cnergyico,Islamabad,Islamabad ICT,Super (92 Ron),274.94,42.7,11739.94,Debit Card,Individual
TXN-20250391,2026-03-06,Attock Petroleum Islamabad Motorway Service Area,Attock Petroleum,Islamabad,Islamabad ICT,CNG,210.57,,,Credit Card,individual
TXN-20250392,2026-08-25,Attock Petroleum Rawalpindi Saddar Filling Station,Attock Petroleum,Rawalpindi,Punjab,Super (92 Ron),275.69,34.57,9530.6,Cash,Government
TXN-20250393,29/03/2025,Cnergyico Karachi Hub River Road Pump,Cnergyico,Karachi,Sindh,Super (92 Ron),269.87,137.76,37177.29,JazzCash,Government
TXN-20250394,2025-10-30,Cnergyico Karachi Murree Road Station,Cnergyico,Karachi,Sindh,Hi-Octane (97 Ron),297.49,16.37,4869.91,Fleet Card,Government
TXN-20250395,2025-01-26,PSO Islamabad Cantt Filling Point,PSO,Islamabad,Islamabad ICT,Super (92 Ron),270.54,125.07,33836.44,Cash,Corporate
TXN-20250396,24/05/2025,Total Parco Lahore Shahrah-e-Faisal Point,Total Parco,Lahore,Punjab,Super (92 Ron),283.94,93.77,26625.05,Mobile Wallet,individual
TXN-20250397,27-Jun-25,PSO Multan Blue Area Station,PSO,Multan,Punjab,High Speed Diesel,274.59,,,Fleet Card,individual
TXN-20250398,2025-08-04,PSO Quetta Clifton Service Station,PSO,Quetta,Balochistan,High Speed Diesel,286.68,4411.74,1264757.62,EasyPaisa,Government
TXN-20250399,2025-04-12,Total Parco Sialkot Shahrah-e-Faisal Point,Total Parco,Sialkot,Punjab,CNG,212.4,90.63,19249.81,credit card,Corporate Fleet
TXN-20250399,2025-04-12,Total Parco Sialkot Shahrah-e-Faisal Point,Total Parco,Sialkot,Punjab,CNG,212.4,90.63,19249.81,credit card,Corporate Fleet
TXN-20250400,2026-06-25,Hascol Sialkot Super Highway Station,Hascol,Sialkot,Punjab,Super (92 Ron),267.8,108.74,29120.57,Credit Card,Government
TXN-20250401,19/02/2025,Hascol Sialkot Ferozepur Road Pump,Hascol,Sialkot,Punjab,Hi-Octane (97 Ron),326.04,126.87,41364.69,Debit Card,Corporate Fleet
TXN-20250402,2026-05-29,Cnergyico Quetta Hub River Road Pump,Cnergyico,Quetta,Balochistan,Hi-Octane (97 Ron),305.55,8.19,2502.45,CASH,
TXN-20250403,09/01/2026,Shell Karachi Gulberg Station,Shell,Karachi,Sindh,Hi-Octane (97 Ron),299.51,125.84,37690.34,cash,Government
TXN-20250404,2026-07-06,Total Parco Faisalabad Shahrah-e-Faisal Point,Total Parco,Faisalabad,Punjab,CNG,219.67,143.25,31467.73,credit card,Corporate
TXN-20250405,2025-03-18,Attock Petroleum Lahore Khyber Pass Pump,Attock Petroleum,Lahore,Punjab,CNG,208.93,33.33,6963.64,CASH,Agriculture
TXN-20250406,2025-11-13,PSO Islamabad GT Road Service,PSO,Islamabad,Islamabad ICT,Super (92 Ron),267.96,73.05,19574.48,Debit Card,Individual
TXN-20250407,2025-07-04,Attock Petroleum Multan Khyber Pass Pump,Attock Petroleum,Multan,Punjab,High Speed Diesel,296.23,47.8,14159.79,Credit Card,Corporate
TXN-20250408,2026-02-09,Hascol Faisalabad Super Highway Station,Hascol,Faisalabad,Punjab,Hi-Octane (97 Ron),303.61,14.98,4548.08,Mobile Wallet,Individual
TXN-20250408,2026-02-09,Hascol Faisalabad Super Highway Station,Hascol,Faisalabad,Punjab,Hi-Octane (97 Ron),303.61,14.98,4548.08,Mobile Wallet,Individual
TXN-20250409,2025-09-04,Hascol Multan Hayatabad Filling Station,Hascol,Multan,Punjab,High Speed Diesel,282.41,73.39,20726.07,Mobile Wallet,Individual
TXN-20250410,2026-01-19,Attock Petroleum Quetta Industrial Area Pump,Attock Petroleum,Quetta,Balochistan,Super (92 Ron),270.35,66.93,18094.53,EasyPaisa,Individual
TXN-20250411,2025-06-07,PSO Multan Defence Filling Point,PSO,Multan,Punjab,Hi-Octane (97 Ron),326.37,16.2,5287.19,Credit Card,Corporate
TXN-20250412,2025-07-17,PSO Islamabad Defence Filling Point,PSO,Islamabad,Islamabad ICT,Hi-Octane (97 Ron),310.43,82.89,25731.54,Cash,individual
TXN-20250413,2025-10-24,Hascol Faisalabad Ferozepur Road Pump,Hascol,Faisalabad,Punjab,High Speed Diesel,274.91,117.33,32255.19,cash,Agriculture
TXN-20250414,17-Jun-26,Cnergyico Sialkot Multan Road Filling Point,Cnergyico,Sialkot,Punjab,Hi-Octane (97 Ron),313.28,81.09,25403.88,Debit Card,Agriculture
TXN-20250415,2025-04-07,Shell Quetta Mall Road Station,Shell,Quetta,Balochistan,CNG,212.11,145.96,30959.58,Fleet Card,Individual
TXN-20250416,03/05/2026,Shell Islamabad F-7 Markaz Pump,Shell,Islamabad,Islamabad ICT,Hi-Octane (97 Ron),303.52,57.09,17327.96,Debit Card,individual
TXN-20250417,2025-05-15,Hascol Peshawar Hayatabad Filling Station,Hascol,Peshawar,KPK,High Speed Diesel,-99.0,29.78,-2948.22,credit card,Agriculture
TXN-20250418,2026-07-15,Shell Rawalpindi Gulberg Station,Shell,Rawalpindi,Punjab,High Speed Diesel,271.47,90.42,24546.32,Credit Card,individual
TXN-20250419,2026-03-16,Cnergyico Quetta Hub River Road Pump,Cnergyico,Quetta,Balochistan,Hi-Octane (97 Ron),322.98,,,credit card,Corporate
TXN-20250420,2026-05-27,Cnergyico Multan Multan Road Filling Point,Cnergyico,Multan,Punjab,CNG,210.84,44.95,9477.26,Debit Card,Government
TXN-20250421,19-Jan-26,Cnergyico Peshawar Murree Road Station,Cnergyico,Peshawar,KPK,CNG,211.18,53.39,11274.9,Debit Card,individual
TXN-20250422,2025-05-20,PSO Multan Blue Area Station,PSO,Multan,Punjab,CNG,218.25,48.52,10589.49,EasyPaisa,Corporate
TXN-20250423,2025-08-31,Total Parco Rawalpindi Jail Road Petrol Pump,Total Parco,Rawalpindi,Punjab,Super (92 Ron),260.06,1923.11,500123.99,JazzCash,Corporate
TXN-20250424,10/05/2026,PSO Peshawar Lytton Road Pump,PSO,Peshawar,KPK,CNG,207.37,95.29,19760.29,Fleet Card,Individual
TXN-20250424,10/05/2026,PSO Peshawar Lytton Road Pump,PSO,Peshawar,KPK,CNG,207.37,95.29,19760.29,Fleet Card,Individual
TXN-20250425,19-Jul-25,Hascol Islamabad Super Highway Station,Hascol,Islamabad,Islamabad ICT,Super (92 Ron),287.36,144.76,41598.23,credit card,Corporate Fleet
TXN-20250426,2026-07-15,PSO Peshawar Lytton Road Pump,PSO,Peshawar,KPK,Super (92 Ron),260.23,104.83,27279.91,Mobile Wallet,individual
TXN-20250427,2025-09-15,Shell Faisalabad University Road Pump,Shell,Faisalabad,Punjab,CNG,216.36,112.05,24243.14,EasyPaisa,Corporate Fleet
TXN-20250428,2025-01-28,Attock Petroleum Rawalpindi Industrial Area Pump,Attock Petroleum,Rawalpindi,Punjab,Super (92 Ron),262.49,28.59,7504.59,Debit Card,Agriculture
TXN-20250429,2026-03-23,Hascol Multan Hayatabad Filling Station,Hascol,Multan,Punjab,Super (92 Ron),280.72,149.53,41976.06,EasyPaisa,Government
TXN-20250430,2026-07-14,Total Parco Sialkot Thokar Niaz Baig Station,Total Parco,Sialkot,Punjab,Super (92 Ron),276.96,96.16,26632.47,CASH,Government
TXN-20250431,29/08/2025,Cnergyico Islamabad Hub River Road Pump,Cnergyico,Islamabad,Islamabad ICT,High Speed Diesel,282.95,11.54,3265.24,Fleet Card,Agriculture
TXN-20250432,24-Feb-26,Hascol Rawalpindi Super Highway Station,Hascol,Rawalpindi,Punjab,High Speed Diesel,302.41,8132.86,2459458.19,cash,Corporate
TXN-20250433,2026-03-11,Shell Lahore University Road Pump,Shell,Lahore,Punjab,Hi-Octane (97 Ron),309.58,0.0,0.0,CASH,Government
TXN-20250434,2026-05-17,Hascol Faisalabad Super Highway Station,Hascol,Faisalabad,Punjab,Super (92 Ron),285.05,101.24,28858.46,EasyPaisa,Agriculture
TXN-20250435,2025-06-26,Shell Multan F-7 Markaz Pump,Shell,Multan,Punjab,Super (92 Ron),275.02,100.3,27584.51,Debit Card,Individual
TXN-20250436,2026-07-06,Attock Petroleum Peshawar Khyber Pass Pump,Attock Petroleum,Peshawar,KPK,Super (92 Ron),263.52,78.02,20559.83,credit card,
TXN-20250437,2025-07-10,Cnergyico Sialkot Hub River Road Pump,Cnergyico,Sialkot,Punjab,Super (92 Ron),271.97,41.91,11398.26,JazzCash,Government
TXN-20250438,2025-06-27,Shell Faisalabad University Road Pump,Shell,Faisalabad,Punjab,CNG,213.27,91.8,19578.19,Credit Card,Government
TXN-20250439,2026-02-21,PSO Faisalabad GT Road Service,PSO,Faisalabad,Punjab,Super (92 Ron),286.77,5471.33,1569013.3,Mobile Wallet,Corporate
TXN-20250440,2025-09-03,PSO Faisalabad GT Road Service,PSO,Faisalabad,Punjab,High Speed Diesel,271.13,119.04,32275.32,Cash,Corporate
TXN-20250441,2025-08-11,PSO Lahore GT Road Service,PSO,Lahore,Punjab,CNG,214.75,21.37,4589.21,Fleet Card,Corporate
TXN-20250442,2025-04-18,Shell Lahore Karsaz Service Station,Shell,Lahore,Punjab,Hi-Octane (97 Ron),303.92,135.16,41077.83,CASH,Individual
TXN-20250443,2026-04-07,Cnergyico Peshawar Multan Road Filling Point,Cnergyico,Peshawar,KPK,Super (92 Ron),274.95,118.0,32444.1,Credit Card,Agriculture
TXN-20250444,2026-03-20,Hascol Lahore Ferozepur Road Pump,Hascol,Lahore,Punjab,Super (92 Ron),268.84,91.87,24698.33,cash,Government
TXN-20250445,2025-11-29,Cnergyico Peshawar Multan Road Filling Point,Cnergyico,Peshawar,KPK,Hi-Octane (97 Ron),327.42,33.05,10821.23,Credit Card,Corporate
TXN-20250446,2026-03-01,Hascol Rawalpindi Super Highway Station,Hascol,Rawalpindi,Punjab,CNG,218.01,3226.17,703337.32,Mobile Wallet,Agriculture
TXN-20250447,2026-07-13,PSO Karachi Defence Filling Point,PSO,Karachi,Sindh,High Speed Diesel,302.88,33.49,10143.45,cash,Individual
TXN-20250448,2026-05-23,Cnergyico Sialkot Murree Road Station,Cnergyico,Sialkot,Punjab,CNG,209.08,87.63,18321.68,Debit Card,Corporate
TXN-20250448,2026-05-23,Cnergyico Sialkot Murree Road Station,Cnergyico,Sialkot,Punjab,CNG,209.08,87.63,18321.68,Debit Card,Corporate
TXN-20250449,2025-06-12,Cnergyico Quetta Murree Road Station,Cnergyico,Quetta,Balochistan,Hi-Octane (97 Ron),299.43,8111.64,2428868.37,Credit Card,Agriculture
TXN-20250450,2026-03-21,PSO Islamabad Clifton Service Station,PSO,Islamabad,Islamabad ICT,CNG,207.85,38.33,7966.89,credit card,individual
TXN-20250451,2025-10-11,Hascol Multan Super Highway Station,Hascol,Multan,Punjab,Hi-Octane (97 Ron),320.21,26.14,8370.29,JazzCash,Corporate Fleet
TXN-20250452,2026-04-25,Cnergyico Islamabad Multan Road Filling Point,Cnergyico,Islamabad,Islamabad ICT,High Speed Diesel,294.95,134.06,39541.0,Mobile Wallet,Individual
TXN-20250453,2025-01-21,PSO Islamabad Cantt Filling Point,PSO,Islamabad,Islamabad ICT,CNG,204.31,132.17,27003.65,Fleet Card,individual
TXN-20250454,2026-04-11,Shell Quetta Karsaz Service Station,Shell,Quetta,Balochistan,Hi-Octane (97 Ron),297.04,129.95,38600.35,Mobile Wallet,Corporate
TXN-20250455,2026-08-21,Attock Petroleum Quetta Motorway Service Area,Attock Petroleum,Quetta,Balochistan,Hi-Octane (97 Ron),9999.0,125.15,1251374.85,Cash,Individual
TXN-20250456,2025-09-18,Total Parco Lahore Jail Road Petrol Pump,Total Parco,Lahore,Punjab,Hi-Octane (97 Ron),299.47,84.22,25221.36,cash,Government
TXN-20250457,2025-10-31,Shell Quetta Karsaz Service Station,Shell,Quetta,Balochistan,Hi-Octane (97 Ron),324.04,78.79,25531.11,Cash,Individual
TXN-20250458,2025-12-24,PSO Peshawar GT Road Service,PSO,Peshawar,KPK,Super (92 Ron),272.88,125.77,34320.12,JazzCash,individual
TXN-20250459,2025-12-09,Attock Petroleum Islamabad Motorway Service Area,Attock Petroleum,Islamabad,Islamabad ICT,Super (92 Ron),278.35,88.16,,EasyPaisa,Government
TXN-20250460,2025-07-30,PSO Peshawar Clifton Service Station,PSO,Peshawar,KPK,Super (92 Ron),280.63,0.0,,Mobile Wallet,Corporate Fleet
TXN-20250461,2026-08-29,Cnergyico Multan Hub River Road Pump,Cnergyico,Multan,Punjab,Super (92 Ron),281.57,46.42,13070.48,CASH,Individual
TXN-20250462,2025-06-24,Attock Petroleum Karachi Saddar Filling Station,Attock Petroleum,Karachi,Sindh,Super (92 Ron),261.13,11181.58,2919845.99,Credit Card,individual
TXN-20250463,2025-05-12,Shell Quetta F-7 Markaz Pump,Shell,Quetta,Balochistan,High Speed Diesel,271.03,87.18,23628.4,Mobile Wallet,
TXN-20250464,2026-01-05,Total Parco Rawalpindi Shahrah-e-Faisal Point,Total Parco,Rawalpindi,Punjab,High Speed Diesel,291.36,22.2,6468.19,JazzCash,Corporate
TXN-20250465,2025-07-11,Cnergyico Lahore Hub River Road Pump,Cnergyico,Lahore,Punjab,Super (92 Ron),271.45,15.08,4093.47,JazzCash,Individual
TXN-20250466,2026-08-27,Shell Multan Gulberg Station,Shell,Multan,Punjab,High Speed Diesel,277.15,25.57,7086.73,EasyPaisa,individual
TXN-20250467,2025-03-11,Shell Quetta Karsaz Service Station,Shell,Quetta,Balochistan,Super (92 Ron),271.25,6100.11,1654654.84,JazzCash,Corporate
TXN-20250468,2025-03-03,Cnergyico Quetta Hub River Road Pump,Cnergyico,Quetta,Balochistan,CNG,215.7,120.27,25942.24,JazzCash,Individual
TXN-20250469,2025-03-10,Cnergyico Quetta Hub River Road Pump,Cnergyico,Quetta,Balochistan,CNG,206.95,58.59,12125.2,Credit Card,Corporate Fleet
TXN-20250470,2025-07-03,Cnergyico Karachi Multan Road Filling Point,Cnergyico,Karachi,Sindh,High Speed Diesel,270.45,38.25,10344.71,Credit Card,Agriculture
TXN-20250471,2025-05-31,Cnergyico Lahore Multan Road Filling Point,Cnergyico,Lahore,Punjab,Super (92 Ron),287.41,122.4,35178.98,Fleet Card,Corporate Fleet
TXN-20250472,18-Jan-26,Attock Petroleum Multan Industrial Area Pump,Attock Petroleum,Multan,Punjab,High Speed Diesel,303.08,84.6,25640.57,Mobile Wallet,Government
TXN-20250473,17/02/2025,Shell Islamabad University Road Pump,Shell,Islamabad,Islamabad ICT,Super (92 Ron),270.31,98.25,26557.96,credit card,Individual
TXN-20250473,17/02/2025,Shell Islamabad University Road Pump,Shell,Islamabad,Islamabad ICT,Super (92 Ron),270.31,98.25,26557.96,credit card,Individual
TXN-20250474,2026-02-05,Hascol Multan Ferozepur Road Pump,Hascol,Multan,Punjab,Super (92 Ron),282.81,18.68,5282.89,cash,Agriculture
TXN-20250475,2026-03-17,Cnergyico Quetta Multan Road Filling Point,Cnergyico,Quetta,Balochistan,Super (92 Ron),272.31,38.9,10592.86,cash,Individual
TXN-20250476,2025-02-23,Shell Faisalabad Gulberg Station,Shell,Faisalabad,Punjab,Super (92 Ron),286.55,65.0,18625.75,,
TXN-20250477,2025-06-30,PSO Rawalpindi Cantt Filling Point,PSO,Rawalpindi,Punjab,CNG,217.9,58.39,12723.18,JazzCash,individual
TXN-20250478,2026-06-05,Cnergyico Faisalabad Hub River Road Pump,Cnergyico,Faisalabad,Punjab,CNG,211.72,128.38,27180.61,Credit Card,Government
TXN-20250479,14/09/2025,Attock Petroleum Multan Khyber Pass Pump,Attock Petroleum,Multan,Punjab,CNG,219.85,52.42,11524.54,Fleet Card,Government
TXN-20250480,21-Jul-25,PSO Karachi Defence Filling Point,PSO,Karachi,Sindh,Hi-Octane (97 Ron),301.65,142.7,,credit card,Corporate Fleet
TXN-20250481,2025-04-23,Cnergyico Sialkot Hub River Road Pump,Cnergyico,Sialkot,Punjab,Super (92 Ron),275.21,39.51,10873.55,Fleet Card,Government
TXN-20250482,2026-02-26,PSO Multan Blue Area Station,PSO,Multan,Punjab,Hi-Octane (97 Ron),300.38,94.64,28427.96,cash,Corporate Fleet
TXN-20250483,2026-08-16,Attock Petroleum Sialkot Saddar Filling Station,Attock Petroleum,Sialkot,Punjab,Super (92 Ron),264.42,114.39,30247.0,Credit Card,Corporate
TXN-20250484,2025-05-06,Total Parco Lahore Jail Road Petrol Pump,Total Parco,Lahore,Punjab,Super (92 Ron),286.62,143.41,41104.17,Mobile Wallet,Corporate
TXN-20250485,2025-02-06,Total Parco Rawalpindi Shahrah-e-Faisal Point,Total Parco,Rawalpindi,Punjab,Super (92 Ron),261.3,113.58,29678.45,EasyPaisa,Corporate
TXN-20250486,15-Jul-26,PSO Quetta Defence Filling Point,PSO,Quetta,Balochistan,CNG,201.45,72.8,14665.56,EasyPaisa,Corporate Fleet
TXN-20250487,2026-01-30,Hascol Sialkot Hayatabad Filling Station,Hascol,Sialkot,Punjab,High Speed Diesel,278.87,0.0,0.0,Fleet Card,Corporate
TXN-20250488,2025-09-13,Total Parco Peshawar Shahrah-e-Faisal Point,Total Parco,Peshawar,KPK,Hi-Octane (97 Ron),,32.31,,EasyPaisa,Agriculture
TXN-20250489,13-Jul-26,Shell Faisalabad University Road Pump,Shell,Faisalabad,Punjab,High Speed Diesel,,98.09,,Debit Card,Individual
TXN-20250490,2025-02-04,Hascol Lahore Hayatabad Filling Station,Hascol,Lahore,Punjab,Super (92 Ron),279.86,55.47,15523.83,CASH,individual
TXN-20250491,2026-04-06,PSO Karachi Lytton Road Pump,PSO,Karachi,Sindh,High Speed Diesel,277.87,136.87,38032.07,credit card,Corporate
TXN-20250492,2026-08-16,Total Parco Multan Thokar Niaz Baig Station,Total Parco,Multan,Punjab,Super (92 Ron),271.67,75.09,20399.7,Debit Card,Corporate Fleet
TXN-20250493,31-May-26,Shell Rawalpindi University Road Pump,Shell,Rawalpindi,Punjab,Hi-Octane (97 Ron),303.34,62.51,18961.78,,Individual
TXN-20250494,20-Mar-26,Total Parco Quetta G-11 Markaz Station,Total Parco,Quetta,Balochistan,Super (92 Ron),274.98,56.87,15638.11,Cash,Agriculture
TXN-20250495,2025-07-21,Total Parco Islamabad Shahrah-e-Faisal Point,Total Parco,Islamabad,Islamabad ICT,Super (92 Ron),9999.0,,,Fleet Card,individual
TXN-20250496,2025-03-12,Total Parco Islamabad G-11 Markaz Station,Total Parco,Islamabad,Islamabad ICT,High Speed Diesel,287.25,41.04,11788.74,cash,individual
TXN-20250497,2026-08-23,PSO Islamabad Clifton Service Station,PSO,Islamabad,Islamabad ICT,CNG,202.99,96.91,,EasyPaisa,Individual
TXN-20250498,01/01/2025,Hascol Rawalpindi Super Highway Station,Hascol,Rawalpindi,Punjab,High Speed Diesel,279.24,79.62,22233.09,cash,Government
TXN-20250499,2026-06-23,Shell Lahore Karsaz Service Station,Shell,Lahore,Punjab,Hi-Octane (97 Ron),303.13,31.33,9497.06,Credit Card,Individual
TXN-20250500,2025-05-09,Shell Faisalabad Mall Road Station,Shell,Faisalabad,Punjab,Hi-Octane (97 Ron),300.2,137.13,41166.43,JazzCash,Corporate Fleet
TXN-20250501,2025-09-21,Cnergyico Multan Multan Road Filling Point,Cnergyico,Multan,Punjab,High Speed Diesel,279.43,126.67,35395.4,EasyPaisa,Agriculture
TXN-20250502,2025-04-06,Hascol Islamabad Super Highway Station,Hascol,Islamabad,Islamabad ICT,High Speed Diesel,270.51,127.86,34587.41,Cash,Government
TXN-20250503,26-Nov-25,Cnergyico Lahore Murree Road Station,Cnergyico,Lahore,Punjab,Hi-Octane (97 Ron),295.12,10.92,3222.71,Mobile Wallet,individual
TXN-20250504,2025-07-25,Cnergyico Sialkot Murree Road Station,Cnergyico,Sialkot,Punjab,High Speed Diesel,279.47,45.93,12836.06,EasyPaisa,individual
TXN-20250505,25/08/2026,Shell Karachi Gulberg Station,Shell,Karachi,Sindh,CNG,213.24,80.28,17118.91,EasyPaisa,Government
TXN-20250506,2026-08-14,Hascol Islamabad Super Highway Station,Hascol,Islamabad,Islamabad ICT,CNG,204.91,79.55,16300.59,Mobile Wallet,individual
TXN-20250507,2026-05-17,Cnergyico Multan Murree Road Station,Cnergyico,Multan,Punjab,CNG,209.43,20.49,4291.22,Mobile Wallet,Corporate Fleet
TXN-20250508,2025-11-19,Hascol Multan Super Highway Station,Hascol,Multan,Punjab,High Speed Diesel,292.54,66.32,19401.25,cash,Corporate
TXN-20250509,2025-12-22,Shell Rawalpindi Mall Road Station,Shell,Rawalpindi,Punjab,Super (92 Ron),270.6,148.56,40200.34,Cash,Government
TXN-20250510,2026-07-23,Hascol Faisalabad Super Highway Station,Hascol,Faisalabad,Punjab,Super (92 Ron),277.56,122.79,34081.59,CASH,individual
TXN-20250511,06/02/2026,Attock Petroleum Lahore Motorway Service Area,Attock Petroleum,Lahore,Punjab,Hi-Octane (97 Ron),327.4,1899.25,621814.45,Cash,Government
TXN-20250512,03/02/2026,Shell Rawalpindi University Road Pump,Shell,Rawalpindi,Punjab,High Speed Diesel,294.0,96.6,28400.4,CASH,Government
TXN-20250513,2026-01-08,Attock Petroleum Peshawar Saddar Filling Station,Attock Petroleum,Peshawar,KPK,High Speed Diesel,280.5,59.87,,CASH,Individual
TXN-20250514,2026-08-09,Cnergyico Quetta Multan Road Filling Point,Cnergyico,Quetta,Balochistan,CNG,207.04,6.74,1395.45,credit card,Corporate
TXN-20250515,2025-01-07,PSO Rawalpindi Clifton Service Station,PSO,Rawalpindi,Punjab,High Speed Diesel,284.01,71.63,20343.64,cash,Corporate
TXN-20250516,2025-06-10,Cnergyico Sialkot Hub River Road Pump,Cnergyico,Sialkot,Punjab,Hi-Octane (97 Ron),314.43,41.53,13058.28,CASH,Corporate
TXN-20250517,2026-01-17,Cnergyico Quetta Multan Road Filling Point,Cnergyico,Quetta,Balochistan,Hi-Octane (97 Ron),296.04,,,Cash,Corporate Fleet
TXN-20250518,2026-04-07,PSO Sialkot Blue Area Station,PSO,Sialkot,Punjab,High Speed Diesel,275.03,1025.63,282079.02,JazzCash,individual
TXN-20250519,27/05/2026,Attock Petroleum Quetta Industrial Area Pump,Attock Petroleum,Quetta,Balochistan,CNG,211.35,2372.54,501436.33,Cash,individual
TXN-20250520,2026-08-27,Cnergyico Lahore Murree Road Station,Cnergyico,Lahore,Punjab,CNG,201.14,39.27,7898.77,JazzCash,Agriculture
TXN-20250521,2025-12-26,PSO Islamabad Clifton Service Station,PSO,Islamabad,Islamabad ICT,CNG,207.15,,,JazzCash,Individual
TXN-20250522,2025-05-30,Attock Petroleum Karachi Motorway Service Area,Attock Petroleum,Karachi,Sindh,High Speed Diesel,275.92,23.49,6481.36,Cash,Government
TXN-20250523,2025-12-15,Total Parco Karachi Shahrah-e-Faisal Point,Total Parco,Karachi,Sindh,Hi-Octane (97 Ron),317.72,6580.6,2090788.23,,Corporate
TXN-20250524,2025-07-23,Total Parco Karachi Shahrah-e-Faisal Point,Total Parco,Karachi,Sindh,High Speed Diesel,296.1,135.3,40062.33,Debit Card,individual
TXN-20250525,2026-04-10,Total Parco Karachi Jail Road Petrol Pump,Total Parco,Karachi,Sindh,Super (92 Ron),265.18,73.71,19546.42,JazzCash,individual
TXN-20250526,2025-10-02,Hascol Karachi Hayatabad Filling Station,Hascol,Karachi,Sindh,High Speed Diesel,303.61,9.88,2999.67,Fleet Card,Corporate
TXN-20250527,2025-09-14,Attock Petroleum Islamabad Saddar Filling Station,Attock Petroleum,Islamabad,Islamabad ICT,Super (92 Ron),288.58,85.57,24693.79,Cash,Government
TXN-20250528,2025-09-25,Hascol Faisalabad Ferozepur Road Pump,Hascol,Faisalabad,Punjab,Hi-Octane (97 Ron),305.07,95.22,29048.77,Fleet Card,Agriculture
TXN-20250529,2026-08-13,Shell Karachi F-7 Markaz Pump,Shell,Karachi,Sindh,Hi-Octane (97 Ron),314.94,122.2,38485.67,Debit Card,Corporate Fleet
TXN-20250530,2025-03-07,PSO Karachi Cantt Filling Point,PSO,Karachi,Sindh,Hi-Octane (97 Ron),308.63,41.98,12956.29,CASH,Corporate
TXN-20250531,2025-03-20,Attock Petroleum Multan Khyber Pass Pump,Attock Petroleum,Multan,Punjab,High Speed Diesel,281.18,98.4,27668.11,EasyPaisa,Corporate Fleet
TXN-20250532,2026-08-28,Attock Petroleum Peshawar Motorway Service Area,Attock Petroleum,Peshawar,KPK,Super (92 Ron),275.01,114.72,31549.15,JazzCash,Individual
TXN-20250533,2026-01-26,PSO Multan Defence Filling Point,PSO,Multan,Punjab,High Speed Diesel,299.16,87.81,26269.24,cash,Individual
TXN-20250534,31/05/2025,Total Parco Multan G-11 Markaz Station,Total Parco,Multan,Punjab,High Speed Diesel,273.39,10.9,2979.95,Credit Card,Government
TXN-20250535,2026-06-01,Cnergyico Peshawar Hub River Road Pump,Cnergyico,Peshawar,KPK,CNG,201.72,8.91,1797.33,CASH,Corporate Fleet
TXN-20250536,2026-03-19,Hascol Faisalabad Super Highway Station,Hascol,Faisalabad,Punjab,CNG,206.55,20.93,4323.09,CASH,Corporate Fleet
TXN-20250537,2025-10-26,Cnergyico Islamabad Hub River Road Pump,Cnergyico,Islamabad,Islamabad ICT,High Speed Diesel,292.17,126.71,37020.86,cash,Corporate
TXN-20250538,2025-06-24,Shell Multan Gulberg Station,Shell,Multan,Punjab,Hi-Octane (97 Ron),322.23,26.25,8458.54,JazzCash,individual
TXN-20250539,2025-09-26,Total Parco Karachi Jail Road Petrol Pump,Total Parco,Karachi,Sindh,CNG,207.37,127.2,26377.46,credit card,Individual
TXN-20250540,01-Aug-26,Attock Petroleum Lahore Khyber Pass Pump,Attock Petroleum,Lahore,Punjab,Super (92 Ron),266.18,49.41,13151.95,Credit Card,Corporate Fleet
TXN-20250541,21/03/2025,PSO Faisalabad Defence Filling Point,PSO,Faisalabad,Punjab,Hi-Octane (97 Ron),304.44,89.45,27232.16,Cash,Corporate Fleet
TXN-20250542,2025-06-28,Total Parco Islamabad Jail Road Petrol Pump,Total Parco,Islamabad,Islamabad ICT,Super (92 Ron),271.91,130.33,35438.03,CASH,Government
TXN-20250543,16/05/2025,Cnergyico Karachi Hub River Road Pump,Cnergyico,Karachi,Sindh,Hi-Octane (97 Ron),318.45,87.11,27740.18,Mobile Wallet,Individual
TXN-20250544,13-Apr-26,Hascol Sialkot Ferozepur Road Pump,Hascol,Sialkot,Punjab,CNG,211.83,146.9,31117.83,Mobile Wallet,Government
TXN-20250545,2026-06-04,Attock Petroleum Peshawar Khyber Pass Pump,Attock Petroleum,Peshawar,KPK,High Speed Diesel,301.27,110.87,33401.8,cash,Individual
TXN-20250546,2025-06-04,Shell Lahore Gulberg Station,Shell,Lahore,Punjab,Hi-Octane (97 Ron),309.62,24.21,7495.9,EasyPaisa,Government
TXN-20250547,2026-08-08,Shell Peshawar Karsaz Service Station,Shell,Peshawar,KPK,High Speed Diesel,283.43,4704.3,1333339.75,Cash,Individual
TXN-20250548,05-Jan-25,Attock Petroleum Peshawar Saddar Filling Station,Attock Petroleum,Peshawar,KPK,High Speed Diesel,283.28,76.89,21781.4,Cash,individual
TXN-20250549,2026-07-27,Cnergyico Sialkot Murree Road Station,Cnergyico,Sialkot,Punjab,Hi-Octane (97 Ron),307.44,140.16,43090.79,Cash,Government
TXN-20250550,2026-01-30,PSO Lahore Blue Area Station,PSO,Lahore,Punjab,CNG,9999.0,119.81,1197980.19,EasyPaisa,individual
TXN-20250551,2026-01-06,Hascol Faisalabad Ferozepur Road Pump,Hascol,Faisalabad,Punjab,Super (92 Ron),281.67,87.05,24519.37,cash,Agriculture
TXN-20250552,2025-06-19,Cnergyico Karachi Murree Road Station,Cnergyico,Karachi,Sindh,Hi-Octane (97 Ron),317.44,13.66,4336.23,Fleet Card,Agriculture
TXN-20250553,2026-07-11,Hascol Islamabad Super Highway Station,Hascol,Islamabad,Islamabad ICT,CNG,216.8,128.46,27850.13,Credit Card,Agriculture
TXN-20250554,28-Jun-26,Total Parco Islamabad Thokar Niaz Baig Station,Total Parco,Islamabad,Islamabad ICT,High Speed Diesel,295.59,18.84,5568.92,credit card,Corporate
TXN-20250555,05/06/2026,PSO Rawalpindi Cantt Filling Point,PSO,Rawalpindi,Punjab,Hi-Octane (97 Ron),295.67,7.3,2158.39,credit card,Individual
TXN-20250556,2025-09-11,PSO Lahore Defence Filling Point,PSO,Lahore,Punjab,Super (92 Ron),268.3,96.39,25861.44,EasyPaisa,Corporate Fleet
TXN-20250557,2026-03-01,Shell Multan Gulberg Station,Shell,Multan,Punjab,Hi-Octane (97 Ron),319.07,585.23,186729.34,Credit Card,Corporate
TXN-20250558,2025-05-13,PSO Sialkot GT Road Service,PSO,Sialkot,Punjab,Hi-Octane (97 Ron),328.22,67.39,22118.75,CASH,individual
TXN-20250559,2025-10-31,Shell Rawalpindi Karsaz Service Station,Shell,Rawalpindi,Punjab,Hi-Octane (97 Ron),309.66,6989.89,2164489.34,credit card,Corporate
TXN-20250560,2026-01-05,Cnergyico Islamabad Multan Road Filling Point,Cnergyico,Islamabad,Islamabad ICT,Super (92 Ron),284.84,43.38,12356.36,EasyPaisa,Agriculture
TXN-20250561,26-Mar-26,Hascol Karachi Ferozepur Road Pump,Hascol,Karachi,Sindh,CNG,218.24,91.57,19984.24,Cash,Corporate
TXN-20250562,2025-12-13,Attock Petroleum Faisalabad Khyber Pass Pump,Attock Petroleum,Faisalabad,Punjab,CNG,207.45,21.57,4474.7,Fleet Card,Government
TXN-20250563,2025-05-21,Shell Multan Karsaz Service Station,Shell,Multan,Punjab,Super (92 Ron),266.32,90.64,24139.24,Cash,Corporate
TXN-20250564,04/02/2025,Shell Multan University Road Pump,Shell,Multan,Punjab,Super (92 Ron),275.35,30.88,8502.81,EasyPaisa,Government
TXN-20250565,2025-09-11,Shell Karachi University Road Pump,Shell,Karachi,Sindh,High Speed Diesel,292.72,85.45,25012.92,EasyPaisa,Agriculture
TXN-20250566,2025-01-22,Shell Faisalabad Gulberg Station,Shell,Faisalabad,Punjab,High Speed Diesel,282.8,91.61,25907.31,credit card,individual
TXN-20250567,2025-10-19,Hascol Islamabad Ferozepur Road Pump,Hascol,Islamabad,Islamabad ICT,Hi-Octane (97 Ron),9999.0,,,credit card,Corporate Fleet
TXN-20250568,2025-01-21,Cnergyico Multan Hub River Road Pump,Cnergyico,Multan,Punjab,Super (92 Ron),279.64,6927.81,1937292.79,CASH,individual
TXN-20250569,2025-05-29,Attock Petroleum Multan Saddar Filling Station,Attock Petroleum,Multan,Punjab,Hi-Octane (97 Ron),302.97,2949.23,893528.21,Credit Card,Government
TXN-20250570,06/05/2026,Cnergyico Rawalpindi Murree Road Station,Cnergyico,Rawalpindi,Punjab,CNG,216.33,65.32,14130.68,Debit Card,individual
TXN-20250571,2025-01-30,Cnergyico Sialkot Hub River Road Pump,Cnergyico,Sialkot,Punjab,High Speed Diesel,292.93,51.91,15206.0,Mobile Wallet,Agriculture
TXN-20250572,2025-02-05,Shell Karachi Karsaz Service Station,Shell,Karachi,Sindh,Hi-Octane (97 Ron),305.91,46.18,14126.92,Mobile Wallet,Individual
TXN-20250573,2026-08-26,Hascol Karachi Hayatabad Filling Station,Hascol,Karachi,Sindh,CNG,210.8,35.59,7502.37,Fleet Card,Individual
TXN-20250574,2025-08-02,Attock Petroleum Rawalpindi Motorway Service Area,Attock Petroleum,Rawalpindi,Punjab,CNG,205.37,62.13,12759.64,Mobile Wallet,Individual
TXN-20250575,2026-03-22,Shell Karachi University Road Pump,Shell,Karachi,Sindh,CNG,212.24,60.96,12938.15,Cash,Corporate
TXN-20250576,2025-09-03,Hascol Rawalpindi Hayatabad Filling Station,Hascol,Rawalpindi,Punjab,High Speed Diesel,302.16,126.65,38268.56,Fleet Card,Corporate
TXN-20250577,2026-06-02,Cnergyico Sialkot Murree Road Station,Cnergyico,Sialkot,Punjab,CNG,207.64,17.12,3554.8,Cash,Corporate Fleet
TXN-20250578,2025-04-10,Cnergyico Islamabad Multan Road Filling Point,Cnergyico,Islamabad,Islamabad ICT,CNG,218.29,45.68,9971.49,cash,Agriculture
TXN-20250579,2025-01-25,PSO Lahore Clifton Service Station,PSO,Lahore,Punjab,CNG,203.78,11.31,2304.75,Cash,Individual
TXN-20250580,2026-07-15,Cnergyico Sialkot Hub River Road Pump,Cnergyico,Sialkot,Punjab,CNG,204.14,123.55,25221.5,CASH,Individual
TXN-20250581,24-Apr-26,Shell Quetta University Road Pump,Shell,Quetta,Balochistan,Hi-Octane (97 Ron),327.42,145.96,47790.22,Credit Card,Government
TXN-20250582,2025-12-16,Shell Karachi Karsaz Service Station,Shell,Karachi,Sindh,CNG,210.12,2866.46,602300.58,cash,Corporate
TXN-20250583,2025-07-24,Attock Petroleum Faisalabad Khyber Pass Pump,Attock Petroleum,Faisalabad,Punjab,Super (92 Ron),9999.0,47.76,477552.24,cash,Government
TXN-20250583,2025-07-24,Attock Petroleum Faisalabad Khyber Pass Pump,Attock Petroleum,Faisalabad,Punjab,Super (92 Ron),9999.0,47.76,477552.24,cash,Government
TXN-20250584,2026-01-06,Attock Petroleum Islamabad Industrial Area Pump,Attock Petroleum,Islamabad,Islamabad ICT,High Speed Diesel,303.11,1813.45,549674.83,,Corporate Fleet
TXN-20250585,2026-07-17,Attock Petroleum Lahore Motorway Service Area,Attock Petroleum,Lahore,Punjab,High Speed Diesel,292.71,50.43,,,Corporate Fleet
TXN-20250586,2026-01-30,PSO Quetta Defence Filling Point,PSO,Quetta,Balochistan,Hi-Octane (97 Ron),313.71,559.36,,CASH,Government
TXN-20250587,06-Apr-26,Hascol Islamabad Hayatabad Filling Station,Hascol,Islamabad,Islamabad ICT,CNG,207.99,119.52,24858.96,Fleet Card,Individual
TXN-20250588,25-Apr-26,PSO Lahore Lytton Road Pump,PSO,Lahore,Punjab,CNG,210.42,133.9,28175.24,Cash,Government
TXN-20250589,2026-08-04,Cnergyico Peshawar Murree Road Station,Cnergyico,Peshawar,KPK,CNG,217.69,7008.12,1525597.64,Cash,Corporate Fleet
TXN-20250590,2025-05-18,Hascol Karachi Hayatabad Filling Station,Hascol,Karachi,Sindh,Super (92 Ron),267.42,118.4,31662.53,cash,Government
TXN-20250591,2025-10-10,Hascol Islamabad Hayatabad Filling Station,Hascol,Islamabad,Islamabad ICT,Super (92 Ron),274.8,110.7,30420.36,CASH,Government
TXN-20250592,2026-05-25,Total Parco Rawalpindi Shahrah-e-Faisal Point,Total Parco,Rawalpindi,Punjab,Hi-Octane (97 Ron),301.47,5.34,1609.85,Cash,Corporate Fleet
TXN-20250593,2025-08-23,Shell Quetta University Road Pump,Shell,Quetta,Balochistan,High Speed Diesel,273.16,111.75,,Credit Card,Corporate Fleet
TXN-20250594,2025-07-01,Hascol Peshawar Ferozepur Road Pump,Hascol,Peshawar,KPK,CNG,204.69,18.32,3749.92,Credit Card,Agriculture
TXN-20250595,2025-09-07,Cnergyico Multan Murree Road Station,Cnergyico,Multan,Punjab,High Speed Diesel,297.74,8279.09,2465016.26,Cash,Agriculture
TXN-20250596,2025-07-13,Hascol Rawalpindi Hayatabad Filling Station,Hascol,Rawalpindi,Punjab,CNG,213.18,149.28,31823.51,Mobile Wallet,Government
TXN-20250597,06/02/2025,Shell Islamabad Mall Road Station,Shell,Islamabad,Islamabad ICT,High Speed Diesel,277.35,71.19,19744.55,Credit Card,Corporate
TXN-20250598,30/04/2026,Shell Peshawar Gulberg Station,Shell,Peshawar,KPK,High Speed Diesel,299.9,133.09,39913.69,cash,Corporate Fleet
TXN-20250599,2025-04-13,Hascol Karachi Hayatabad Filling Station,Hascol,Karachi,Sindh,CNG,215.09,109.78,23612.58,JazzCash,Individual
TXN-20250600,2026-07-07,PSO Faisalabad Defence Filling Point,PSO,Faisalabad,Punjab,Hi-Octane (97 Ron),317.35,79.44,25210.28,credit card,Individual
TXN-20250601,30-Aug-26,Shell Islamabad Gulberg Station,Shell,Islamabad,Islamabad ICT,Super (92 Ron),266.89,28.88,7707.78,credit card,Individual
TXN-20250601,30-Aug-26,Shell Islamabad Gulberg Station,Shell,Islamabad,Islamabad ICT,Super (92 Ron),266.89,28.88,7707.78,credit card,Individual
TXN-20250602,2025-01-27,Cnergyico Faisalabad Murree Road Station,Cnergyico,Faisalabad,Punjab,High Speed Diesel,285.36,67.15,19161.92,CASH,Corporate
TXN-20250603,20-Jun-25,Hascol Rawalpindi Hayatabad Filling Station,Hascol,Rawalpindi,Punjab,Hi-Octane (97 Ron),319.07,87.71,,Cash,Government
TXN-20250604,2026-05-15,Attock Petroleum Lahore Saddar Filling Station,Attock Petroleum,Lahore,Punjab,CNG,210.49,146.57,30851.52,Fleet Card,Corporate Fleet
TXN-20250605,2025-09-28,Hascol Karachi Ferozepur Road Pump,Hascol,Karachi,Sindh,High Speed Diesel,303.24,15.82,4797.26,Debit Card,Agriculture
TXN-20250606,2025-03-04,Total Parco Rawalpindi Shahrah-e-Faisal Point,Total Parco,Rawalpindi,Punjab,High Speed Diesel,293.17,117.81,34538.36,JazzCash,Corporate Fleet
TXN-20250607,2025-01-22,Hascol Sialkot Super Highway Station,Hascol,Sialkot,Punjab,Super (92 Ron),275.03,94.81,26075.59,cash,Government
TXN-20250608,2025-08-26,Hascol Sialkot Hayatabad Filling Station,Hascol,Sialkot,Punjab,Hi-Octane (97 Ron),307.86,70.59,,EasyPaisa,Individual
TXN-20250609,2025-09-07,Shell Multan University Road Pump,Shell,Multan,Punjab,Super (92 Ron),280.11,74.74,20935.42,CASH,Individual
TXN-20250610,2025-10-31,PSO Islamabad Lytton Road Pump,PSO,Islamabad,Islamabad ICT,CNG,202.34,62.3,12605.78,EasyPaisa,Corporate Fleet
TXN-20250611,2025-11-08,PSO Peshawar Lytton Road Pump,PSO,Peshawar,KPK,Super (92 Ron),265.87,85.73,22793.04,cash,Individual
TXN-20250612,2025-10-20,PSO Multan Clifton Service Station,PSO,Multan,Punjab,High Speed Diesel,282.48,38.35,10833.11,JazzCash,Agriculture
TXN-20250613,2025-12-03,Total Parco Sialkot Thokar Niaz Baig Station,Total Parco,Sialkot,Punjab,Hi-Octane (97 Ron),296.97,34.39,10212.8,Cash,Government
TXN-20250614,12-Apr-25,Hascol Peshawar Super Highway Station,Hascol,Peshawar,KPK,High Speed Diesel,285.23,44.31,12638.54,cash,Agriculture
TXN-20250615,2026-04-06,Attock Petroleum Faisalabad Industrial Area Pump,Attock Petroleum,Faisalabad,Punjab,CNG,211.32,20.94,4425.04,cash,Agriculture
TXN-20250616,2025-03-28,Hascol Lahore Ferozepur Road Pump,Hascol,Lahore,Punjab,Hi-Octane (97 Ron),325.41,11818.87,3845978.49,Credit Card,Corporate
TXN-20250617,2025-07-12,PSO Islamabad Defence Filling Point,PSO,Islamabad,Islamabad ICT,Super (92 Ron),288.25,74.08,21353.56,JazzCash,Corporate Fleet
TXN-20250618,2025-02-05,Hascol Lahore Super Highway Station,Hascol,Lahore,Punjab,Super (92 Ron),274.03,103.68,28411.43,Cash,Corporate Fleet
TXN-20250619,24/03/2025,PSO Peshawar GT Road Service,PSO,Peshawar,KPK,High Speed Diesel,278.9,53.89,15029.92,Fleet Card,Government
TXN-20250620,2026-08-24,Hascol Multan Hayatabad Filling Station,Hascol,Multan,Punjab,Hi-Octane (97 Ron),319.55,111.83,35735.28,cash,Corporate
TXN-20250621,2025-02-03,Hascol Quetta Ferozepur Road Pump,Hascol,Quetta,Balochistan,High Speed Diesel,304.3,120.08,36540.34,,Corporate Fleet
TXN-20250622,29/05/2026,Cnergyico Islamabad Murree Road Station,Cnergyico,Islamabad,Islamabad ICT,Hi-Octane (97 Ron),301.14,80.28,24175.52,credit card,Government
TXN-20250623,2025-01-26,Total Parco Rawalpindi Thokar Niaz Baig Station,Total Parco,Rawalpindi,Punjab,CNG,209.47,51.27,10739.53,CASH,Government
TXN-20250624,2025-05-08,Hascol Karachi Hayatabad Filling Station,Hascol,Karachi,Sindh,CNG,218.39,98.83,21583.48,Cash,Corporate Fleet
TXN-20250625,2025-05-24,Total Parco Quetta Shahrah-e-Faisal Point,Total Parco,Quetta,Balochistan,Super (92 Ron),272.68,149.64,40803.84,Fleet Card,Individual
TXN-20250626,2025-12-26,Attock Petroleum Sialkot Saddar Filling Station,Attock Petroleum,Sialkot,Punjab,Super (92 Ron),9999.0,30.09,300869.91,EasyPaisa,Individual
TXN-20250627,2025-08-22,Attock Petroleum Faisalabad Industrial Area Pump,Attock Petroleum,Faisalabad,Punjab,Hi-Octane (97 Ron),298.89,27.44,8201.54,Debit Card,Agriculture
TXN-20250628,2026-03-31,Total Parco Quetta Thokar Niaz Baig Station,Total Parco,Quetta,Balochistan,High Speed Diesel,280.52,4349.34,1220076.86,Cash,Corporate Fleet
TXN-20250629,2025-03-05,Total Parco Quetta Jail Road Petrol Pump,Total Parco,Quetta,Balochistan,CNG,9999.0,39.07,390660.93,Debit Card,Agriculture
TXN-20250630,2026-04-09,Cnergyico Multan Hub River Road Pump,Cnergyico,Multan,Punjab,High Speed Diesel,292.52,89.09,26060.61,Credit Card,Corporate Fleet
TXN-20250631,17/06/2026,Cnergyico Multan Multan Road Filling Point,Cnergyico,Multan,Punjab,CNG,208.19,60.73,12643.38,Mobile Wallet,Government
TXN-20250632,14-Feb-25,Shell Lahore Gulberg Station,Shell,Lahore,Punjab,Hi-Octane (97 Ron),305.25,52.25,15949.31,JazzCash,Corporate Fleet
TXN-20250633,2026-01-16,PSO Islamabad Defence Filling Point,PSO,Islamabad,Islamabad ICT,Hi-Octane (97 Ron),315.3,38.73,12211.57,Credit Card,Government
TXN-20250634,18-Nov-25,Total Parco Faisalabad G-11 Markaz Station,Total Parco,Faisalabad,Punjab,Super (92 Ron),265.44,76.64,20343.32,JazzCash,individual
TXN-20250635,2025-12-14,PSO Sialkot Defence Filling Point,PSO,Sialkot,Punjab,Hi-Octane (97 Ron),301.05,96.51,29054.34,Credit Card,individual
TXN-20250636,2026-07-11,Hascol Karachi Hayatabad Filling Station,Hascol,Karachi,Sindh,CNG,206.54,15.53,3207.57,Mobile Wallet,Corporate Fleet
TXN-20250637,2026-01-17,Shell Rawalpindi Karsaz Service Station,Shell,Rawalpindi,Punjab,High Speed Diesel,286.0,14.27,,CASH,Corporate
TXN-20250638,2026-06-27,Cnergyico Multan Multan Road Filling Point,Cnergyico,Multan,Punjab,High Speed Diesel,291.03,69.87,20334.27,Credit Card,Corporate
TXN-20250639,2025-09-29,PSO Karachi Defence Filling Point,PSO,Karachi,Sindh,Super (92 Ron),287.6,118.77,34158.25,Fleet Card,Corporate Fleet
TXN-20250640,2026-03-07,Cnergyico Multan Hub River Road Pump,Cnergyico,Multan,Punjab,High Speed Diesel,301.2,72.77,21918.32,cash,individual
TXN-20250641,2026-06-23,Cnergyico Multan Hub River Road Pump,Cnergyico,Multan,Punjab,Super (92 Ron),280.84,55.84,15682.11,Credit Card,individual
TXN-20250642,2025-11-12,PSO Islamabad Lytton Road Pump,PSO,Islamabad,Islamabad ICT,High Speed Diesel,296.18,139.63,41355.61,Debit Card,Government
TXN-20250643,2025-06-04,PSO Peshawar Blue Area Station,PSO,Peshawar,KPK,High Speed Diesel,285.86,70.55,20167.42,EasyPaisa,Government
TXN-20250644,09/04/2026,PSO Islamabad Cantt Filling Point,PSO,Islamabad,Islamabad ICT,Super (92 Ron),284.5,10.36,2947.42,Cash,Agriculture
TXN-20250645,2026-06-25,Hascol Multan Ferozepur Road Pump,Hascol,Multan,Punjab,Hi-Octane (97 Ron),305.63,62.96,19242.46,JazzCash,Individual
TXN-20250646,2025-07-18,Shell Sialkot University Road Pump,Shell,Sialkot,Punjab,CNG,219.97,74.16,16312.98,JazzCash,Corporate
TXN-20250647,2025-07-09,Shell Faisalabad University Road Pump,Shell,Faisalabad,Punjab,CNG,218.93,36.99,8098.22,EasyPaisa,Agriculture
TXN-20250648,2026-01-10,Attock Petroleum Rawalpindi Khyber Pass Pump,Attock Petroleum,Rawalpindi,Punjab,Super (92 Ron),278.77,14.68,4092.34,cash,Corporate
TXN-20250649,2025-10-05,Shell Multan Gulberg Station,Shell,Multan,Punjab,Hi-Octane (97 Ron),322.29,67.23,21667.56,JazzCash,Individual
TXN-20250650,2025-04-21,Hascol Lahore Super Highway Station,Hascol,Lahore,Punjab,CNG,215.57,123.29,26577.63,credit card,Individual
TXN-20250651,2026-02-13,PSO Peshawar Clifton Service Station,PSO,Peshawar,KPK,High Speed Diesel,302.34,,,JazzCash,Corporate Fleet
TXN-20250652,2026-08-03,Shell Karachi F-7 Markaz Pump,Shell,Karachi,Sindh,Super (92 Ron),284.7,126.38,35980.39,Cash,Agriculture
TXN-20250653,2026-08-27,Cnergyico Multan Hub River Road Pump,Cnergyico,Multan,Punjab,High Speed Diesel,284.31,129.56,36835.2,Fleet Card,Corporate
TXN-20250654,2025-05-05,Hascol Quetta Super Highway Station,Hascol,Quetta,Balochistan,Super (92 Ron),275.91,23.25,6414.91,Mobile Wallet,individual
TXN-20250655,2025-03-09,Hascol Quetta Ferozepur Road Pump,Hascol,Quetta,Balochistan,Super (92 Ron),282.53,147.68,41724.03,CASH,Corporate Fleet
TXN-20250656,2025-04-24,Total Parco Islamabad Thokar Niaz Baig Station,Total Parco,Islamabad,Islamabad ICT,CNG,202.33,58.11,11757.4,cash,Corporate
TXN-20250657,2026-05-03,PSO Quetta Cantt Filling Point,PSO,Quetta,Balochistan,High Speed Diesel,283.42,1708.52,484228.74,Mobile Wallet,individual
TXN-20250658,2025-07-29,Attock Petroleum Faisalabad Saddar Filling Station,Attock Petroleum,Faisalabad,Punjab,CNG,211.6,1921.43,406574.59,Mobile Wallet,individual
TXN-20250659,2026-05-01,Total Parco Karachi G-11 Markaz Station,Total Parco,Karachi,Sindh,Super (92 Ron),284.25,116.64,33154.92,EasyPaisa,Corporate
TXN-20250660,24-Jun-26,Shell Peshawar University Road Pump,Shell,Peshawar,KPK,Super (92 Ron),286.72,82.9,23769.09,Fleet Card,Government
TXN-20250661,2026-02-20,PSO Sialkot Clifton Service Station,PSO,Sialkot,Punjab,Super (92 Ron),262.86,140.13,36834.57,cash,Corporate Fleet
TXN-20250662,21-Dec-25,Total Parco Karachi G-11 Markaz Station,Total Parco,Karachi,Sindh,Super (92 Ron),268.77,78.7,21152.2,Cash,Individual
TXN-20250663,17-Feb-26,Attock Petroleum Quetta Industrial Area Pump,Attock Petroleum,Quetta,Balochistan,Hi-Octane (97 Ron),297.57,8412.66,2503355.24,credit card,Agriculture
TXN-20250664,2026-06-26,Cnergyico Islamabad Multan Road Filling Point,Cnergyico,Islamabad,Islamabad ICT,High Speed Diesel,294.53,20.24,5961.29,Fleet Card,Individual
TXN-20250665,2025-07-15,Hascol Peshawar Super Highway Station,Hascol,Peshawar,KPK,Hi-Octane (97 Ron),298.32,12.72,,CASH,Corporate Fleet
TXN-20250666,2025-05-11,PSO Peshawar GT Road Service,PSO,Peshawar,KPK,CNG,205.73,106.4,21889.67,Debit Card,Government
TXN-20250667,2026-06-21,Cnergyico Quetta Murree Road Station,Cnergyico,Quetta,Balochistan,Super (92 Ron),269.87,50.27,13566.36,CASH,Corporate Fleet
TXN-20250668,2026-03-13,Attock Petroleum Sialkot Industrial Area Pump,Attock Petroleum,Sialkot,Punjab,High Speed Diesel,286.52,77.44,22188.11,Credit Card,individual
TXN-20250668,2026-03-13,Attock Petroleum Sialkot Industrial Area Pump,Attock Petroleum,Sialkot,Punjab,High Speed Diesel,286.52,77.44,22188.11,Credit Card,individual
TXN-20250669,2026-07-28,Total Parco Faisalabad Shahrah-e-Faisal Point,Total Parco,Faisalabad,Punjab,High Speed Diesel,9999.0,126.81,1267973.19,EasyPaisa,Government
TXN-20250669,2026-07-28,Total Parco Faisalabad Shahrah-e-Faisal Point,Total Parco,Faisalabad,Punjab,High Speed Diesel,9999.0,126.81,1267973.19,EasyPaisa,Government
TXN-20250670,2025-01-16,Cnergyico Karachi Murree Road Station,Cnergyico,Karachi,Sindh,Hi-Octane (97 Ron),304.77,55.37,,JazzCash,Government
TXN-20250671,2025-09-12,Cnergyico Sialkot Murree Road Station,Cnergyico,Sialkot,Punjab,Hi-Octane (97 Ron),309.89,,,Mobile Wallet,Agriculture
TXN-20250672,2026-07-06,Shell Quetta Karsaz Service Station,Shell,Quetta,Balochistan,Super (92 Ron),281.6,67.76,19081.22,Credit Card,Government
TXN-20250673,2026-08-28,Hascol Sialkot Super Highway Station,Hascol,Sialkot,Punjab,High Speed Diesel,296.17,30.66,9080.57,Fleet Card,Individual
TXN-20250674,2025-09-21,Attock Petroleum Lahore Khyber Pass Pump,Attock Petroleum,Lahore,Punjab,Hi-Octane (97 Ron),321.77,92.41,29734.77,CASH,Corporate
TXN-20250675,28-Apr-26,Cnergyico Faisalabad Hub River Road Pump,Cnergyico,Faisalabad,Punjab,Super (92 Ron),268.58,7546.36,2026801.37,CASH,Government
TXN-20250676,05-May-26,Attock Petroleum Peshawar Motorway Service Area,Attock Petroleum,Peshawar,KPK,Hi-Octane (97 Ron),319.3,94.11,30049.32,Credit Card,Individual
TXN-20250677,28/05/2025,PSO Peshawar Clifton Service Station,PSO,Peshawar,KPK,Super (92 Ron),264.44,96.48,25513.17,Cash,Individual
TXN-20250678,2026-01-12,Attock Petroleum Sialkot Industrial Area Pump,Attock Petroleum,Sialkot,Punjab,High Speed Diesel,273.46,45.77,12516.26,Cash,Corporate Fleet
TXN-20250679,2026-06-23,Shell Islamabad F-7 Markaz Pump,Shell,Islamabad,Islamabad ICT,Super (92 Ron),262.52,7798.73,2047322.6,Mobile Wallet,Corporate
TXN-20250680,2025-07-26,Shell Lahore Gulberg Station,Shell,Lahore,Punjab,CNG,203.62,81.1,16513.58,Cash,Corporate
TXN-20250681,2026-04-14,Shell Peshawar Mall Road Station,Shell,Peshawar,KPK,CNG,204.47,114.74,23460.89,credit card,Corporate Fleet
TXN-20250681,2026-04-14,Shell Peshawar Mall Road Station,Shell,Peshawar,KPK,CNG,204.47,114.74,23460.89,credit card,Corporate Fleet
TXN-20250682,2025-11-22,Attock Petroleum Quetta Khyber Pass Pump,Attock Petroleum,Quetta,Balochistan,Hi-Octane (97 Ron),299.26,113.19,33873.24,credit card,Corporate Fleet
TXN-20250683,2026-07-25,Hascol Lahore Hayatabad Filling Station,Hascol,Lahore,Punjab,CNG,212.65,60.76,12920.61,cash,Agriculture
TXN-20250684,2025-04-08,Cnergyico Quetta Hub River Road Pump,Cnergyico,Quetta,Balochistan,Hi-Octane (97 Ron),322.82,63.4,,Credit Card,Government
TXN-20250685,2025-09-07,Attock Petroleum Peshawar Industrial Area Pump,Attock Petroleum,Peshawar,KPK,Super (92 Ron),272.07,106.54,28986.34,EasyPaisa,Individual
TXN-20250686,2025-02-20,Total Parco Peshawar Thokar Niaz Baig Station,Total Parco,Peshawar,KPK,High Speed Diesel,299.25,136.48,40841.64,Cash,
TXN-20250687,06/06/2025,Shell Lahore F-7 Markaz Pump,Shell,Lahore,Punjab,CNG,210.47,30.86,6495.1,JazzCash,Corporate Fleet
TXN-20250688,2025-01-27,PSO Rawalpindi Defence Filling Point,PSO,Rawalpindi,Punjab,High Speed Diesel,288.91,139.54,40314.5,Fleet Card,Corporate Fleet
TXN-20250689,07-Feb-25,Cnergyico Rawalpindi Multan Road Filling Point,Cnergyico,Rawalpindi,Punjab,Hi-Octane (97 Ron),307.79,140.06,43109.07,Mobile Wallet,Corporate
TXN-20250690,2025-09-24,PSO Faisalabad Blue Area Station,PSO,Faisalabad,Punjab,Super (92 Ron),265.81,67.79,18019.26,Cash,Corporate
TXN-20250691,09/06/2025,PSO Multan GT Road Service,PSO,Multan,Punjab,Hi-Octane (97 Ron),301.32,106.4,32060.45,Mobile Wallet,Corporate Fleet
TXN-20250692,2025-11-23,Shell Quetta Mall Road Station,Shell,Quetta,Balochistan,CNG,211.49,85.29,18037.98,Cash,Corporate Fleet
TXN-20250693,2026-05-11,PSO Peshawar Cantt Filling Point,PSO,Peshawar,KPK,CNG,200.08,63.18,,Credit Card,Agriculture
TXN-20250694,2025-08-19,PSO Islamabad Defence Filling Point,PSO,Islamabad,Islamabad ICT,Hi-Octane (97 Ron),303.95,88.79,26987.72,Debit Card,Corporate
TXN-20250695,15-Feb-25,Hascol Peshawar Super Highway Station,Hascol,Peshawar,KPK,CNG,214.76,11319.37,2430947.9,credit card,Agriculture
TXN-20250696,2025-09-19,PSO Rawalpindi Defence Filling Point,PSO,Rawalpindi,Punjab,Hi-Octane (97 Ron),329.2,10997.89,3620505.39,Cash,individual
TXN-20250697,2025-12-22,Total Parco Karachi Thokar Niaz Baig Station,Total Parco,Karachi,Sindh,Super (92 Ron),261.36,134.45,35139.85,credit card,individual
TXN-20250698,04-Aug-25,Attock Petroleum Islamabad Motorway Service Area,Attock Petroleum,Islamabad,Islamabad ICT,CNG,-99.0,13.78,-1364.22,credit card,individual
TXN-20250699,2026-07-06,Attock Petroleum Multan Khyber Pass Pump,Attock Petroleum,Multan,Punjab,High Speed Diesel,290.5,119.05,34584.03,Cash,Individual
TXN-20250700,2025-10-14,Cnergyico Faisalabad Murree Road Station,Cnergyico,Faisalabad,Punjab,High Speed Diesel,302.02,39.23,11848.24,CASH,Agriculture
TXN-20250701,2025-11-13,Hascol Karachi Hayatabad Filling Station,Hascol,Karachi,Sindh,Super (92 Ron),268.47,27.59,7407.09,EasyPaisa,individual
TXN-20250702,01/07/2026,Cnergyico Faisalabad Hub River Road Pump,Cnergyico,Faisalabad,Punjab,CNG,218.04,1801.83,392871.01,cash,Government
TXN-20250703,13-Jul-25,PSO Faisalabad GT Road Service,PSO,Faisalabad,Punjab,High Speed Diesel,279.09,106.01,29586.33,cash,Corporate
TXN-20250704,2025-10-06,Attock Petroleum Karachi Industrial Area Pump,Attock Petroleum,Karachi,Sindh,Super (92 Ron),-99.0,98.67,-9768.33,credit card,Corporate Fleet
TXN-20250705,2026-06-02,Cnergyico Sialkot Murree Road Station,Cnergyico,Sialkot,Punjab,CNG,207.65,29.51,6127.75,cash,
TXN-20250706,2026-08-31,Shell Faisalabad University Road Pump,Shell,Faisalabad,Punjab,Super (92 Ron),261.65,67.51,17663.99,Fleet Card,Government
TXN-20250707,2026-01-24,Cnergyico Quetta Murree Road Station,Cnergyico,Quetta,Balochistan,High Speed Diesel,275.97,121.31,33477.92,Fleet Card,Individual
TXN-20250708,25/01/2025,PSO Multan GT Road Service,PSO,Multan,Punjab,High Speed Diesel,300.58,47.09,14154.31,Credit Card,Corporate
TXN-20250709,2025-02-06,Cnergyico Multan Hub River Road Pump,Cnergyico,Multan,Punjab,CNG,215.17,36.87,7933.32,Credit Card,Corporate
TXN-20250709,2025-02-06,Cnergyico Multan Hub River Road Pump,Cnergyico,Multan,Punjab,CNG,215.17,36.87,7933.32,Credit Card,Corporate
TXN-20250710,2026-03-06,Cnergyico Faisalabad Multan Road Filling Point,Cnergyico,Faisalabad,Punjab,Super (92 Ron),287.35,70.04,20125.99,Cash,individual
TXN-20250711,2025-03-16,PSO Rawalpindi Cantt Filling Point,PSO,Rawalpindi,Punjab,Hi-Octane (97 Ron),315.94,25.89,8179.69,Fleet Card,Individual
TXN-20250712,2025-10-15,Shell Peshawar Karsaz Service Station,Shell,Peshawar,KPK,Hi-Octane (97 Ron),310.01,35.09,10878.25,Fleet Card,Agriculture
TXN-20250713,2025-04-12,Cnergyico Islamabad Murree Road Station,Cnergyico,Islamabad,Islamabad ICT,CNG,210.34,717.1,150834.81,CASH,Corporate
TXN-20250714,2025-01-12,Total Parco Peshawar Thokar Niaz Baig Station,Total Parco,Peshawar,KPK,Super (92 Ron),273.19,144.27,39413.12,Mobile Wallet,Corporate
TXN-20250715,18/09/2025,Hascol Rawalpindi Super Highway Station,Hascol,Rawalpindi,Punjab,CNG,208.53,89.51,18665.52,cash,Individual
TXN-20250716,2025-06-05,Cnergyico Multan Murree Road Station,Cnergyico,Multan,Punjab,Hi-Octane (97 Ron),326.82,113.18,,credit card,individual
TXN-20250717,2025-02-04,Cnergyico Peshawar Multan Road Filling Point,Cnergyico,Peshawar,KPK,Hi-Octane (97 Ron),320.94,66.25,21262.28,EasyPaisa,Individual
TXN-20250718,2025-09-01,Shell Rawalpindi Gulberg Station,Shell,Rawalpindi,Punjab,CNG,212.06,139.88,29662.95,JazzCash,individual
TXN-20250719,2026-02-11,Total Parco Multan Jail Road Petrol Pump,Total Parco,Multan,Punjab,Super (92 Ron),269.8,17.11,4616.28,Fleet Card,Government
TXN-20250720,2026-02-24,Attock Petroleum Islamabad Saddar Filling Station,Attock Petroleum,Islamabad,Islamabad ICT,CNG,216.69,6.09,1319.64,Debit Card,Government
TXN-20250721,2026-02-02,Cnergyico Karachi Hub River Road Pump,Cnergyico,Karachi,Sindh,Super (92 Ron),263.16,102.93,27087.06,CASH,individual
TXN-20250722,2025-06-15,Hascol Lahore Ferozepur Road Pump,Hascol,Lahore,Punjab,Hi-Octane (97 Ron),307.94,85.24,26248.81,Credit Card,Government
TXN-20250723,2025-09-06,PSO Multan Blue Area Station,PSO,Multan,Punjab,Hi-Octane (97 Ron),325.52,8.89,2893.87,Credit Card,Government
TXN-20250724,21/02/2026,Hascol Multan Super Highway Station,Hascol,Multan,Punjab,High Speed Diesel,273.68,107.89,29527.34,Credit Card,individual
TXN-20250725,2025-04-25,Attock Petroleum Peshawar Khyber Pass Pump,Attock Petroleum,Peshawar,KPK,Hi-Octane (97 Ron),296.68,97.37,28887.73,Credit Card,Agriculture
TXN-20250726,2026-04-07,Attock Petroleum Faisalabad Industrial Area Pump,Attock Petroleum,Faisalabad,Punjab,Super (92 Ron),286.83,57.15,16392.33,EasyPaisa,Individual
TXN-20250727,2025-06-10,Attock Petroleum Multan Motorway Service Area,Attock Petroleum,Multan,Punjab,High Speed Diesel,284.35,,,CASH,Corporate Fleet
TXN-20250728,13/07/2026,Total Parco Lahore Thokar Niaz Baig Station,Total Parco,Lahore,Punjab,CNG,210.9,146.84,30968.56,Fleet Card,Government
TXN-20250729,31-Jul-25,Shell Lahore Gulberg Station,Shell,Lahore,Punjab,CNG,201.55,29.58,5961.85,Mobile Wallet,Government
TXN-20250730,2025-01-12,PSO Rawalpindi Lytton Road Pump,PSO,Rawalpindi,Punjab,Super (92 Ron),289.44,96.22,27849.92,Cash,individual
TXN-20250731,2025-10-13,PSO Karachi GT Road Service,PSO,Karachi,Sindh,Super (92 Ron),278.75,142.58,39744.18,cash,Agriculture
TXN-20250732,2026-05-05,Attock Petroleum Islamabad Industrial Area Pump,Attock Petroleum,Islamabad,Islamabad ICT,Hi-Octane (97 Ron),301.46,69.92,21078.08,Cash,Corporate
TXN-20250733,2025-05-01,PSO Lahore Defence Filling Point,PSO,Lahore,Punjab,CNG,204.87,10198.62,2089391.28,EasyPaisa,Agriculture
TXN-20250734,2025-09-07,Total Parco Lahore Shahrah-e-Faisal Point,Total Parco,Lahore,Punjab,Hi-Octane (97 Ron),309.84,97.76,30289.96,Fleet Card,Individual
TXN-20250735,2026-05-09,Attock Petroleum Lahore Motorway Service Area,Attock Petroleum,Lahore,Punjab,Super (92 Ron),267.85,50.57,13545.17,Debit Card,Government
TXN-20250736,2025-10-23,Total Parco Islamabad G-11 Markaz Station,Total Parco,Islamabad,Islamabad ICT,CNG,215.11,13.22,2843.75,Mobile Wallet,individual
TXN-20250737,2025-11-30,Shell Faisalabad F-7 Markaz Pump,Shell,Faisalabad,Punjab,Super (92 Ron),279.64,43.28,12102.82,Fleet Card,individual
TXN-20250738,2025-01-16,Shell Rawalpindi Gulberg Station,Shell,Rawalpindi,Punjab,Super (92 Ron),281.59,147.73,41599.29,cash,individual
TXN-20250739,2025-02-14,Shell Peshawar F-7 Markaz Pump,Shell,Peshawar,KPK,High Speed Diesel,279.56,7.35,2054.77,Credit Card,Individual
TXN-20250740,2026-02-24,PSO Peshawar Clifton Service Station,PSO,Peshawar,KPK,High Speed Diesel,296.7,93.52,27747.38,Mobile Wallet,individual
TXN-20250741,2026-08-04,PSO Rawalpindi Cantt Filling Point,PSO,Rawalpindi,Punjab,Super (92 Ron),281.6,106.23,29914.37,Fleet Card,Agriculture
TXN-20250742,2025-05-19,Attock Petroleum Multan Industrial Area Pump,Attock Petroleum,Multan,Punjab,High Speed Diesel,278.91,31.11,8676.89,cash,individual
TXN-20250743,2025-05-07,Attock Petroleum Peshawar Saddar Filling Station,Attock Petroleum,Peshawar,KPK,Super (92 Ron),262.05,52.83,13844.1,Credit Card,Government
TXN-20250744,08-Jul-26,Shell Peshawar University Road Pump,Shell,Peshawar,KPK,Hi-Octane (97 Ron),302.08,135.96,41070.8,EasyPaisa,individual
TXN-20250745,2026-06-27,PSO Karachi Cantt Filling Point,PSO,Karachi,Sindh,High Speed Diesel,275.63,6.79,1871.53,EasyPaisa,Agriculture
TXN-20250746,2025-03-21,Shell Peshawar University Road Pump,Shell,Peshawar,KPK,High Speed Diesel,282.19,0.0,0.0,CASH,individual
TXN-20250747,19-Aug-25,Cnergyico Quetta Murree Road Station,Cnergyico,Quetta,Balochistan,CNG,207.1,145.65,30164.12,credit card,individual
TXN-20250748,2025-12-12,Hascol Karachi Hayatabad Filling Station,Hascol,Karachi,Sindh,Super (92 Ron),269.4,8667.9,,CASH,Agriculture
TXN-20250749,25/08/2025,PSO Rawalpindi Defence Filling Point,PSO,Rawalpindi,Punjab,Super (92 Ron),278.53,0.0,0.0,Credit Card,Corporate
TXN-20250750,2026-05-14,Attock Petroleum Peshawar Khyber Pass Pump,Attock Petroleum,Peshawar,KPK,CNG,206.64,61.63,12735.22,JazzCash,Government
TXN-20250751,2025-06-29,Shell Peshawar University Road Pump,Shell,Peshawar,KPK,Hi-Octane (97 Ron),317.38,11.51,3653.04,CASH,Corporate
TXN-20250752,2026-02-21,PSO Faisalabad Cantt Filling Point,PSO,Faisalabad,Punjab,Hi-Octane (97 Ron),306.93,128.57,39461.99,credit card,Agriculture
TXN-20250753,2026-06-24,Total Parco Multan Shahrah-e-Faisal Point,Total Parco,Multan,Punjab,CNG,219.3,0.0,0.0,CASH,Corporate
TXN-20250754,2025-05-16,Shell Multan Mall Road Station,Shell,Multan,Punjab,High Speed Diesel,303.02,111.99,33935.21,JazzCash,Individual
TXN-20250755,2025-09-29,Attock Petroleum Rawalpindi Saddar Filling Station,Attock Petroleum,Rawalpindi,Punjab,Super (92 Ron),289.86,111.29,32258.52,JazzCash,Government
TXN-20250756,2025-05-22,Hascol Islamabad Hayatabad Filling Station,Hascol,Islamabad,Islamabad ICT,Super (92 Ron),272.99,2685.71,733171.97,CASH,Agriculture
TXN-20250757,2026-02-20,PSO Multan GT Road Service,PSO,Multan,Punjab,CNG,205.44,120.34,24722.65,credit card,Government
TXN-20250758,2025-09-11,Cnergyico Multan Multan Road Filling Point,Cnergyico,Multan,Punjab,CNG,205.63,79.21,16287.95,Cash,Corporate
TXN-20250759,2026-04-25,Hascol Rawalpindi Hayatabad Filling Station,Hascol,Rawalpindi,Punjab,High Speed Diesel,292.1,130.58,38142.42,Fleet Card,Corporate Fleet
TXN-20250760,2026-07-30,Hascol Multan Super Highway Station,Hascol,Multan,Punjab,Hi-Octane (97 Ron),319.9,24.02,7684.0,credit card,individual
TXN-20250761,16/06/2025,Cnergyico Karachi Hub River Road Pump,Cnergyico,Karachi,Sindh,Hi-Octane (97 Ron),295.82,92.2,27274.6,Credit Card,individual
TXN-20250762,2026-05-03,Cnergyico Islamabad Murree Road Station,Cnergyico,Islamabad,Islamabad ICT,Hi-Octane (97 Ron),327.23,133.34,43632.85,EasyPaisa,Agriculture
TXN-20250763,2025-10-07,Total Parco Faisalabad Shahrah-e-Faisal Point,Total Parco,Faisalabad,Punjab,Hi-Octane (97 Ron),309.47,99.36,30748.94,CASH,Corporate Fleet
TXN-20250764,29/05/2025,Cnergyico Peshawar Murree Road Station,Cnergyico,Peshawar,KPK,Hi-Octane (97 Ron),303.03,89.02,32370.88,EasyPaisa,Government
TXN-20250765,2026-01-09,Attock Petroleum Sialkot Khyber Pass Pump,Attock Petroleum,Sialkot,Punjab,Super (92 Ron),276.08,50.58,13964.13,Mobile Wallet,Government
TXN-20250766,2025-06-03,Hascol Peshawar Ferozepur Road Pump,Hascol,Peshawar,KPK,High Speed Diesel,294.62,47.71,14056.32,Mobile Wallet,Corporate Fleet
TXN-20250767,2026-04-19,Attock Petroleum Faisalabad Motorway Service Area,Attock Petroleum,Faisalabad,Punjab,Hi-Octane (97 Ron),297.7,95.08,28305.32,Cash,Government
TXN-20250768,2026-04-16,Attock Petroleum Quetta Industrial Area Pump,Attock Petroleum,Quetta,Balochistan,Hi-Octane (97 Ron),326.75,145.84,47653.22,credit card,individual
TXN-20250769,2025-01-13,Total Parco Faisalabad Shahrah-e-Faisal Point,Total Parco,Faisalabad,Punjab,Super (92 Ron),285.81,98.81,28240.89,cash,Individual
TXN-20250770,2025-10-06,Total Parco Faisalabad Shahrah-e-Faisal Point,Total Parco,Faisalabad,Punjab,Hi-Octane (97 Ron),297.84,3426.96,1020685.77,credit card,individual
TXN-20250771,2025-05-24,Total Parco Faisalabad G-11 Markaz Station,Total Parco,Faisalabad,Punjab,Hi-Octane (97 Ron),328.41,56.81,,credit card,individual
TXN-20250772,2025-10-22,Attock Petroleum Karachi Motorway Service Area,Attock Petroleum,Karachi,Sindh,High Speed Diesel,288.37,85.23,24577.78,CASH,Corporate
TXN-20250773,2026-08-20,Shell Quetta University Road Pump,Shell,Quetta,Balochistan,Hi-Octane (97 Ron),302.73,127.88,38713.11,Mobile Wallet,Agriculture
TXN-20250774,28/06/2026,PSO Karachi Cantt Filling Point,PSO,Karachi,Sindh,Super (92 Ron),261.3,45.66,11930.96,credit card,Corporate
TXN-20250775,2025-10-27,Hascol Karachi Ferozepur Road Pump,Hascol,Karachi,Sindh,High Speed Diesel,280.62,42.3,11870.23,Credit Card,individual
TXN-20250775,2025-10-27,Hascol Karachi Ferozepur Road Pump,Hascol,Karachi,Sindh,High Speed Diesel,280.62,42.3,11870.23,Credit Card,individual
TXN-20250776,2025-04-16,Total Parco Peshawar G-11 Markaz Station,Total Parco,Peshawar,KPK,Super (92 Ron),274.78,81.16,22301.14,Cash,Agriculture
TXN-20250777,09-Sep-25,Attock Petroleum Quetta Saddar Filling Station,Attock Petroleum,Quetta,Balochistan,Super (92 Ron),283.63,28.01,7944.48,Debit Card,Agriculture
TXN-20250778,05/04/2025,Total Parco Quetta G-11 Markaz Station,Total Parco,Quetta,Balochistan,CNG,215.93,97.91,21141.71,credit card,individual
TXN-20250779,2025-05-01,Hascol Sialkot Ferozepur Road Pump,Hascol,Sialkot,Punjab,High Speed Diesel,295.32,16.62,4908.22,Credit Card,individual
TXN-20250780,2026-01-16,PSO Peshawar Cantt Filling Point,PSO,Peshawar,KPK,Hi-Octane (97 Ron),329.38,60.13,19805.62,Debit Card,Agriculture
TXN-20250781,2025-03-07,Attock Petroleum Islamabad Industrial Area Pump,Attock Petroleum,Islamabad,Islamabad ICT,Super (92 Ron),288.13,136.99,39470.93,Fleet Card,Individual
TXN-20250782,2025-04-11,Hascol Karachi Ferozepur Road Pump,Hascol,Karachi,Sindh,High Speed Diesel,299.87,81.36,24397.42,Fleet Card,Corporate Fleet
TXN-20250783,2026-02-20,Attock Petroleum Karachi Khyber Pass Pump,Attock Petroleum,Karachi,Sindh,CNG,206.6,54.3,11218.38,Mobile Wallet,Individual
TXN-20250784,07/06/2026,Total Parco Multan Shahrah-e-Faisal Point,Total Parco,Multan,Punjab,CNG,206.2,119.15,24568.73,credit card,Government
TXN-20250785,20/07/2026,Cnergyico Karachi Hub River Road Pump,Cnergyico,Karachi,Sindh,CNG,211.58,7.57,1601.66,Debit Card,individual
TXN-20250786,2026-06-27,Cnergyico Quetta Murree Road Station,Cnergyico,Quetta,Balochistan,CNG,216.71,62.95,13641.89,Fleet Card,Agriculture
TXN-20250787,2026-07-21,Cnergyico Islamabad Murree Road Station,Cnergyico,Islamabad,Islamabad ICT,High Speed Diesel,272.99,146.02,,Mobile Wallet,Individual
TXN-20250788,2026-02-04,Total Parco Quetta Jail Road Petrol Pump,Total Parco,Quetta,Balochistan,Hi-Octane (97 Ron),326.92,56.72,18542.9,credit card,individual
TXN-20250789,2025-07-27,Shell Multan F-7 Markaz Pump,Shell,Multan,Punjab,CNG,217.16,7008.89,1522050.55,cash,Individual
TXN-20250790,2025-11-28,PSO Karachi Cantt Filling Point,PSO,Karachi,Sindh,Super (92 Ron),276.23,5513.75,1523063.16,JazzCash,Corporate Fleet
TXN-20250791,2025-03-09,Total Parco Lahore Shahrah-e-Faisal Point,Total Parco,Lahore,Punjab,Super (92 Ron),286.31,93.63,26807.21,JazzCash,Government
TXN-20250792,2025-06-19,Hascol Faisalabad Super Highway Station,Hascol,Faisalabad,Punjab,High Speed Diesel,300.76,94.77,28503.03,Cash,Corporate Fleet
TXN-20250793,2025-05-31,Attock Petroleum Karachi Motorway Service Area,Attock Petroleum,Karachi,Sindh,Super (92 Ron),264.49,2248.05,594586.74,JazzCash,Agriculture
TXN-20250794,2026-05-10,Attock Petroleum Lahore Saddar Filling Station,Attock Petroleum,Lahore,Punjab,Hi-Octane (97 Ron),311.25,0.0,0.0,Fleet Card,Individual
TXN-20250795,2025-06-09,Hascol Multan Hayatabad Filling Station,Hascol,Multan,Punjab,CNG,208.38,119.82,24968.09,Mobile Wallet,Government
TXN-20250796,2026-04-08,PSO Quetta Lytton Road Pump,PSO,Quetta,Balochistan,CNG,213.71,56.32,12036.15,Debit Card,Agriculture
TXN-20250797,2026-01-30,Attock Petroleum Faisalabad Motorway Service Area,Attock Petroleum,Faisalabad,Punjab,High Speed Diesel,279.83,97.09,27168.69,Credit Card,Corporate
TXN-20250798,2025-04-21,Attock Petroleum Faisalabad Motorway Service Area,Attock Petroleum,Faisalabad,Punjab,Super (92 Ron),284.46,46.03,13093.69,Mobile Wallet,Individual
TXN-20250799,2026-03-25,Cnergyico Sialkot Hub River Road Pump,Cnergyico,Sialkot,Punjab,High Speed Diesel,278.66,12.63,3519.48,Debit Card,Individual
TXN-20250800,2025-04-20,Attock Petroleum Quetta Saddar Filling Station,Attock Petroleum,Quetta,Balochistan,High Speed Diesel,276.91,127.76,,credit card,individual
TXN-20250801,2026-07-05,Attock Petroleum Karachi Motorway Service Area,Attock Petroleum,Karachi,Sindh,Hi-Octane (97 Ron),320.59,145.39,46610.58,Debit Card,individual
TXN-20250802,30-Jun-25,Hascol Karachi Super Highway Station,Hascol,Karachi,Sindh,Hi-Octane (97 Ron),307.04,84.19,25849.7,Debit Card,Government
TXN-20250803,2025-09-01,Attock Petroleum Faisalabad Saddar Filling Station,Attock Petroleum,Faisalabad,Punjab,Hi-Octane (97 Ron),321.63,115.57,37170.78,CASH,individual
TXN-20250804,2026-06-12,Attock Petroleum Rawalpindi Industrial Area Pump,Attock Petroleum,Rawalpindi,Punjab,High Speed Diesel,291.76,26.26,7661.62,cash,Corporate Fleet
TXN-20250805,2025-06-22,Attock Petroleum Quetta Khyber Pass Pump,Attock Petroleum,Quetta,Balochistan,Super (92 Ron),269.79,90.61,24445.67,CASH,Government
TXN-20250806,2025-08-30,Hascol Faisalabad Ferozepur Road Pump,Hascol,Faisalabad,Punjab,CNG,213.09,149.91,31944.32,credit card,Individual
TXN-20250807,2026-08-29,PSO Lahore Blue Area Station,PSO,Lahore,Punjab,Hi-Octane (97 Ron),299.16,85.23,25497.41,credit card,individual
TXN-20250808,2025-01-10,PSO Rawalpindi Blue Area Station,PSO,Rawalpindi,Punjab,Super (92 Ron),269.4,114.16,30754.7,Cash,Individual
TXN-20250809,2025-09-03,Hascol Quetta Ferozepur Road Pump,Hascol,Quetta,Balochistan,Super (92 Ron),266.17,46.96,12499.34,JazzCash,Corporate
TXN-20250810,2025-08-12,Cnergyico Sialkot Murree Road Station,Cnergyico,Sialkot,Punjab,Super (92 Ron),263.65,10276.1,2709293.76,Credit Card,Corporate Fleet
TXN-20250811,2026-02-23,Hascol Rawalpindi Hayatabad Filling Station,Hascol,Rawalpindi,Punjab,Super (92 Ron),270.49,106.51,28809.89,credit card,Individual
TXN-20250812,2025-05-01,Shell Karachi University Road Pump,Shell,Karachi,Sindh,Hi-Octane (97 Ron),307.36,126.68,38936.36,credit card,Corporate
TXN-20250812,2025-05-01,Shell Karachi University Road Pump,Shell,Karachi,Sindh,Hi-Octane (97 Ron),307.36,126.68,38936.36,credit card,Corporate
TXN-20250813,2025-02-03,Hascol Islamabad Hayatabad Filling Station,Hascol,Islamabad,Islamabad ICT,High Speed Diesel,304.7,94.78,28879.47,EasyPaisa,Agriculture
TXN-20250814,2026-03-03,Total Parco Peshawar Jail Road Petrol Pump,Total Parco,Peshawar,KPK,High Speed Diesel,287.93,125.91,36253.27,Cash,Government
TXN-20250815,2025-01-18,Total Parco Lahore G-11 Markaz Station,Total Parco,Lahore,Punjab,CNG,201.44,130.19,26225.47,Fleet Card,Individual
TXN-20250816,2026-01-26,Attock Petroleum Peshawar Khyber Pass Pump,Attock Petroleum,Peshawar,KPK,High Speed Diesel,-99.0,65.08,-6442.92,Debit Card,Corporate
TXN-20250817,2026-01-30,PSO Faisalabad GT Road Service,PSO,Faisalabad,Punjab,Hi-Octane (97 Ron),322.78,52.22,16855.57,cash,Corporate
TXN-20250818,15/03/2025,PSO Lahore Lytton Road Pump,PSO,Lahore,Punjab,CNG,211.01,131.76,27802.68,Credit Card,Government
TXN-20250819,2025-05-21,Cnergyico Faisalabad Multan Road Filling Point,Cnergyico,Faisalabad,Punjab,CNG,219.17,136.02,29811.5,Cash,Agriculture
TXN-20250820,2025-11-25,Cnergyico Quetta Multan Road Filling Point,Cnergyico,Quetta,Balochistan,CNG,215.68,57.12,12319.64,CASH,Corporate Fleet
TXN-20250821,2025-11-09,Cnergyico Peshawar Multan Road Filling Point,Cnergyico,Peshawar,KPK,CNG,209.16,85.94,17975.21,Credit Card,Corporate Fleet
TXN-20250822,2026-02-27,Cnergyico Sialkot Multan Road Filling Point,Cnergyico,Sialkot,Punjab,Super (92 Ron),279.78,86.91,24315.68,Fleet Card,Agriculture
TXN-20250823,2026-08-24,Cnergyico Sialkot Hub River Road Pump,Cnergyico,Sialkot,Punjab,High Speed Diesel,9999.0,37.42,374162.58,Fleet Card,Government
TXN-20250824,2026-05-07,PSO Lahore Lytton Road Pump,PSO,Lahore,Punjab,Hi-Octane (97 Ron),312.4,70.83,22127.29,Cash,Agriculture
TXN-20250825,2025-12-03,Cnergyico Quetta Murree Road Station,Cnergyico,Quetta,Balochistan,High Speed Diesel,292.88,21.34,6250.06,Cash,Government
TXN-20250826,2026-07-26,PSO Islamabad Cantt Filling Point,PSO,Islamabad,Islamabad ICT,Hi-Octane (97 Ron),323.76,102.37,,Fleet Card,Agriculture
TXN-20250827,25/03/2025,Total Parco Peshawar Shahrah-e-Faisal Point,Total Parco,Peshawar,KPK,CNG,208.1,67.71,14090.45,JazzCash,Agriculture
TXN-20250828,2025-04-21,Hascol Peshawar Super Highway Station,Hascol,Peshawar,KPK,Hi-Octane (97 Ron),319.3,23.85,7615.31,EasyPaisa,Corporate
TXN-20250829,28/03/2026,Shell Multan Mall Road Station,Shell,Multan,Punjab,Super (92 Ron),282.95,99.1,28040.34,CASH,Agriculture
TXN-20250830,2025-06-23,Cnergyico Rawalpindi Murree Road Station,Cnergyico,Rawalpindi,Punjab,CNG,218.94,7.93,1736.19,Fleet Card,Agriculture
TXN-20250831,09-Apr-26,Total Parco Peshawar Jail Road Petrol Pump,Total Parco,Peshawar,KPK,High Speed Diesel,298.27,0.0,0.0,CASH,Agriculture
TXN-20250832,2026-03-13,Attock Petroleum Multan Industrial Area Pump,Attock Petroleum,Multan,Punjab,CNG,209.94,4273.85,897252.07,Cash,Agriculture
TXN-20250833,2025-09-30,Total Parco Quetta Thokar Niaz Baig Station,Total Parco,Quetta,Balochistan,CNG,213.32,4169.96,889535.87,Fleet Card,Corporate
TXN-20250834,2025-08-17,Total Parco Peshawar G-11 Markaz Station,Total Parco,Peshawar,KPK,High Speed Diesel,300.47,140.6,42246.08,cash,Agriculture
TXN-20250835,2025-03-12,PSO Sialkot Blue Area Station,PSO,Sialkot,Punjab,CNG,208.56,51.29,10697.04,Cash,individual
TXN-20250836,2025-09-29,PSO Faisalabad Lytton Road Pump,PSO,Faisalabad,Punjab,Hi-Octane (97 Ron),321.0,20.96,6728.16,Cash,Individual
TXN-20250837,10/08/2025,Shell Sialkot University Road Pump,Shell,Sialkot,Punjab,Super (92 Ron),270.76,19.78,5355.63,cash,Corporate Fleet
TXN-20250838,16/04/2026,PSO Faisalabad Lytton Road Pump,PSO,Faisalabad,Punjab,Super (92 Ron),260.57,41.19,10732.88,Fleet Card,Individual
TXN-20250839,2026-02-08,Total Parco Karachi Shahrah-e-Faisal Point,Total Parco,Karachi,Sindh,Super (92 Ron),260.83,38.43,10023.7,CASH,Individual
TXN-20250840,2026-06-08,Cnergyico Karachi Murree Road Station,Cnergyico,Karachi,Sindh,Hi-Octane (97 Ron),316.42,94.51,29904.85,Fleet Card,Corporate
TXN-20250841,2026-01-09,Cnergyico Quetta Multan Road Filling Point,Cnergyico,Quetta,Balochistan,CNG,208.59,141.41,29496.71,Credit Card,Corporate Fleet
TXN-20250842,06/10/2025,Cnergyico Quetta Hub River Road Pump,Cnergyico,Quetta,Balochistan,Super (92 Ron),283.86,11199.15,3178990.72,Credit Card,Agriculture
TXN-20250843,2025-11-30,Hascol Multan Hayatabad Filling Station,Hascol,Multan,Punjab,High Speed Diesel,9999.0,53.38,533746.62,Debit Card,Corporate
TXN-20250844,2026-02-16,Hascol Rawalpindi Ferozepur Road Pump,Hascol,Rawalpindi,Punjab,Super (92 Ron),264.07,123.97,32736.76,Credit Card,Agriculture
TXN-20250845,2025-07-21,Shell Multan Karsaz Service Station,Shell,Multan,Punjab,High Speed Diesel,284.48,35.47,10090.51,credit card,Agriculture
TXN-20250846,2025-03-12,Total Parco Faisalabad Jail Road Petrol Pump,Total Parco,Faisalabad,Punjab,Hi-Octane (97 Ron),304.39,,,Credit Card,Individual
TXN-20250847,2026-05-30,Attock Petroleum Peshawar Industrial Area Pump,Attock Petroleum,Peshawar,KPK,Super (92 Ron),260.35,94.34,24561.42,Fleet Card,Corporate
TXN-20250848,2025-03-29,Attock Petroleum Quetta Industrial Area Pump,Attock Petroleum,Quetta,Balochistan,Super (92 Ron),287.31,11332.7,3255998.04,cash,Individual
TXN-20250849,2026-01-22,Cnergyico Sialkot Hub River Road Pump,Cnergyico,Sialkot,Punjab,Hi-Octane (97 Ron),313.71,84.04,26364.19,Fleet Card,Corporate Fleet
TXN-20250850,2025-02-22,Hascol Sialkot Super Highway Station,Hascol,Sialkot,Punjab,Super (92 Ron),262.52,43.87,11516.75,Mobile Wallet,Corporate
TXN-20250851,04-Jun-26,Attock Petroleum Islamabad Motorway Service Area,Attock Petroleum,Islamabad,Islamabad ICT,High Speed Diesel,275.61,27.97,7708.81,credit card,Corporate Fleet
TXN-20250852,2026-08-30,Cnergyico Karachi Multan Road Filling Point,Cnergyico,Karachi,Sindh,High Speed Diesel,301.03,9.21,2772.49,Credit Card,Individual
TXN-20250853,2025-08-12,Attock Petroleum Rawalpindi Khyber Pass Pump,Attock Petroleum,Rawalpindi,Punjab,Super (92 Ron),261.31,65.72,17173.29,JazzCash,Corporate
TXN-20250854,2025-02-25,Shell Faisalabad Mall Road Station,Shell,Faisalabad,Punjab,Hi-Octane (97 Ron),326.37,14.48,4725.84,Mobile Wallet,Government
TXN-20250855,28-Apr-25,Hascol Faisalabad Ferozepur Road Pump,Hascol,Faisalabad,Punjab,CNG,207.86,146.24,30397.45,Credit Card,Corporate
TXN-20250856,2026-05-12,PSO Multan Blue Area Station,PSO,Multan,Punjab,Hi-Octane (97 Ron),303.98,25.76,7830.52,JazzCash,Individual
TXN-20250857,2025-12-05,Hascol Lahore Ferozepur Road Pump,Hascol,Lahore,Punjab,High Speed Diesel,298.88,102.69,30691.99,Mobile Wallet,Corporate
TXN-20250858,31-May-25,PSO Lahore Defence Filling Point,PSO,Lahore,Punjab,CNG,217.39,35.22,7656.48,CASH,Government
TXN-20250859,2026-07-13,PSO Lahore Cantt Filling Point,PSO,Lahore,Punjab,High Speed Diesel,272.23,38.78,10557.08,cash,Corporate Fleet
TXN-20250860,2025-05-04,PSO Sialkot Cantt Filling Point,PSO,Sialkot,Punjab,High Speed Diesel,288.77,141.72,40924.48,CASH,Corporate
TXN-20250861,2025-03-05,Total Parco Karachi Shahrah-e-Faisal Point,Total Parco,Karachi,Sindh,Hi-Octane (97 Ron),304.6,102.39,31187.99,cash,Government
TXN-20250862,2025-06-30,Shell Rawalpindi Gulberg Station,Shell,Rawalpindi,Punjab,Super (92 Ron),280.38,7252.63,2033492.4,CASH,Individual
TXN-20250863,2026-04-21,Cnergyico Islamabad Multan Road Filling Point,Cnergyico,Islamabad,Islamabad ICT,CNG,211.46,111.17,23508.01,EasyPaisa,Agriculture
TXN-20250864,2026-07-05,Total Parco Rawalpindi G-11 Markaz Station,Total Parco,Rawalpindi,Punjab,Hi-Octane (97 Ron),-99.0,5.86,-580.14,Mobile Wallet,Agriculture
TXN-20250865,2025-02-06,Hascol Sialkot Ferozepur Road Pump,Hascol,Sialkot,Punjab,Super (92 Ron),262.54,61.86,16240.72,Credit Card,Government
TXN-20250866,2025-01-12,Hascol Quetta Hayatabad Filling Station,Hascol,Quetta,Balochistan,Super (92 Ron),287.77,122.71,35312.26,EasyPaisa,Government
TXN-20250867,2026-08-20,PSO Islamabad Cantt Filling Point,PSO,Islamabad,Islamabad ICT,CNG,217.73,60.35,13140.01,cash,individual
TXN-20250868,28/01/2025,Total Parco Lahore G-11 Markaz Station,Total Parco,Lahore,Punjab,CNG,215.05,132.58,28511.33,JazzCash,Agriculture
TXN-20250869,13-Jun-25,Shell Quetta Karsaz Service Station,Shell,Quetta,Balochistan,Hi-Octane (97 Ron),311.82,11367.85,3544722.99,Fleet Card,Corporate Fleet
TXN-20250870,2025-05-15,Hascol Sialkot Ferozepur Road Pump,Hascol,Sialkot,Punjab,High Speed Diesel,304.12,93.14,28325.74,Credit Card,Individual
TXN-20250870,2025-05-15,Hascol Sialkot Ferozepur Road Pump,Hascol,Sialkot,Punjab,High Speed Diesel,304.12,93.14,28325.74,Credit Card,Individual
TXN-20250871,2025-06-04,Total Parco Sialkot G-11 Markaz Station,Total Parco,Sialkot,Punjab,Hi-Octane (97 Ron),319.59,11.91,3806.32,credit card,individual
TXN-20250872,12/05/2026,Cnergyico Lahore Multan Road Filling Point,Cnergyico,Lahore,Punjab,Super (92 Ron),274.44,107.76,29573.65,Credit Card,Government
TXN-20250873,2025-09-24,Hascol Lahore Hayatabad Filling Station,Hascol,Lahore,Punjab,Hi-Octane (97 Ron),295.9,44.77,13247.44,credit card,Corporate
TXN-20250874,2025-10-07,Hascol Quetta Hayatabad Filling Station,Hascol,Quetta,Balochistan,Super (92 Ron),281.79,136.74,38531.96,EasyPaisa,Corporate
TXN-20250875,2026-08-20,PSO Multan Lytton Road Pump,PSO,Multan,Punjab,Hi-Octane (97 Ron),329.75,57.34,,JazzCash,Corporate Fleet
TXN-20250876,2025-08-22,Attock Petroleum Lahore Saddar Filling Station,Attock Petroleum,Lahore,Punjab,CNG,207.93,3333.35,693103.47,JazzCash,Corporate Fleet
TXN-20250877,2025-04-16,Hascol Lahore Hayatabad Filling Station,Hascol,Lahore,Punjab,Super (92 Ron),273.4,6618.47,1809489.7,cash,Agriculture
TXN-20250878,2026-06-18,Hascol Rawalpindi Super Highway Station,Hascol,Rawalpindi,Punjab,High Speed Diesel,302.38,82.45,24931.23,Credit Card,Agriculture
TXN-20250879,2026-02-03,Hascol Lahore Hayatabad Filling Station,Hascol,Lahore,Punjab,CNG,,73.26,,Mobile Wallet,Corporate
TXN-20250880,30-Jun-26,Attock Petroleum Faisalabad Motorway Service Area,Attock Petroleum,Faisalabad,Punjab,CNG,215.1,131.77,28343.73,credit card,Agriculture
TXN-20250881,16-Oct-25,Total Parco Rawalpindi G-11 Markaz Station,Total Parco,Rawalpindi,Punjab,CNG,201.56,31.56,6361.23,Cash,Corporate Fleet
TXN-20250882,2025-09-17,Cnergyico Karachi Hub River Road Pump,Cnergyico,Karachi,Sindh,Hi-Octane (97 Ron),310.06,83.44,25871.41,cash,Government
TXN-20250883,2025-04-11,Shell Quetta University Road Pump,Shell,Quetta,Balochistan,Hi-Octane (97 Ron),327.85,148.45,48669.33,CASH,Individual
TXN-20250884,2025-08-22,Hascol Quetta Ferozepur Road Pump,Hascol,Quetta,Balochistan,CNG,211.99,14.93,3165.01,CASH,Individual
TXN-20250885,2026-07-26,Attock Petroleum Quetta Industrial Area Pump,Attock Petroleum,Quetta,Balochistan,High Speed Diesel,298.65,143.88,42969.76,EasyPaisa,Government
TXN-20250886,2025-02-14,Attock Petroleum Quetta Motorway Service Area,Attock Petroleum,Quetta,Balochistan,CNG,214.29,40.18,,Credit Card,Government
TXN-20250887,2025-12-26,Shell Karachi F-7 Markaz Pump,Shell,Karachi,Sindh,CNG,214.14,102.76,22005.03,Fleet Card,Corporate Fleet
TXN-20250888,2025-06-07,Attock Petroleum Sialkot Industrial Area Pump,Attock Petroleum,Sialkot,Punjab,CNG,208.47,49.48,10315.1,Credit Card,Corporate Fleet
TXN-20250889,2025-06-25,Attock Petroleum Faisalabad Khyber Pass Pump,Attock Petroleum,Faisalabad,Punjab,High Speed Diesel,284.84,24.57,6998.52,Cash,Corporate Fleet
TXN-20250890,2025-03-18,Cnergyico Quetta Multan Road Filling Point,Cnergyico,Quetta,Balochistan,CNG,204.88,35.59,7291.68,Credit Card,Corporate Fleet
TXN-20250891,2026-01-24,Hascol Multan Hayatabad Filling Station,Hascol,Multan,Punjab,Hi-Octane (97 Ron),318.13,14.73,4686.05,CASH,Corporate
TXN-20250892,08/05/2025,PSO Islamabad Cantt Filling Point,PSO,Islamabad,Islamabad ICT,High Speed Diesel,304.72,110.94,,Debit Card,Government
TXN-20250893,2025-11-26,Total Parco Faisalabad G-11 Markaz Station,Total Parco,Faisalabad,Punjab,Hi-Octane (97 Ron),306.25,140.93,43159.81,cash,Corporate Fleet
TXN-20250894,2026-07-02,Total Parco Multan Jail Road Petrol Pump,Total Parco,Multan,Punjab,Hi-Octane (97 Ron),317.54,25.86,8211.58,JazzCash,Government
TXN-20250895,12/06/2026,Shell Quetta Gulberg Station,Shell,Quetta,Balochistan,High Speed Diesel,297.86,122.66,36535.51,EasyPaisa,Individual
TXN-20250896,2026-06-17,Shell Karachi Gulberg Station,Shell,Karachi,Sindh,High Speed Diesel,290.35,50.28,14598.8,cash,Corporate
TXN-20250897,31-Oct-25,Cnergyico Sialkot Multan Road Filling Point,Cnergyico,Sialkot,Punjab,Hi-Octane (97 Ron),314.75,40.36,12703.31,EasyPaisa,Individual
TXN-20250898,2026-07-18,Cnergyico Quetta Murree Road Station,Cnergyico,Quetta,Balochistan,CNG,205.67,68.74,14137.76,Cash,Agriculture
TXN-20250899,2025-12-10,Shell Faisalabad Gulberg Station,Shell,Faisalabad,Punjab,Hi-Octane (97 Ron),328.83,80.71,26539.87,cash,individual
TXN-20250900,2025-05-03,Attock Petroleum Sialkot Khyber Pass Pump,Attock Petroleum,Sialkot,Punjab,High Speed Diesel,282.55,70.3,19863.26,Mobile Wallet,Corporate
TXN-20250901,2025-08-08,Shell Rawalpindi Karsaz Service Station,Shell,Rawalpindi,Punjab,CNG,206.54,17.0,3511.18,EasyPaisa,Corporate Fleet
TXN-20250902,2026-01-21,Shell Faisalabad F-7 Markaz Pump,Shell,Faisalabad,Punjab,Super (92 Ron),284.5,118.33,33664.89,EasyPaisa,Individual
TXN-20250903,2025-03-11,Hascol Rawalpindi Hayatabad Filling Station,Hascol,Rawalpindi,Punjab,CNG,206.6,45.52,9404.43,Debit Card,Corporate
TXN-20250904,2025-04-25,Cnergyico Rawalpindi Hub River Road Pump,Cnergyico,Rawalpindi,Punjab,Super (92 Ron),275.98,8.7,2401.03,Fleet Card,Government
TXN-20250905,2025-09-27,Attock Petroleum Sialkot Saddar Filling Station,Attock Petroleum,Sialkot,Punjab,CNG,216.92,72.0,15618.24,Cash,Corporate
TXN-20250905,2025-09-27,Attock Petroleum Sialkot Saddar Filling Station,Attock Petroleum,Sialkot,Punjab,CNG,216.92,72.0,15618.24,Cash,Corporate
TXN-20250906,2025-11-27,Total Parco Quetta Thokar Niaz Baig Station,Total Parco,Quetta,Balochistan,CNG,207.27,131.16,27185.53,Mobile Wallet,Corporate Fleet
TXN-20250907,2026-03-13,PSO Rawalpindi Blue Area Station,PSO,Rawalpindi,Punjab,CNG,217.64,93.08,20257.93,credit card,Government
TXN-20250908,2025-12-03,Shell Karachi Karsaz Service Station,Shell,Karachi,Sindh,High Speed Diesel,279.74,929.73,260082.67,Debit Card,Agriculture
TXN-20250909,2026-01-17,Shell Lahore Mall Road Station,Shell,Lahore,Punjab,High Speed Diesel,275.6,123.1,33926.36,credit card,Individual
TXN-20250910,2025-03-03,Total Parco Sialkot Shahrah-e-Faisal Point,Total Parco,Sialkot,Punjab,CNG,205.51,100.47,20647.59,Cash,Individual
TXN-20250911,05-Feb-26,Attock Petroleum Sialkot Motorway Service Area,Attock Petroleum,Sialkot,Punjab,Super (92 Ron),275.53,13.43,3700.37,Cash,individual
TXN-20250912,11-Mar-25,Cnergyico Sialkot Multan Road Filling Point,Cnergyico,Sialkot,Punjab,Super (92 Ron),272.14,92.29,,Credit Card,Corporate Fleet
TXN-20250913,2026-03-06,Hascol Faisalabad Ferozepur Road Pump,Hascol,Faisalabad,Punjab,High Speed Diesel,274.05,138.49,37953.18,,Corporate
TXN-20250914,2026-03-14,Shell Peshawar Karsaz Service Station,Shell,Peshawar,KPK,Hi-Octane (97 Ron),316.9,27.52,8721.09,Credit Card,individual
TXN-20250915,2025-12-06,PSO Multan Clifton Service Station,PSO,Multan,Punjab,Super (92 Ron),273.84,82.65,22632.88,Cash,Corporate Fleet
TXN-20250916,14-Nov-25,Cnergyico Faisalabad Multan Road Filling Point,Cnergyico,Faisalabad,Punjab,CNG,207.99,108.9,22650.11,Fleet Card,Agriculture
TXN-20250917,2026-08-31,Total Parco Rawalpindi Shahrah-e-Faisal Point,Total Parco,Rawalpindi,Punjab,CNG,201.66,143.32,28901.91,Fleet Card,Government
TXN-20250918,2026-01-13,Attock Petroleum Sialkot Khyber Pass Pump,Attock Petroleum,Sialkot,Punjab,Super (92 Ron),289.54,121.06,35051.71,cash,Individual
TXN-20250919,2025-08-10,Attock Petroleum Karachi Saddar Filling Station,Attock Petroleum,Karachi,Sindh,Super (92 Ron),279.94,11982.9,3354493.03,Debit Card,Corporate
TXN-20250920,2025-01-19,Shell Islamabad F-7 Markaz Pump,Shell,Islamabad,Islamabad ICT,Hi-Octane (97 Ron),301.92,,,credit card,Agriculture
TXN-20250921,2026-06-25,PSO Peshawar Cantt Filling Point,PSO,Peshawar,KPK,High Speed Diesel,286.72,104.58,29985.18,CASH,individual
TXN-20250922,2025-11-26,Attock Petroleum Peshawar Motorway Service Area,Attock Petroleum,Peshawar,KPK,High Speed Diesel,283.71,5.8,1645.52,EasyPaisa,Government
TXN-20250923,2025-02-10,Attock Petroleum Lahore Khyber Pass Pump,Attock Petroleum,Lahore,Punjab,Super (92 Ron),278.96,60.27,16812.92,Debit Card,individual
TXN-20250924,2026-08-15,Hascol Karachi Hayatabad Filling Station,Hascol,Karachi,Sindh,CNG,203.59,100.33,20426.18,CASH,individual
TXN-20250925,24-Oct-25,Cnergyico Islamabad Multan Road Filling Point,Cnergyico,Islamabad,Islamabad ICT,CNG,209.42,97.68,20456.15,Mobile Wallet,Corporate
TXN-20250926,2025-12-26,Attock Petroleum Sialkot Industrial Area Pump,Attock Petroleum,Sialkot,Punjab,High Speed Diesel,271.58,126.4,34327.71,JazzCash,Agriculture
TXN-20250927,2025-12-17,Attock Petroleum Karachi Khyber Pass Pump,Attock Petroleum,Karachi,Sindh,Hi-Octane (97 Ron),327.58,61.4,20113.41,JazzCash,Corporate
TXN-20250928,2026-03-02,Total Parco Lahore Jail Road Petrol Pump,Total Parco,Lahore,Punjab,Super (92 Ron),274.92,37.39,10279.26,EasyPaisa,Individual
TXN-20250929,2026-05-21,Hascol Peshawar Ferozepur Road Pump,Hascol,Peshawar,KPK,High Speed Diesel,297.59,55.91,16638.26,Credit Card,Agriculture
TXN-20250930,2025-09-28,Total Parco Peshawar Shahrah-e-Faisal Point,Total Parco,Peshawar,KPK,Hi-Octane (97 Ron),328.93,102.28,33642.96,EasyPaisa,Corporate
TXN-20250931,08-Feb-25,Cnergyico Faisalabad Hub River Road Pump,Cnergyico,Faisalabad,Punjab,Super (92 Ron),266.19,32.52,8656.5,Credit Card,Agriculture
TXN-20250932,2025-11-25,PSO Karachi Lytton Road Pump,PSO,Karachi,Sindh,Super (92 Ron),289.63,32.65,9456.42,Fleet Card,Government
TXN-20250933,02-Oct-25,PSO Rawalpindi Cantt Filling Point,PSO,Rawalpindi,Punjab,High Speed Diesel,-99.0,23.42,-2318.58,Cash,Agriculture
TXN-20250934,2025-05-29,Hascol Peshawar Super Highway Station,Hascol,Peshawar,KPK,High Speed Diesel,286.02,148.5,42473.97,JazzCash,Corporate
TXN-20250935,2025-09-21,Shell Rawalpindi Gulberg Station,Shell,Rawalpindi,Punjab,Hi-Octane (97 Ron),317.15,111.69,35422.48,credit card,Corporate
TXN-20250936,2025-09-23,Total Parco Quetta Shahrah-e-Faisal Point,Total Parco,Quetta,Balochistan,Super (92 Ron),278.35,103.8,28892.73,Fleet Card,Corporate
TXN-20250937,04-Mar-25,Attock Petroleum Sialkot Motorway Service Area,Attock Petroleum,Sialkot,Punjab,Super (92 Ron),269.31,51.29,,EasyPaisa,Corporate Fleet
TXN-20250938,27/02/2025,Hascol Faisalabad Hayatabad Filling Station,Hascol,Faisalabad,Punjab,Super (92 Ron),273.17,71.5,19531.66,Mobile Wallet,Corporate Fleet
TXN-20250939,2026-07-27,Total Parco Multan Shahrah-e-Faisal Point,Total Parco,Multan,Punjab,Hi-Octane (97 Ron),303.43,131.0,39749.33,Credit Card,individual
TXN-20250940,2025-06-17,Total Parco Islamabad Thokar Niaz Baig Station,Total Parco,Islamabad,Islamabad ICT,High Speed Diesel,272.71,107.3,29261.78,JazzCash,Agriculture
TXN-20250941,2025-08-06,Cnergyico Faisalabad Multan Road Filling Point,Cnergyico,Faisalabad,Punjab,Super (92 Ron),261.68,14.72,3851.93,Debit Card,Corporate
TXN-20250942,27-Apr-26,PSO Sialkot Lytton Road Pump,PSO,Sialkot,Punjab,CNG,210.61,23.64,4978.82,Mobile Wallet,Individual
TXN-20250943,2025-06-14,Hascol Peshawar Hayatabad Filling Station,Hascol,Peshawar,KPK,CNG,216.81,85.64,22281.13,credit card,individual
TXN-20250944,2026-08-22,Cnergyico Faisalabad Murree Road Station,Cnergyico,Faisalabad,Punjab,CNG,216.03,6.0,1296.18,CASH,Corporate Fleet
TXN-20250945,2025-10-24,Total Parco Multan Jail Road Petrol Pump,Total Parco,Multan,Punjab,Super (92 Ron),282.06,7.33,2067.5,Debit Card,Individual
TXN-20250946,2026-01-27,Hascol Multan Ferozepur Road Pump,Hascol,Multan,Punjab,Super (92 Ron),289.39,105.84,30629.04,Credit Card,Individual
TXN-20250947,2026-04-24,Total Parco Rawalpindi Shahrah-e-Faisal Point,Total Parco,Rawalpindi,Punjab,Super (92 Ron),276.8,61.28,16962.3,Mobile Wallet,Corporate Fleet
TXN-20250948,2026-08-25,Cnergyico Quetta Multan Road Filling Point,Cnergyico,Quetta,Balochistan,Hi-Octane (97 Ron),314.44,9814.45,3086055.66,Debit Card,Corporate Fleet
TXN-20250949,2025-11-01,Total Parco Islamabad Thokar Niaz Baig Station,Total Parco,Islamabad,Islamabad ICT,High Speed Diesel,272.27,30.1,8195.33,JazzCash,Government
TXN-20250950,2025-11-26,Total Parco Lahore Jail Road Petrol Pump,Total Parco,Lahore,Punjab,Super (92 Ron),266.94,120.6,32192.96,Debit Card,Government
TXN-20250950,2025-11-26,Total Parco Lahore Jail Road Petrol Pump,Total Parco,Lahore,Punjab,Super (92 Ron),266.94,120.6,32192.96,Debit Card,Government
TXN-20250951,2025-11-02,Cnergyico Peshawar Murree Road Station,Cnergyico,Peshawar,KPK,CNG,212.87,131.11,27909.39,cash,Corporate Fleet
TXN-20250951,2025-11-02,Cnergyico Peshawar Murree Road Station,Cnergyico,Peshawar,KPK,CNG,212.87,131.11,27909.39,cash,Corporate Fleet
TXN-20250952,2025-09-07,Cnergyico Peshawar Murree Road Station,Cnergyico,Peshawar,KPK,Hi-Octane (97 Ron),306.87,129.91,39865.48,Fleet Card,Individual
TXN-20250953,2025-12-08,Total Parco Sialkot Shahrah-e-Faisal Point,Total Parco,Sialkot,Punjab,CNG,210.33,7.81,1642.68,cash,Individual
TXN-20250954,2025-10-08,Total Parco Lahore Shahrah-e-Faisal Point,Total Parco,Lahore,Punjab,CNG,218.4,142.1,,Fleet Card,Agriculture
TXN-20250955,2025-08-05,Attock Petroleum Faisalabad Khyber Pass Pump,Attock Petroleum,Faisalabad,Punjab,CNG,200.06,135.64,27136.14,cash,Government
TXN-20250956,2026-02-05,Total Parco Faisalabad G-11 Markaz Station,Total Parco,Faisalabad,Punjab,Super (92 Ron),285.69,53.18,15192.99,credit card,individual
TXN-20250957,2025-05-27,Shell Lahore Gulberg Station,Shell,Lahore,Punjab,Hi-Octane (97 Ron),308.0,22.2,6837.6,credit card,individual
TXN-20250958,2025-05-06,PSO Rawalpindi GT Road Service,PSO,Rawalpindi,Punjab,CNG,209.6,22.56,4728.58,CASH,Corporate
TXN-20250959,04/04/2025,Hascol Faisalabad Super Highway Station,Hascol,Faisalabad,Punjab,High Speed Diesel,,,,JazzCash,Agriculture
TXN-20250960,09-Mar-26,Hascol Karachi Ferozepur Road Pump,Hascol,Karachi,Sindh,High Speed Diesel,279.36,29.01,8104.23,Mobile Wallet,Individual
TXN-20250961,2025-01-27,Total Parco Rawalpindi Shahrah-e-Faisal Point,Total Parco,Rawalpindi,Punjab,CNG,202.96,108.42,22004.92,credit card,Agriculture
TXN-20250962,05/04/2026,Total Parco Islamabad Thokar Niaz Baig Station,Total Parco,Islamabad,Islamabad ICT,Hi-Octane (97 Ron),325.07,23.05,7492.86,cash,Corporate Fleet
TXN-20250963,2026-07-08,PSO Quetta Cantt Filling Point,PSO,Quetta,Balochistan,CNG,214.98,22.85,4912.29,EasyPaisa,Individual
TXN-20250964,21/01/2026,PSO Lahore Defence Filling Point,PSO,Lahore,Punjab,CNG,210.81,5671.78,1195667.94,CASH,Agriculture
TXN-20250965,2026-08-22,Attock Petroleum Lahore Khyber Pass Pump,Attock Petroleum,Lahore,Punjab,High Speed Diesel,300.92,134.21,40386.47,Fleet Card,Agriculture
TXN-20250966,2026-05-09,Hascol Multan Ferozepur Road Pump,Hascol,Multan,Punjab,Super (92 Ron),287.24,21.32,,Fleet Card,Agriculture
TXN-20250967,01/10/2025,Total Parco Karachi Shahrah-e-Faisal Point,Total Parco,Karachi,Sindh,Hi-Octane (97 Ron),324.26,7011.46,2273536.02,JazzCash,Individual
TXN-20250968,2026-05-22,Total Parco Sialkot G-11 Markaz Station,Total Parco,Sialkot,Punjab,High Speed Diesel,290.42,81.24,23593.72,JazzCash,Individual
TXN-20250969,25/07/2026,Shell Multan Mall Road Station,Shell,Multan,Punjab,CNG,211.71,20.84,4412.04,EasyPaisa,Government
TXN-20250970,2026-03-30,Total Parco Rawalpindi Shahrah-e-Faisal Point,Total Parco,Rawalpindi,Punjab,High Speed Diesel,282.43,100.26,28316.43,Cash,Corporate
TXN-20250971,20/03/2026,Total Parco Rawalpindi Shahrah-e-Faisal Point,Total Parco,Rawalpindi,Punjab,Hi-Octane (97 Ron),316.75,111.07,35181.42,Credit Card,Corporate
TXN-20250972,02/05/2026,Cnergyico Rawalpindi Multan Road Filling Point,Cnergyico,Rawalpindi,Punjab,Super (92 Ron),272.45,42.4,11551.88,Credit Card,Corporate Fleet
TXN-20250973,2026-01-21,Hascol Quetta Ferozepur Road Pump,Hascol,Quetta,Balochistan,Hi-Octane (97 Ron),9999.0,0.0,0.0,CASH,Individual
TXN-20250974,2025-11-01,PSO Multan GT Road Service,PSO,Multan,Punjab,Super (92 Ron),267.61,87.05,23295.45,Credit Card,Individual
TXN-20250975,01/12/2025,Cnergyico Multan Murree Road Station,Cnergyico,Multan,Punjab,High Speed Diesel,275.86,16.07,4433.07,CASH,Individual
TXN-20250976,2026-08-02,Total Parco Faisalabad Shahrah-e-Faisal Point,Total Parco,Faisalabad,Punjab,Hi-Octane (97 Ron),312.12,68.3,21317.8,cash,Agriculture
TXN-20250977,2026-08-09,Hascol Faisalabad Super Highway Station,Hascol,Faisalabad,Punjab,Hi-Octane (97 Ron),310.44,107.81,33468.54,JazzCash,Government
TXN-20250978,2026-05-23,Cnergyico Multan Multan Road Filling Point,Cnergyico,Multan,Punjab,Super (92 Ron),264.15,111.85,,CASH,Individual
TXN-20250979,2025-04-25,Attock Petroleum Quetta Industrial Area Pump,Attock Petroleum,Quetta,Balochistan,CNG,209.38,145.12,30385.23,CASH,Corporate
TXN-20250980,2026-07-18,Total Parco Quetta Jail Road Petrol Pump,Total Parco,Quetta,Balochistan,Hi-Octane (97 Ron),321.96,108.7,34997.05,Credit Card,Corporate
TXN-20250981,2026-06-25,Cnergyico Karachi Murree Road Station,Cnergyico,Karachi,Sindh,High Speed Diesel,297.94,43.12,12847.17,CASH,individual
TXN-20250982,2026-07-25,Hascol Quetta Hayatabad Filling Station,Hascol,Quetta,Balochistan,High Speed Diesel,,146.83,,JazzCash,Corporate Fleet
TXN-20250983,22/05/2026,PSO Multan Blue Area Station,PSO,Multan,Punjab,High Speed Diesel,272.47,120.02,32701.85,Cash,Agriculture
TXN-20250984,2025-04-29,Total Parco Sialkot Shahrah-e-Faisal Point,Total Parco,Sialkot,Punjab,CNG,207.35,3996.11,828593.41,Credit Card,Individual
TXN-20250985,2026-03-02,Shell Islamabad University Road Pump,Shell,Islamabad,Islamabad ICT,Hi-Octane (97 Ron),323.97,43.07,13953.39,JazzCash,Individual
TXN-20250986,2025-08-11,Total Parco Faisalabad G-11 Markaz Station,Total Parco,Faisalabad,Punjab,Hi-Octane (97 Ron),324.11,64.38,20866.2,CASH,Corporate
TXN-20250987,2026-05-30,Attock Petroleum Multan Motorway Service Area,Attock Petroleum,Multan,Punjab,High Speed Diesel,291.57,144.1,42015.24,Cash,individual
TXN-20250988,2026-03-27,Shell Multan F-7 Markaz Pump,Shell,Multan,Punjab,Hi-Octane (97 Ron),327.15,61.81,20221.14,Debit Card,individual
TXN-20250989,2025-09-04,Shell Rawalpindi F-7 Markaz Pump,Shell,Rawalpindi,Punjab,High Speed Diesel,280.16,50.42,14125.67,Mobile Wallet,Individual
TXN-20250990,2026-03-19,Shell Quetta Gulberg Station,Shell,Quetta,Balochistan,CNG,200.26,128.34,25701.37,Credit Card,individual
TXN-20250991,2025-12-05,Hascol Karachi Ferozepur Road Pump,Hascol,Karachi,Sindh,CNG,211.63,111.59,23615.79,cash,Agriculture
TXN-20250992,2025-07-28,Cnergyico Lahore Multan Road Filling Point,Cnergyico,Lahore,Punjab,Hi-Octane (97 Ron),328.84,19.76,6497.88,cash,individual
TXN-20250993,2025-11-18,Hascol Quetta Super Highway Station,Hascol,Quetta,Balochistan,High Speed Diesel,304.02,64.85,19715.7,Fleet Card,Corporate
TXN-20250994,2025-11-03,Total Parco Peshawar Jail Road Petrol Pump,Total Parco,Peshawar,KPK,Hi-Octane (97 Ron),299.6,123.15,44274.89,Debit Card,Corporate Fleet
TXN-20250995,22-Feb-25,Attock Petroleum Quetta Khyber Pass Pump,Attock Petroleum,Quetta,Balochistan,CNG,212.89,89.48,19049.4,cash,Corporate
TXN-20250996,2025-10-17,Total Parco Karachi Shahrah-e-Faisal Point,Total Parco,Karachi,Sindh,CNG,213.45,28.17,6012.89,Credit Card,Corporate Fleet
TXN-20250997,2026-06-17,Attock Petroleum Rawalpindi Khyber Pass Pump,Attock Petroleum,Rawalpindi,Punjab,CNG,205.12,37.36,7663.28,EasyPaisa,Corporate
TXN-20250998,2025-09-17,Hascol Multan Super Highway Station,Hascol,Multan,Punjab,High Speed Diesel,301.15,55.93,16843.32,Debit Card,Agriculture
TXN-20250999,2025-07-25,PSO Faisalabad Cantt Filling Point,PSO,Faisalabad,Punjab,High Speed Diesel,286.94,62.55,17948.1,credit card,individual
TXN-20251000,2025-04-07,Shell Faisalabad University Road Pump,Shell,Faisalabad,Punjab,High Speed Diesel,290.47,74.37,21602.25,Credit Card,Agriculture
TXN-20251001,27-Mar-25,Shell Sialkot Mall Road Station,Shell,Sialkot,Punjab,Hi-Octane (97 Ron),327.76,13.08,4287.1,Credit Card,Corporate
TXN-20251002,2025-09-08,Cnergyico Faisalabad Hub River Road Pump,Cnergyico,Faisalabad,Punjab,CNG,208.42,11.82,2463.52,Credit Card,individual
TXN-20251003,2026-08-04,Attock Petroleum Faisalabad Industrial Area Pump,Attock Petroleum,Faisalabad,Punjab,High Speed Diesel,273.58,125.47,34326.08,cash,Government
TXN-20251004,2025-10-26,PSO Sialkot Clifton Service Station,PSO,Sialkot,Punjab,CNG,217.8,84.27,18354.01,Debit Card,Government
TXN-20251005,2025-06-13,Total Parco Lahore Shahrah-e-Faisal Point,Total Parco,Lahore,Punjab,Super (92 Ron),280.53,118.32,,Credit Card,Agriculture
TXN-20251006,2025-02-26,Shell Rawalpindi Gulberg Station,Shell,Rawalpindi,Punjab,Super (92 Ron),276.8,135.84,37600.51,Mobile Wallet,Individual
TXN-20251007,17/01/2026,Total Parco Rawalpindi Shahrah-e-Faisal Point,Total Parco,Rawalpindi,Punjab,Hi-Octane (97 Ron),319.71,7796.69,2492679.76,Debit Card,Individual
TXN-20251008,2025-03-25,Shell Rawalpindi Gulberg Station,Shell,Rawalpindi,Punjab,High Speed Diesel,283.51,118.78,33675.32,CASH,Individual
TXN-20251009,2026-03-05,PSO Islamabad Clifton Service Station,PSO,Islamabad,Islamabad ICT,Hi-Octane (97 Ron),304.35,71.88,21876.68,CASH,individual
TXN-20251010,2025-08-24,Shell Islamabad Mall Road Station,Shell,Islamabad,Islamabad ICT,Hi-Octane (97 Ron),305.27,142.2,43409.39,,Agriculture
TXN-20251011,01-Apr-26,Total Parco Sialkot Thokar Niaz Baig Station,Total Parco,Sialkot,Punjab,Hi-Octane (97 Ron),304.84,10.25,3124.61,EasyPaisa,Individual
TXN-20251012,05/05/2025,Attock Petroleum Faisalabad Industrial Area Pump,Attock Petroleum,Faisalabad,Punjab,CNG,204.51,75.23,15385.29,EasyPaisa,Corporate
TXN-20251013,2026-02-23,Hascol Sialkot Super Highway Station,Hascol,Sialkot,Punjab,Super (92 Ron),287.73,34.68,9978.48,Debit Card,Individual
TXN-20251014,2025-06-06,PSO Lahore Blue Area Station,PSO,Lahore,Punjab,High Speed Diesel,291.52,32.67,9523.96,Fleet Card,Corporate Fleet
TXN-20251015,2025-03-08,Total Parco Multan Thokar Niaz Baig Station,Total Parco,Multan,Punjab,CNG,203.32,146.05,29694.89,Fleet Card,Corporate
TXN-20251016,2026-06-09,Attock Petroleum Sialkot Industrial Area Pump,Attock Petroleum,Sialkot,Punjab,Super (92 Ron),266.81,145.1,38714.13,CASH,Agriculture
TXN-20251017,2025-05-30,Total Parco Rawalpindi G-11 Markaz Station,Total Parco,Rawalpindi,Punjab,Super (92 Ron),261.81,84.62,22154.36,Credit Card,Agriculture
TXN-20251018,2025-02-11,Total Parco Sialkot Thokar Niaz Baig Station,Total Parco,Sialkot,Punjab,Hi-Octane (97 Ron),308.63,7884.86,2433504.34,Fleet Card,individual
TXN-20251019,2025-06-13,PSO Karachi Cantt Filling Point,PSO,Karachi,Sindh,High Speed Diesel,293.14,142.33,41722.62,Credit Card,individual
TXN-20251020,2026-05-23,Attock Petroleum Sialkot Khyber Pass Pump,Attock Petroleum,Sialkot,Punjab,CNG,207.44,11930.7,,JazzCash,Corporate Fleet
TXN-20251021,2026-04-05,Attock Petroleum Sialkot Saddar Filling Station,Attock Petroleum,Sialkot,Punjab,High Speed Diesel,303.49,43.27,13132.01,CASH,Corporate Fleet
TXN-20251022,2025-11-19,Total Parco Lahore G-11 Markaz Station,Total Parco,Lahore,Punjab,High Speed Diesel,297.22,27.11,8057.63,Fleet Card,individual
TXN-20251023,2025-02-23,Shell Rawalpindi Gulberg Station,Shell,Rawalpindi,Punjab,Super (92 Ron),268.55,,,cash,Agriculture
TXN-20251024,2026-03-01,Attock Petroleum Faisalabad Industrial Area Pump,Attock Petroleum,Faisalabad,Punjab,CNG,203.12,133.87,27191.67,cash,Corporate Fleet
TXN-20251025,2025-06-06,Shell Lahore F-7 Markaz Pump,Shell,Lahore,Punjab,Super (92 Ron),277.28,80.74,22387.59,EasyPaisa,Corporate Fleet
TXN-20251026,2025-08-06,Hascol Multan Super Highway Station,Hascol,Multan,Punjab,Super (92 Ron),262.94,97.39,25607.73,Fleet Card,individual
TXN-20251027,20-May-25,Cnergyico Multan Hub River Road Pump,Cnergyico,Multan,Punjab,CNG,213.79,48.3,10326.06,Fleet Card,Corporate
TXN-20251028,2026-06-04,PSO Rawalpindi Cantt Filling Point,PSO,Rawalpindi,Punjab,Hi-Octane (97 Ron),319.57,5.91,1888.66,Cash,Government
TXN-20251029,2025-10-22,Attock Petroleum Sialkot Saddar Filling Station,Attock Petroleum,Sialkot,Punjab,Super (92 Ron),269.79,132.56,35763.36,Credit Card,
TXN-20251030,2025-09-08,PSO Lahore GT Road Service,PSO,Lahore,Punjab,Hi-Octane (97 Ron),324.75,128.76,41814.81,CASH,Government
TXN-20251031,2025-04-05,Shell Karachi Karsaz Service Station,Shell,Karachi,Sindh,CNG,207.62,138.29,28711.77,Fleet Card,Agriculture
TXN-20251032,2025-09-14,Attock Petroleum Islamabad Industrial Area Pump,Attock Petroleum,Islamabad,Islamabad ICT,Hi-Octane (97 Ron),306.55,7896.77,2420754.84,cash,individual
TXN-20251033,2026-04-03,Total Parco Rawalpindi Shahrah-e-Faisal Point,Total Parco,Rawalpindi,Punjab,CNG,212.66,22.05,4689.15,Cash,Individual
TXN-20251034,2025-12-04,Cnergyico Quetta Multan Road Filling Point,Cnergyico,Quetta,Balochistan,Hi-Octane (97 Ron),302.38,74.04,22388.22,Mobile Wallet,individual
TXN-20251035,2026-07-31,PSO Peshawar Clifton Service Station,PSO,Peshawar,KPK,CNG,204.69,138.12,28271.78,cash,Corporate
TXN-20251036,02-Mar-26,Total Parco Faisalabad Shahrah-e-Faisal Point,Total Parco,Faisalabad,Punjab,CNG,209.51,112.37,23542.64,Cash,Government
TXN-20251037,27-Jan-25,Attock Petroleum Rawalpindi Motorway Service Area,Attock Petroleum,Rawalpindi,Punjab,High Speed Diesel,304.47,53.48,19539.67,cash,Individual
TXN-20251038,2025-02-10,PSO Karachi Blue Area Station,PSO,Karachi,Sindh,High Speed Diesel,302.15,74.4,,Credit Card,Individual
TXN-20251039,2025-08-15,Total Parco Karachi Shahrah-e-Faisal Point,Total Parco,Karachi,Sindh,Hi-Octane (97 Ron),315.85,14.28,,Fleet Card,individual
TXN-20251040,2025-12-20,PSO Karachi Clifton Service Station,PSO,Karachi,Sindh,CNG,201.32,80.96,16298.87,cash,Corporate Fleet
TXN-20251041,2026-02-03,Shell Karachi University Road Pump,Shell,Karachi,Sindh,Hi-Octane (97 Ron),305.43,124.24,37946.62,Cash,Agriculture
TXN-20251042,2025-07-28,Total Parco Multan Jail Road Petrol Pump,Total Parco,Multan,Punjab,High Speed Diesel,9999.0,16.59,165883.41,credit card,Government
TXN-20251043,2025-12-30,Shell Islamabad University Road Pump,Shell,Islamabad,Islamabad ICT,Super (92 Ron),283.47,83.07,28257.42,Credit Card,Individual
TXN-20251044,19/12/2025,Cnergyico Karachi Murree Road Station,Cnergyico,Karachi,Sindh,CNG,209.17,127.33,26633.62,Cash,Individual
TXN-20251045,26-Oct-25,PSO Rawalpindi Defence Filling Point,PSO,Rawalpindi,Punjab,High Speed Diesel,285.53,118.36,33795.33,Cash,Individual
TXN-20251046,2025-02-17,Shell Islamabad F-7 Markaz Pump,Shell,Islamabad,Islamabad ICT,Super (92 Ron),276.74,103.14,28542.96,Mobile Wallet,Agriculture
TXN-20251047,2025-03-20,Attock Petroleum Islamabad Khyber Pass Pump,Attock Petroleum,Islamabad,Islamabad ICT,High Speed Diesel,283.59,58.24,16516.28,CASH,Corporate
TXN-20251048,18/07/2026,Total Parco Quetta G-11 Markaz Station,Total Parco,Quetta,Balochistan,High Speed Diesel,274.59,67.01,18400.28,Mobile Wallet,Corporate Fleet
TXN-20251049,2026-01-23,Shell Karachi Gulberg Station,Shell,Karachi,Sindh,Hi-Octane (97 Ron),322.29,21.34,6877.67,credit card,Government
TXN-20251050,07-Jan-25,Total Parco Sialkot G-11 Markaz Station,Total Parco,Sialkot,Punjab,High Speed Diesel,281.62,131.68,37083.72,cash,Corporate
TXN-20251051,2026-06-06,Shell Multan F-7 Markaz Pump,Shell,Multan,Punjab,Hi-Octane (97 Ron),301.21,36.87,11105.61,EasyPaisa,Corporate Fleet
TXN-20251052,2026-07-07,Shell Quetta Karsaz Service Station,Shell,Quetta,Balochistan,High Speed Diesel,295.89,148.64,43981.09,Cash,individual
TXN-20251053,2025-11-16,PSO Rawalpindi Clifton Service Station,PSO,Rawalpindi,Punjab,Hi-Octane (97 Ron),326.92,18.32,5989.17,EasyPaisa,Agriculture
TXN-20251054,2025-02-24,PSO Multan Cantt Filling Point,PSO,Multan,Punjab,Hi-Octane (97 Ron),304.5,99.89,30416.51,Credit Card,Corporate Fleet
TXN-20251055,2026-03-23,Shell Islamabad Mall Road Station,Shell,Islamabad,Islamabad ICT,CNG,207.62,84.86,17618.63,Cash,Government
TXN-20251056,2025-02-19,Cnergyico Sialkot Murree Road Station,Cnergyico,Sialkot,Punjab,CNG,212.45,98.69,20966.69,EasyPaisa,Corporate Fleet
TXN-20251057,2026-01-03,Cnergyico Rawalpindi Hub River Road Pump,Cnergyico,Rawalpindi,Punjab,Super (92 Ron),276.94,126.78,35110.45,JazzCash,Corporate Fleet
TXN-20251058,2025-05-21,Hascol Lahore Super Highway Station,Hascol,Lahore,Punjab,High Speed Diesel,302.6,52.74,15959.12,Credit Card,Individual
TXN-20251059,2025-09-20,PSO Karachi Lytton Road Pump,PSO,Karachi,Sindh,Hi-Octane (97 Ron),305.0,14.46,4410.3,Mobile Wallet,Corporate
TXN-20251060,2026-06-27,PSO Quetta GT Road Service,PSO,Quetta,Balochistan,High Speed Diesel,273.54,102.5,,credit card,Individual
TXN-20251061,2025-07-30,Shell Karachi F-7 Markaz Pump,Shell,Karachi,Sindh,High Speed Diesel,298.24,35.83,10685.94,EasyPaisa,Government
TXN-20251062,2025-06-09,Total Parco Karachi Jail Road Petrol Pump,Total Parco,Karachi,Sindh,High Speed Diesel,286.36,51.65,14790.49,JazzCash,Agriculture
TXN-20251063,2025-09-12,PSO Islamabad GT Road Service,PSO,Islamabad,Islamabad ICT,CNG,205.93,57.21,11781.26,cash,Agriculture
TXN-20251064,2026-02-20,Attock Petroleum Multan Saddar Filling Station,Attock Petroleum,Multan,Punjab,Hi-Octane (97 Ron),303.91,99.03,,CASH,Corporate
TXN-20251065,2025-05-30,Hascol Peshawar Super Highway Station,Hascol,Peshawar,KPK,High Speed Diesel,288.18,16.96,4887.53,EasyPaisa,Corporate Fleet
TXN-20251065,2025-05-30,Hascol Peshawar Super Highway Station,Hascol,Peshawar,KPK,High Speed Diesel,288.18,16.96,4887.53,EasyPaisa,Corporate Fleet
TXN-20251066,2025-07-11,Shell Quetta Gulberg Station,Shell,Quetta,Balochistan,Hi-Octane (97 Ron),312.69,87.23,27275.95,Fleet Card,individual
TXN-20251067,2025-07-17,Shell Multan Karsaz Service Station,Shell,Multan,Punjab,CNG,218.7,106.52,23295.92,Cash,Corporate
TXN-20251068,2026-03-23,Attock Petroleum Rawalpindi Khyber Pass Pump,Attock Petroleum,Rawalpindi,Punjab,Hi-Octane (97 Ron),321.71,46.47,14949.86,,Government
TXN-20251069,2026-05-14,Total Parco Islamabad G-11 Markaz Station,Total Parco,Islamabad,Islamabad ICT,High Speed Diesel,294.62,53.55,15776.9,JazzCash,Corporate Fleet
TXN-20251070,2025-02-08,PSO Islamabad Cantt Filling Point,PSO,Islamabad,Islamabad ICT,High Speed Diesel,282.2,143.81,40583.18,Cash,individual
TXN-20251071,12-Jan-25,Shell Sialkot University Road Pump,Shell,Sialkot,Punjab,CNG,206.59,1685.0,348104.15,Credit Card,Government
TXN-20251072,2025-02-18,PSO Faisalabad Blue Area Station,PSO,Faisalabad,Punjab,Super (92 Ron),285.42,125.4,35791.67,Debit Card,Agriculture
TXN-20251073,2025-04-17,PSO Karachi Lytton Road Pump,PSO,Karachi,Sindh,High Speed Diesel,275.06,149.36,41082.96,Cash,Agriculture
TXN-20251074,2025-11-16,Attock Petroleum Lahore Motorway Service Area,Attock Petroleum,Lahore,Punjab,CNG,201.38,,,cash,Agriculture
TXN-20251075,2025-10-21,Attock Petroleum Lahore Motorway Service Area,Attock Petroleum,Lahore,Punjab,Hi-Octane (97 Ron),310.75,68.81,21382.71,Credit Card,Corporate
TXN-20251076,2025-10-20,Attock Petroleum Quetta Saddar Filling Station,Attock Petroleum,Quetta,Balochistan,Hi-Octane (97 Ron),309.64,91.63,,CASH,Corporate
TXN-20251077,2025-06-18,Cnergyico Lahore Hub River Road Pump,Cnergyico,Lahore,Punjab,High Speed Diesel,284.18,47.84,13595.17,Credit Card,individual
TXN-20251078,11/05/2026,PSO Sialkot Cantt Filling Point,PSO,Sialkot,Punjab,High Speed Diesel,274.39,0.0,0.0,Debit Card,Agriculture
TXN-20251079,2025-07-23,Total Parco Peshawar Shahrah-e-Faisal Point,Total Parco,Peshawar,KPK,High Speed Diesel,284.56,123.07,35020.8,Fleet Card,Corporate Fleet
TXN-20251079,2025-07-23,Total Parco Peshawar Shahrah-e-Faisal Point,Total Parco,Peshawar,KPK,High Speed Diesel,284.56,123.07,35020.8,Fleet Card,Corporate Fleet
TXN-20251080,2026-05-11,Hascol Peshawar Super Highway Station,Hascol,Peshawar,KPK,Hi-Octane (97 Ron),309.53,96.02,29721.07,Mobile Wallet,Individual
TXN-20251081,2026-02-28,Total Parco Peshawar G-11 Markaz Station,Total Parco,Peshawar,KPK,Hi-Octane (97 Ron),327.27,134.45,44001.45,EasyPaisa,individual
TXN-20251082,2026-04-01,Hascol Multan Hayatabad Filling Station,Hascol,Multan,Punjab,High Speed Diesel,291.92,103.7,30272.1,CASH,Corporate Fleet
TXN-20251083,2025-01-30,Total Parco Multan Jail Road Petrol Pump,Total Parco,Multan,Punjab,High Speed Diesel,276.87,84.06,23273.69,cash,Corporate
TXN-20251084,2025-09-10,Shell Lahore University Road Pump,Shell,Lahore,Punjab,CNG,213.25,104.71,22329.41,Mobile Wallet,Agriculture
TXN-20251085,2025-02-26,Hascol Faisalabad Ferozepur Road Pump,Hascol,Faisalabad,Punjab,Hi-Octane (97 Ron),306.03,11.84,3623.4,credit card,Government
TXN-20251086,06-Jan-25,PSO Rawalpindi Lytton Road Pump,PSO,Rawalpindi,Punjab,Hi-Octane (97 Ron),309.5,138.18,42766.71,Debit Card,Agriculture
TXN-20251087,01-Jul-25,Cnergyico Rawalpindi Murree Road Station,Cnergyico,Rawalpindi,Punjab,High Speed Diesel,303.72,87.72,26642.32,Cash,Government
TXN-20251088,2025-01-19,Total Parco Quetta Jail Road Petrol Pump,Total Parco,Quetta,Balochistan,Super (92 Ron),260.67,15.87,4136.83,EasyPaisa,Individual
TXN-20251089,2025-10-26,PSO Peshawar Blue Area Station,PSO,Peshawar,KPK,Super (92 Ron),271.71,7.53,2045.98,JazzCash,individual
TXN-20251090,2025-12-08,Shell Lahore Mall Road Station,Shell,Lahore,Punjab,Super (92 Ron),281.67,99.78,28105.03,CASH,Government
TXN-20251091,2025-02-18,Hascol Peshawar Hayatabad Filling Station,Hascol,Peshawar,KPK,CNG,204.71,138.3,28311.39,cash,individual
TXN-20251092,10/08/2025,Shell Islamabad Gulberg Station,Shell,Islamabad,Islamabad ICT,Super (92 Ron),261.13,92.62,24185.86,JazzCash,Individual
TXN-20251093,2025-05-23,PSO Quetta Defence Filling Point,PSO,Quetta,Balochistan,CNG,212.06,64.24,13622.73,credit card,individual
TXN-20251094,2026-02-16,Hascol Faisalabad Hayatabad Filling Station,Hascol,Faisalabad,Punjab,Hi-Octane (97 Ron),325.67,147.33,47980.96,JazzCash,Corporate
TXN-20251095,2025-01-28,Shell Islamabad University Road Pump,Shell,Islamabad,Islamabad ICT,High Speed Diesel,281.97,94.51,26648.98,Mobile Wallet,Government
TXN-20251096,2025-02-22,Cnergyico Karachi Hub River Road Pump,Cnergyico,Karachi,Sindh,Hi-Octane (97 Ron),305.69,,,Cash,individual
TXN-20251097,2025-07-02,PSO Sialkot Cantt Filling Point,PSO,Sialkot,Punjab,High Speed Diesel,301.73,118.76,35833.45,EasyPaisa,Corporate Fleet
TXN-20251098,2025-10-08,Attock Petroleum Peshawar Motorway Service Area,Attock Petroleum,Peshawar,KPK,CNG,210.49,102.48,21571.02,Mobile Wallet,individual
TXN-20251099,2025-03-24,Hascol Karachi Super Highway Station,Hascol,Karachi,Sindh,Super (92 Ron),270.77,56.51,15301.21,Fleet Card,Corporate Fleet
TXN-20251100,03-May-25,Cnergyico Sialkot Hub River Road Pump,Cnergyico,Sialkot,Punjab,High Speed Diesel,272.85,22.15,6043.63,EasyPaisa,Corporate
TXN-20251101,2025-01-04,Cnergyico Faisalabad Hub River Road Pump,Cnergyico,Faisalabad,Punjab,Hi-Octane (97 Ron),305.81,5297.16,,Debit Card,individual
TXN-20251102,09/05/2025,Shell Islamabad Mall Road Station,Shell,Islamabad,Islamabad ICT,CNG,200.84,64.01,,Credit Card,Government
TXN-20251103,2026-03-03,Shell Quetta F-7 Markaz Pump,Shell,Quetta,Balochistan,CNG,217.96,15.76,3435.05,cash,Corporate
TXN-20251104,14/05/2025,Hascol Lahore Hayatabad Filling Station,Hascol,Lahore,Punjab,Hi-Octane (97 Ron),299.23,101.52,30377.83,JazzCash,Individual
TXN-20251105,2025-03-06,Shell Islamabad Karsaz Service Station,Shell,Islamabad,Islamabad ICT,Hi-Octane (97 Ron),326.19,55.31,,CASH,Government
TXN-20251106,2025-12-16,Hascol Peshawar Super Highway Station,Hascol,Peshawar,KPK,CNG,212.6,20.56,4371.06,Mobile Wallet,individual
TXN-20251107,2026-02-04,Total Parco Rawalpindi G-11 Markaz Station,Total Parco,Rawalpindi,Punjab,Super (92 Ron),264.8,81.01,,Fleet Card,Agriculture
TXN-20251108,2026-04-30,Shell Peshawar F-7 Markaz Pump,Shell,Peshawar,KPK,Super (92 Ron),279.15,88.87,,credit card,Government
TXN-20251109,2025-11-26,Hascol Faisalabad Hayatabad Filling Station,Hascol,Faisalabad,Punjab,Super (92 Ron),262.38,519.11,136204.08,Debit Card,Agriculture
TXN-20251110,2025-05-23,Shell Quetta University Road Pump,Shell,Quetta,Balochistan,Hi-Octane (97 Ron),325.46,45.83,14915.83,CASH,individual
TXN-20251111,15/08/2026,Hascol Islamabad Super Highway Station,Hascol,Islamabad,Islamabad ICT,Super (92 Ron),272.55,102.25,27868.24,JazzCash,individual
TXN-20251112,2026-03-10,Hascol Sialkot Super Highway Station,Hascol,Sialkot,Punjab,Hi-Octane (97 Ron),324.9,124.83,40557.27,CASH,Government
TXN-20251113,2026-04-14,Attock Petroleum Islamabad Industrial Area Pump,Attock Petroleum,Islamabad,Islamabad ICT,Super (92 Ron),287.59,54.54,15685.16,credit card,Corporate Fleet
TXN-20251114,2025-09-08,Shell Rawalpindi F-7 Markaz Pump,Shell,Rawalpindi,Punjab,CNG,216.26,73.73,15944.85,Debit Card,Individual
TXN-20251115,2026-02-26,Cnergyico Rawalpindi Murree Road Station,Cnergyico,Rawalpindi,Punjab,High Speed Diesel,289.49,3737.57,1081989.14,Credit Card,Government
TXN-20251116,2025-06-14,Cnergyico Faisalabad Multan Road Filling Point,Cnergyico,Faisalabad,Punjab,High Speed Diesel,279.71,84.63,23671.86,JazzCash,Corporate Fleet
TXN-20251117,2026-08-31,Hascol Sialkot Hayatabad Filling Station,Hascol,Sialkot,Punjab,Super (92 Ron),276.75,,,JazzCash,Agriculture
TXN-20251118,2025-07-08,Cnergyico Sialkot Multan Road Filling Point,Cnergyico,Sialkot,Punjab,High Speed Diesel,301.14,31.15,9380.51,Credit Card,Corporate
TXN-20251119,2026-06-07,Shell Quetta F-7 Markaz Pump,Shell,Quetta,Balochistan,High Speed Diesel,286.66,80.16,22978.67,Fleet Card,Agriculture
TXN-20251120,2025-01-01,Hascol Lahore Super Highway Station,Hascol,Lahore,Punjab,High Speed Diesel,301.66,127.54,38473.72,EasyPaisa,individual
TXN-20251121,2025-12-26,Cnergyico Rawalpindi Hub River Road Pump,Cnergyico,Rawalpindi,Punjab,High Speed Diesel,300.81,42.13,12673.13,Credit Card,
TXN-20251122,2026-05-08,Attock Petroleum Sialkot Motorway Service Area,Attock Petroleum,Sialkot,Punjab,CNG,214.18,103.59,22186.91,Fleet Card,Individual
TXN-20251123,2025-04-19,Total Parco Quetta Jail Road Petrol Pump,Total Parco,Quetta,Balochistan,Super (92 Ron),266.37,146.83,39111.11,Debit Card,Corporate Fleet
TXN-20251124,2025-05-10,Total Parco Faisalabad Shahrah-e-Faisal Point,Total Parco,Faisalabad,Punjab,Super (92 Ron),269.98,7.35,1984.35,JazzCash,Individual
TXN-20251125,2025-03-14,Cnergyico Sialkot Multan Road Filling Point,Cnergyico,Sialkot,Punjab,CNG,207.94,8.68,1804.92,Cash,Agriculture
TXN-20251126,2025-09-25,PSO Peshawar Cantt Filling Point,PSO,Peshawar,KPK,High Speed Diesel,283.56,76.74,21760.39,cash,individual
TXN-20251127,2026-08-09,Shell Islamabad Gulberg Station,Shell,Islamabad,Islamabad ICT,Hi-Octane (97 Ron),302.94,16.06,4865.22,Credit Card,Agriculture
TXN-20251128,2025-09-27,Total Parco Karachi Thokar Niaz Baig Station,Total Parco,Karachi,Sindh,CNG,203.78,65.61,13370.01,Debit Card,Corporate Fleet
TXN-20251129,30/06/2026,Shell Multan Karsaz Service Station,Shell,Multan,Punjab,Super (92 Ron),277.46,34.45,9558.5,CASH,individual
TXN-20251130,29/05/2025,Attock Petroleum Lahore Motorway Service Area,Attock Petroleum,Lahore,Punjab,High Speed Diesel,300.51,60.47,18171.84,Debit Card,Agriculture
TXN-20251131,2025-06-09,Attock Petroleum Quetta Saddar Filling Station,Attock Petroleum,Quetta,Balochistan,Super (92 Ron),274.66,63.86,,Credit Card,Corporate
TXN-20251132,2025-02-20,Attock Petroleum Multan Motorway Service Area,Attock Petroleum,Multan,Punjab,CNG,203.64,50.84,10353.06,JazzCash,Government
TXN-20251133,2025-01-11,Shell Rawalpindi Karsaz Service Station,Shell,Rawalpindi,Punjab,Super (92 Ron),274.25,76.07,20862.2,Cash,Agriculture
TXN-20251134,2025-07-22,Cnergyico Islamabad Hub River Road Pump,Cnergyico,Islamabad,Islamabad ICT,Hi-Octane (97 Ron),315.26,65.97,20797.7,Mobile Wallet,Government
TXN-20251135,2025-12-07,Cnergyico Lahore Hub River Road Pump,Cnergyico,Lahore,Punjab,CNG,205.46,97.15,19960.44,credit card,Government
TXN-20251136,2025-06-15,PSO Multan Defence Filling Point,PSO,Multan,Punjab,Super (92 Ron),261.82,104.92,27470.15,cash,Individual
TXN-20251137,2025-07-23,Attock Petroleum Sialkot Motorway Service Area,Attock Petroleum,Sialkot,Punjab,Hi-Octane (97 Ron),305.1,65.07,19852.86,Cash,Corporate Fleet
TXN-20251138,2026-02-03,Cnergyico Sialkot Murree Road Station,Cnergyico,Sialkot,Punjab,Hi-Octane (97 Ron),314.4,79.66,25045.1,Fleet Card,Corporate Fleet
TXN-20251139,2025-04-24,Shell Rawalpindi Gulberg Station,Shell,Rawalpindi,Punjab,Hi-Octane (97 Ron),300.85,139.54,,Mobile Wallet,Government
TXN-20251140,2025-12-11,Total Parco Lahore Thokar Niaz Baig Station,Total Parco,Lahore,Punjab,Super (92 Ron),264.19,6.49,1714.59,Cash,Government
TXN-20251141,2026-02-25,Cnergyico Islamabad Multan Road Filling Point,Cnergyico,Islamabad,Islamabad ICT,Hi-Octane (97 Ron),302.02,76.7,23164.93,,individual
TXN-20251142,2026-06-02,Total Parco Quetta G-11 Markaz Station,Total Parco,Quetta,Balochistan,Hi-Octane (97 Ron),324.3,1311.41,425290.26,Fleet Card,Corporate Fleet
TXN-20251143,05-Jul-25,Hascol Islamabad Hayatabad Filling Station,Hascol,Islamabad,Islamabad ICT,Super (92 Ron),278.01,131.59,36583.34,JazzCash,individual
TXN-20251144,2026-01-11,Hascol Quetta Ferozepur Road Pump,Hascol,Quetta,Balochistan,CNG,213.4,73.85,15759.59,,Corporate
TXN-20251145,2025-10-28,Attock Petroleum Peshawar Industrial Area Pump,Attock Petroleum,Peshawar,KPK,High Speed Diesel,292.81,23.41,6854.68,Mobile Wallet,Corporate
TXN-20251146,2025-11-21,Shell Lahore F-7 Markaz Pump,Shell,Lahore,Punjab,CNG,210.66,128.01,26966.59,credit card,Government
TXN-20251147,2025-11-12,Hascol Lahore Ferozepur Road Pump,Hascol,Lahore,Punjab,CNG,211.8,100.48,21281.66,credit card,Individual
TXN-20251148,2026-05-25,PSO Peshawar Defence Filling Point,PSO,Peshawar,KPK,High Speed Diesel,270.17,128.5,,cash,Individual
TXN-20251149,2025-09-13,Hascol Lahore Ferozepur Road Pump,Hascol,Lahore,Punjab,Hi-Octane (97 Ron),317.44,6.5,2063.36,cash,Agriculture
TXN-20251150,2025-05-14,Hascol Sialkot Hayatabad Filling Station,Hascol,Sialkot,Punjab,Super (92 Ron),270.96,21.38,5793.12,Fleet Card,Government
TXN-20251151,2025-11-04,Cnergyico Rawalpindi Multan Road Filling Point,Cnergyico,Rawalpindi,Punjab,Hi-Octane (97 Ron),307.46,123.19,37876.0,Mobile Wallet,Government
TXN-20251152,2025-04-23,Attock Petroleum Lahore Saddar Filling Station,Attock Petroleum,Lahore,Punjab,Super (92 Ron),281.59,87.56,24656.02,Cash,Corporate Fleet
TXN-20251153,2026-01-18,Hascol Karachi Hayatabad Filling Station,Hascol,Karachi,Sindh,Hi-Octane (97 Ron),315.41,13.37,4217.03,CASH,Individual
TXN-20251154,2025-03-11,PSO Quetta Cantt Filling Point,PSO,Quetta,Balochistan,CNG,217.17,138.13,29997.69,Credit Card,Corporate Fleet
TXN-20251155,2025-03-20,Attock Petroleum Karachi Khyber Pass Pump,Attock Petroleum,Karachi,Sindh,High Speed Diesel,298.85,64.85,19380.42,Mobile Wallet,individual
TXN-20251156,2025-12-30,PSO Islamabad Lytton Road Pump,PSO,Islamabad,Islamabad ICT,CNG,208.85,9.22,1925.6,EasyPaisa,Government
TXN-20251157,2026-07-13,Attock Petroleum Rawalpindi Khyber Pass Pump,Attock Petroleum,Rawalpindi,Punjab,Hi-Octane (97 Ron),301.1,143.71,43271.08,CASH,Corporate Fleet
TXN-20251158,2025-03-08,PSO Islamabad Lytton Road Pump,PSO,Islamabad,Islamabad ICT,Super (92 Ron),271.26,6.97,1890.68,cash,Corporate
TXN-20251159,2026-01-01,Cnergyico Islamabad Multan Road Filling Point,Cnergyico,Islamabad,Islamabad ICT,High Speed Diesel,291.27,141.4,41185.58,Mobile Wallet,Individual
TXN-20251160,2026-05-24,Total Parco Karachi G-11 Markaz Station,Total Parco,Karachi,Sindh,Super (92 Ron),278.29,7067.81,1966900.84,credit card,Corporate Fleet
TXN-20251161,14/04/2025,Hascol Islamabad Hayatabad Filling Station,Hascol,Islamabad,Islamabad ICT,CNG,203.95,61.77,12597.99,JazzCash,Agriculture
TXN-20251162,2026-06-07,Attock Petroleum Faisalabad Khyber Pass Pump,Attock Petroleum,Faisalabad,Punjab,High Speed Diesel,292.48,14.74,4311.16,Debit Card,Corporate Fleet
TXN-20251163,26-Oct-25,Cnergyico Faisalabad Hub River Road Pump,Cnergyico,Faisalabad,Punjab,CNG,211.58,94.89,20076.83,Fleet Card,Corporate
TXN-20251164,2025-11-23,PSO Faisalabad Blue Area Station,PSO,Faisalabad,Punjab,Super (92 Ron),282.77,55.5,15693.73,Mobile Wallet,Corporate Fleet
TXN-20251165,2026-05-17,Cnergyico Multan Hub River Road Pump,Cnergyico,Multan,Punjab,CNG,201.67,28.54,5755.66,Fleet Card,Individual
TXN-20251166,2025-07-17,Total Parco Karachi G-11 Markaz Station,Total Parco,Karachi,Sindh,Hi-Octane (97 Ron),295.97,5451.93,1613607.72,cash,Agriculture
TXN-20251167,2025-06-23,Shell Islamabad Mall Road Station,Shell,Islamabad,Islamabad ICT,Hi-Octane (97 Ron),-99.0,127.6,-12632.4,JazzCash,individual
TXN-20251168,2026-02-12,Attock Petroleum Quetta Motorway Service Area,Attock Petroleum,Quetta,Balochistan,Hi-Octane (97 Ron),306.05,83.22,25469.48,JazzCash,Agriculture
TXN-20251169,2025-08-19,Shell Multan Mall Road Station,Shell,Multan,Punjab,High Speed Diesel,295.04,128.44,37894.94,credit card,Agriculture
TXN-20251170,2026-06-23,Shell Faisalabad F-7 Markaz Pump,Shell,Faisalabad,Punjab,High Speed Diesel,297.81,9.46,2817.28,cash,Individual
TXN-20251171,2026-08-13,Cnergyico Faisalabad Murree Road Station,Cnergyico,Faisalabad,Punjab,Hi-Octane (97 Ron),327.78,91.12,29867.31,credit card,Corporate Fleet
TXN-20251172,2025-04-20,Attock Petroleum Quetta Khyber Pass Pump,Attock Petroleum,Quetta,Balochistan,Hi-Octane (97 Ron),305.64,47.13,14404.81,EasyPaisa,Individual
TXN-20251173,2026-04-19,Total Parco Rawalpindi Thokar Niaz Baig Station,Total Parco,Rawalpindi,Punjab,High Speed Diesel,280.33,100.47,28164.76,Mobile Wallet,Government
TXN-20251174,08/02/2025,Hascol Lahore Ferozepur Road Pump,Hascol,Lahore,Punjab,Super (92 Ron),262.41,3369.26,884127.52,CASH,Individual
TXN-20251175,2025-04-25,Attock Petroleum Islamabad Khyber Pass Pump,Attock Petroleum,Islamabad,Islamabad ICT,CNG,210.56,9273.64,1952657.64,Credit Card,Agriculture
TXN-20251176,26/03/2025,PSO Faisalabad Cantt Filling Point,PSO,Faisalabad,Punjab,CNG,202.1,11699.74,2364517.45,CASH,Agriculture
TXN-20251177,2025-11-23,Attock Petroleum Sialkot Industrial Area Pump,Attock Petroleum,Sialkot,Punjab,High Speed Diesel,-99.0,36.05,-3568.95,CASH,Individual
TXN-20251178,14-Jul-25,PSO Rawalpindi GT Road Service,PSO,Rawalpindi,Punjab,CNG,,10034.43,,CASH,Government
TXN-20251179,2026-08-23,PSO Rawalpindi Defence Filling Point,PSO,Rawalpindi,Punjab,Super (92 Ron),285.79,132.52,37872.89,Cash,Agriculture
TXN-20251180,2025-10-11,Total Parco Islamabad G-11 Markaz Station,Total Parco,Islamabad,Islamabad ICT,High Speed Diesel,299.1,72.15,21580.07,credit card,Corporate Fleet
TXN-20251181,2025-04-08,PSO Peshawar Lytton Road Pump,PSO,Peshawar,KPK,High Speed Diesel,295.77,117.64,34794.38,EasyPaisa,Government
TXN-20251182,2026-04-13,Shell Multan Karsaz Service Station,Shell,Multan,Punjab,CNG,218.68,47.45,10376.37,Cash,Agriculture
TXN-20251183,2025-02-05,PSO Peshawar Lytton Road Pump,PSO,Peshawar,KPK,Super (92 Ron),281.29,48.2,13558.18,Credit Card,Government
TXN-20251184,2025-03-25,Hascol Rawalpindi Hayatabad Filling Station,Hascol,Rawalpindi,Punjab,CNG,200.83,137.52,27618.14,Fleet Card,Individual
TXN-20251185,25/03/2026,Attock Petroleum Multan Industrial Area Pump,Attock Petroleum,Multan,Punjab,High Speed Diesel,273.47,123.3,33718.85,JazzCash,Agriculture
TXN-20251186,2026-01-17,Shell Lahore Gulberg Station,Shell,Lahore,Punjab,High Speed Diesel,300.8,106.87,32146.5,Mobile Wallet,Corporate
TXN-20251187,2025-02-21,Attock Petroleum Sialkot Motorway Service Area,Attock Petroleum,Sialkot,Punjab,High Speed Diesel,271.75,115.64,31425.17,CASH,Corporate Fleet
TXN-20251188,2025-04-11,Attock Petroleum Faisalabad Khyber Pass Pump,Attock Petroleum,Faisalabad,Punjab,CNG,218.38,97.68,21331.36,CASH,Government
TXN-20251189,2025-12-16,Attock Petroleum Lahore Industrial Area Pump,Attock Petroleum,Lahore,Punjab,High Speed Diesel,280.26,,,JazzCash,Corporate Fleet
TXN-20251190,22/08/2025,Shell Lahore University Road Pump,Shell,Lahore,Punjab,Hi-Octane (97 Ron),308.31,61.58,18985.73,Cash,Corporate
TXN-20251191,2025-09-21,Total Parco Sialkot G-11 Markaz Station,Total Parco,Sialkot,Punjab,High Speed Diesel,275.91,100.66,27773.1,cash,Government
TXN-20251192,2026-01-04,Hascol Lahore Hayatabad Filling Station,Hascol,Lahore,Punjab,CNG,218.71,98.16,21468.57,EasyPaisa,Corporate Fleet
TXN-20251193,2026-01-05,Attock Petroleum Islamabad Saddar Filling Station,Attock Petroleum,Islamabad,Islamabad ICT,CNG,212.46,113.37,24086.59,CASH,Government
TXN-20251194,2026-05-30,Cnergyico Peshawar Hub River Road Pump,Cnergyico,Peshawar,KPK,CNG,208.77,13.27,2770.38,credit card,Individual
TXN-20251195,2025-02-03,Total Parco Lahore Thokar Niaz Baig Station,Total Parco,Lahore,Punjab,Super (92 Ron),271.05,105.83,28685.22,credit card,individual
TXN-20251196,2025-05-19,PSO Quetta Blue Area Station,PSO,Quetta,Balochistan,Super (92 Ron),278.3,9.57,2663.33,Credit Card,Individual
TXN-20251197,2026-03-06,Shell Multan Karsaz Service Station,Shell,Multan,Punjab,CNG,,65.88,,Fleet Card,Agriculture
TXN-20251198,04/07/2026,Cnergyico Lahore Murree Road Station,Cnergyico,Lahore,Punjab,CNG,200.1,91.28,18265.13,CASH,Government
TXN-20251199,2025-04-09,Cnergyico Karachi Murree Road Station,Cnergyico,Karachi,Sindh,Hi-Octane (97 Ron),305.86,134.08,41009.71,Cash,individual
TXN-20251200,2025-03-22,Shell Faisalabad Mall Road Station,Shell,Faisalabad,Punjab,Hi-Octane (97 Ron),316.09,118.16,37349.19,Credit Card,Government
TXN-20251201,2026-01-03,Hascol Multan Super Highway Station,Hascol,Multan,Punjab,High Speed Diesel,299.32,29.28,8764.09,Cash,individual
TXN-20251202,2025-10-31,Shell Sialkot Mall Road Station,Shell,Sialkot,Punjab,Super (92 Ron),285.19,793.59,226323.93,JazzCash,Government
TXN-20251203,2025-07-24,PSO Lahore Blue Area Station,PSO,Lahore,Punjab,Hi-Octane (97 Ron),297.77,124.33,37021.74,EasyPaisa,Agriculture
TXN-20251204,2025-04-19,Cnergyico Karachi Murree Road Station,Cnergyico,Karachi,Sindh,Super (92 Ron),280.41,17.03,4775.38,Debit Card,Individual
TXN-20251205,2025-02-26,Shell Faisalabad Gulberg Station,Shell,Faisalabad,Punjab,Hi-Octane (97 Ron),321.49,53.34,17148.28,Credit Card,Government
TXN-20251206,2026-03-16,PSO Quetta GT Road Service,PSO,Quetta,Balochistan,High Speed Diesel,291.49,75.7,22065.79,Credit Card,Corporate Fleet
TXN-20251207,25/02/2025,Attock Petroleum Peshawar Industrial Area Pump,Attock Petroleum,Peshawar,KPK,Hi-Octane (97 Ron),310.16,141.88,44005.5,EasyPaisa,Agriculture
TXN-20251208,11/06/2025,Cnergyico Quetta Multan Road Filling Point,Cnergyico,Quetta,Balochistan,Super (92 Ron),267.84,6.96,1864.17,Debit Card,Individual
TXN-20251209,08/09/2025,Attock Petroleum Islamabad Saddar Filling Station,Attock Petroleum,Islamabad,Islamabad ICT,Hi-Octane (97 Ron),324.8,13.96,5441.05,Mobile Wallet,Government
TXN-20251210,2026-05-09,Attock Petroleum Quetta Khyber Pass Pump,Attock Petroleum,Quetta,Balochistan,CNG,200.0,7983.92,1596784.0,EasyPaisa,Agriculture
TXN-20251211,2026-06-28,Hascol Islamabad Super Highway Station,Hascol,Islamabad,Islamabad ICT,High Speed Diesel,275.01,134.37,36953.09,Debit Card,Corporate Fleet
TXN-20251212,2025-10-21,Shell Faisalabad F-7 Markaz Pump,Shell,Faisalabad,Punjab,CNG,201.3,7.92,1594.3,CASH,Government
TXN-20251213,2026-04-08,Total Parco Rawalpindi Jail Road Petrol Pump,Total Parco,Rawalpindi,Punjab,Super (92 Ron),283.21,39.61,11217.95,Cash,Corporate
TXN-20251214,2026-08-11,Attock Petroleum Rawalpindi Saddar Filling Station,Attock Petroleum,Rawalpindi,Punjab,High Speed Diesel,297.83,9380.1,2793675.18,Credit Card,Government
TXN-20251215,2025-10-17,Attock Petroleum Sialkot Khyber Pass Pump,Attock Petroleum,Sialkot,Punjab,Super (92 Ron),276.22,,,cash,individual
TXN-20251216,21-Mar-25,Attock Petroleum Lahore Saddar Filling Station,Attock Petroleum,Lahore,Punjab,Super (92 Ron),268.05,125.61,33669.76,JazzCash,Corporate
TXN-20251217,2026-01-01,Cnergyico Sialkot Murree Road Station,Cnergyico,Sialkot,Punjab,CNG,212.19,143.37,30421.68,CASH,individual
TXN-20251218,24-Aug-26,Cnergyico Peshawar Hub River Road Pump,Cnergyico,Peshawar,KPK,CNG,201.66,100.31,20228.51,EasyPaisa,Corporate Fleet
TXN-20251219,15/01/2026,PSO Multan GT Road Service,PSO,Multan,Punjab,Super (92 Ron),9999.0,103.55,1035396.45,EasyPaisa,Individual
TXN-20251220,2026-01-07,Hascol Peshawar Hayatabad Filling Station,Hascol,Peshawar,KPK,CNG,203.98,119.83,24442.92,Credit Card,individual
TXN-20251221,12-Jul-25,Total Parco Islamabad G-11 Markaz Station,Total Parco,Islamabad,Islamabad ICT,Super (92 Ron),281.02,125.76,35341.08,Debit Card,Corporate Fleet
TXN-20251222,2026-04-02,Cnergyico Peshawar Multan Road Filling Point,Cnergyico,Peshawar,KPK,Super (92 Ron),263.85,134.73,35548.51,Debit Card,Corporate Fleet
TXN-20251223,2025-07-02,Hascol Lahore Hayatabad Filling Station,Hascol,Lahore,Punjab,Super (92 Ron),288.32,43.43,12521.74,Fleet Card,Government
TXN-20251224,2026-02-28,Shell Faisalabad University Road Pump,Shell,Faisalabad,Punjab,Super (92 Ron),277.76,63.53,17646.09,EasyPaisa,individual
TXN-20251225,2025-07-18,Shell Quetta Mall Road Station,Shell,Quetta,Balochistan,High Speed Diesel,292.8,56.08,16420.22,Cash,individual
TXN-20251226,2026-02-06,Hascol Faisalabad Super Highway Station,Hascol,Faisalabad,Punjab,CNG,218.51,130.39,28491.52,Fleet Card,Government
TXN-20251227,12-Mar-25,Cnergyico Rawalpindi Multan Road Filling Point,Cnergyico,Rawalpindi,Punjab,CNG,206.82,24.72,5112.59,Fleet Card,Individual
TXN-20251228,2025-09-09,Cnergyico Sialkot Murree Road Station,Cnergyico,Sialkot,Punjab,Hi-Octane (97 Ron),324.61,80.38,31310.58,cash,Agriculture
TXN-20251229,2025-10-15,Cnergyico Sialkot Murree Road Station,Cnergyico,Sialkot,Punjab,Hi-Octane (97 Ron),314.6,56.74,17850.4,Credit Card,Corporate Fleet
TXN-20251230,30/04/2026,Shell Faisalabad F-7 Markaz Pump,Shell,Faisalabad,Punjab,High Speed Diesel,282.6,86.84,24540.98,Cash,Agriculture
TXN-20251231,2026-03-05,Hascol Karachi Super Highway Station,Hascol,Karachi,Sindh,Hi-Octane (97 Ron),323.24,141.46,,,Individual
TXN-20251231,2026-03-05,Hascol Karachi Super Highway Station,Hascol,Karachi,Sindh,Hi-Octane (97 Ron),323.24,141.46,,,Individual
TXN-20251232,2025-08-20,Total Parco Faisalabad Jail Road Petrol Pump,Total Parco,Faisalabad,Punjab,High Speed Diesel,304.59,29.57,9006.73,Fleet Card,Government
TXN-20251233,2025-10-21,Shell Sialkot Gulberg Station,Shell,Sialkot,Punjab,Hi-Octane (97 Ron),302.74,73.36,22209.01,Fleet Card,individual
TXN-20251234,2025-08-20,Cnergyico Karachi Hub River Road Pump,Cnergyico,Karachi,Sindh,High Speed Diesel,275.75,5.82,1604.87,credit card,Corporate Fleet
TXN-20251235,06/03/2025,Shell Peshawar Mall Road Station,Shell,Peshawar,KPK,CNG,206.48,86.94,17951.37,JazzCash,Government
TXN-20251236,2026-02-16,Cnergyico Lahore Hub River Road Pump,Cnergyico,Lahore,Punjab,Hi-Octane (97 Ron),327.22,,,Cash,Corporate Fleet
TXN-20251237,06-Aug-25,PSO Islamabad GT Road Service,PSO,Islamabad,Islamabad ICT,High Speed Diesel,290.03,19.35,5612.08,Mobile Wallet,Individual
TXN-20251238,2025-01-09,Shell Peshawar F-7 Markaz Pump,Shell,Peshawar,KPK,High Speed Diesel,291.02,8342.14,,JazzCash,individual
TXN-20251239,2026-07-20,Shell Peshawar University Road Pump,Shell,Peshawar,KPK,High Speed Diesel,285.89,8281.74,2367666.65,Cash,Corporate Fleet
TXN-20251240,2025-05-24,PSO Rawalpindi Defence Filling Point,PSO,Rawalpindi,Punjab,High Speed Diesel,282.34,96.64,,EasyPaisa,Government
TXN-20251241,2025-12-26,Hascol Lahore Super Highway Station,Hascol,Lahore,Punjab,CNG,211.09,92.62,19551.16,JazzCash,individual
TXN-20251242,2025-06-25,PSO Karachi Cantt Filling Point,PSO,Karachi,Sindh,Hi-Octane (97 Ron),329.95,106.86,35258.46,EasyPaisa,Corporate Fleet
TXN-20251243,2025-05-05,Cnergyico Karachi Hub River Road Pump,Cnergyico,Karachi,Sindh,High Speed Diesel,287.0,144.39,41439.93,EasyPaisa,Agriculture
TXN-20251244,2026-08-04,Total Parco Islamabad Thokar Niaz Baig Station,Total Parco,Islamabad,Islamabad ICT,Super (92 Ron),269.46,68.2,18377.17,CASH,Individual
TXN-20251245,24/04/2025,Shell Rawalpindi University Road Pump,Shell,Rawalpindi,Punjab,High Speed Diesel,281.4,68.43,19256.2,Mobile Wallet,Corporate Fleet
TXN-20251246,10-Feb-26,Attock Petroleum Islamabad Saddar Filling Station,Attock Petroleum,Islamabad,Islamabad ICT,Super (92 Ron),267.61,136.85,,CASH,individual
TXN-20251247,2025-12-14,Hascol Lahore Hayatabad Filling Station,Hascol,Lahore,Punjab,Hi-Octane (97 Ron),320.64,93.06,29838.76,Credit Card,Individual
TXN-20251248,2025-02-28,Cnergyico Peshawar Murree Road Station,Cnergyico,Peshawar,KPK,CNG,208.11,139.67,29066.72,EasyPaisa,Government
TXN-20251249,2025-09-15,Total Parco Rawalpindi G-11 Markaz Station,Total Parco,Rawalpindi,Punjab,Super (92 Ron),277.95,53.05,14745.25,CASH,Corporate
TXN-20251250,2026-05-10,Shell Sialkot Gulberg Station,Shell,Sialkot,Punjab,Super (92 Ron),283.27,30.47,8631.24,Mobile Wallet,Agriculture
TXN-20251251,14-Feb-25,Hascol Quetta Ferozepur Road Pump,Hascol,Quetta,Balochistan,Super (92 Ron),268.06,120.02,32172.56,CASH,individual
TXN-20251252,2026-02-02,Shell Rawalpindi F-7 Markaz Pump,Shell,Rawalpindi,Punjab,CNG,205.24,27.75,5695.41,Credit Card,Corporate Fleet
TXN-20251253,2026-01-17,Total Parco Sialkot Jail Road Petrol Pump,Total Parco,Sialkot,Punjab,Hi-Octane (97 Ron),311.81,147.74,46066.81,JazzCash,Government
TXN-20251254,2025-02-27,Total Parco Multan Shahrah-e-Faisal Point,Total Parco,Multan,Punjab,Super (92 Ron),265.3,87.42,23192.53,cash,Agriculture
TXN-20251255,2025-10-09,PSO Multan Clifton Service Station,PSO,Multan,Punjab,CNG,212.46,9.63,2045.99,Mobile Wallet,Corporate
TXN-20251256,2026-05-21,Shell Multan University Road Pump,Shell,Multan,Punjab,CNG,213.87,100.52,21498.21,EasyPaisa,Agriculture
TXN-20251257,2026-01-25,Shell Quetta Gulberg Station,Shell,Quetta,Balochistan,Super (92 Ron),285.95,115.43,33007.21,EasyPaisa,Government
TXN-20251258,2025-08-24,Cnergyico Lahore Hub River Road Pump,Cnergyico,Lahore,Punjab,Super (92 Ron),,143.43,,EasyPaisa,Government
TXN-20251259,2025-03-20,Cnergyico Karachi Hub River Road Pump,Cnergyico,Karachi,Sindh,High Speed Diesel,283.31,11.73,3323.23,cash,Agriculture
TXN-20251260,2026-03-12,Cnergyico Sialkot Hub River Road Pump,Cnergyico,Sialkot,Punjab,Hi-Octane (97 Ron),315.58,125.48,39598.98,,Agriculture
TXN-20251261,2026-06-27,PSO Peshawar Cantt Filling Point,PSO,Peshawar,KPK,High Speed Diesel,285.78,10.62,3034.98,Debit Card,Corporate Fleet
TXN-20251262,09-Aug-26,Cnergyico Islamabad Hub River Road Pump,Cnergyico,Islamabad,Islamabad ICT,CNG,201.67,83.66,16871.71,Credit Card,Government
TXN-20251263,13-Oct-25,Hascol Quetta Super Highway Station,Hascol,Quetta,Balochistan,Hi-Octane (97 Ron),306.51,120.17,36833.31,Mobile Wallet,Corporate Fleet
TXN-20251264,2026-04-11,Hascol Islamabad Super Highway Station,Hascol,Islamabad,Islamabad ICT,High Speed Diesel,284.0,76.47,21717.48,Cash,Agriculture
TXN-20251265,02-Aug-25,Attock Petroleum Sialkot Motorway Service Area,Attock Petroleum,Sialkot,Punjab,CNG,216.98,1665.59,361399.72,credit card,Agriculture
TXN-20251266,2025-02-12,Cnergyico Faisalabad Murree Road Station,Cnergyico,Faisalabad,Punjab,Hi-Octane (97 Ron),,17.54,,CASH,individual
TXN-20251267,2025-07-27,Total Parco Peshawar Shahrah-e-Faisal Point,Total Parco,Peshawar,KPK,Super (92 Ron),263.81,112.56,29694.45,cash,Individual
TXN-20251268,2026-08-08,PSO Quetta GT Road Service,PSO,Quetta,Balochistan,Hi-Octane (97 Ron),312.5,97.99,30621.88,Credit Card,Agriculture
TXN-20251268,2026-08-08,PSO Quetta GT Road Service,PSO,Quetta,Balochistan,Hi-Octane (97 Ron),312.5,97.99,30621.88,Credit Card,Agriculture
TXN-20251269,2025-03-01,Attock Petroleum Peshawar Industrial Area Pump,Attock Petroleum,Peshawar,KPK,Super (92 Ron),288.88,70.95,24595.24,CASH,Individual
TXN-20251270,2026-04-05,Attock Petroleum Lahore Saddar Filling Station,Attock Petroleum,Lahore,Punjab,Hi-Octane (97 Ron),310.23,98.36,30514.22,EasyPaisa,Government
TXN-20251271,2026-04-05,Attock Petroleum Karachi Saddar Filling Station,Attock Petroleum,Karachi,Sindh,Hi-Octane (97 Ron),307.46,92.33,28387.78,JazzCash,individual
TXN-20251272,2025-11-13,Attock Petroleum Islamabad Khyber Pass Pump,Attock Petroleum,Islamabad,Islamabad ICT,CNG,209.65,21.16,4436.19,cash,Agriculture
TXN-20251273,01/08/2025,Shell Sialkot Karsaz Service Station,Shell,Sialkot,Punjab,Super (92 Ron),283.13,6373.5,1804529.05,JazzCash,individual
TXN-20251274,2025-05-21,PSO Multan Clifton Service Station,PSO,Multan,Punjab,Hi-Octane (97 Ron),314.27,147.35,46307.68,EasyPaisa,Corporate
TXN-20251275,14/08/2025,Cnergyico Lahore Murree Road Station,Cnergyico,Lahore,Punjab,High Speed Diesel,274.71,135.51,37225.95,Cash,Agriculture
TXN-20251276,2025-08-24,Attock Petroleum Islamabad Motorway Service Area,Attock Petroleum,Islamabad,Islamabad ICT,CNG,216.49,102.92,22281.15,JazzCash,Corporate Fleet
TXN-20251277,10/04/2025,Cnergyico Quetta Multan Road Filling Point,Cnergyico,Quetta,Balochistan,Super (92 Ron),265.78,90.92,,,Individual
TXN-20251278,2025-10-09,Attock Petroleum Peshawar Khyber Pass Pump,Attock Petroleum,Peshawar,KPK,Hi-Octane (97 Ron),328.07,145.47,47724.34,JazzCash,Corporate
TXN-20251279,2025-03-14,Hascol Lahore Ferozepur Road Pump,Hascol,Lahore,Punjab,Super (92 Ron),267.7,104.71,28030.87,cash,Individual
TXN-20251280,2025-05-13,Attock Petroleum Lahore Motorway Service Area,Attock Petroleum,Lahore,Punjab,CNG,210.03,50.51,10608.62,Debit Card,Individual
TXN-20251281,2026-05-05,PSO Peshawar Lytton Road Pump,PSO,Peshawar,KPK,Hi-Octane (97 Ron),306.86,66.69,20464.49,Mobile Wallet,Corporate Fleet
TXN-20251282,2026-04-27,Cnergyico Quetta Murree Road Station,Cnergyico,Quetta,Balochistan,CNG,210.56,93.88,19767.37,EasyPaisa,Government
TXN-20251283,2025-07-13,PSO Rawalpindi Lytton Road Pump,PSO,Rawalpindi,Punjab,Super (92 Ron),262.85,76.98,,CASH,Government
TXN-20251284,23-Oct-25,Attock Petroleum Islamabad Saddar Filling Station,Attock Petroleum,Islamabad,Islamabad ICT,CNG,215.08,140.85,30294.02,EasyPaisa,Corporate
TXN-20251285,2025-03-11,Shell Islamabad F-7 Markaz Pump,Shell,Islamabad,Islamabad ICT,High Speed Diesel,285.68,7138.11,2039215.26,Credit Card,Agriculture
TXN-20251286,2026-06-26,Attock Petroleum Faisalabad Khyber Pass Pump,Attock Petroleum,Faisalabad,Punjab,CNG,209.47,145.42,30461.13,Debit Card,Individual
TXN-20251287,12-Sep-25,PSO Rawalpindi Blue Area Station,PSO,Rawalpindi,Punjab,CNG,216.02,16.81,3631.3,JazzCash,Government
TXN-20251288,2026-03-26,Shell Sialkot Karsaz Service Station,Shell,Sialkot,Punjab,CNG,211.61,4499.27,952090.52,credit card,Corporate
TXN-20251289,2025-12-22,Hascol Peshawar Super Highway Station,Hascol,Peshawar,KPK,Super (92 Ron),270.44,9371.63,2534463.62,Credit Card,Corporate Fleet
TXN-20251290,2025-05-15,Hascol Karachi Hayatabad Filling Station,Hascol,Karachi,Sindh,CNG,213.23,53.99,11512.29,Mobile Wallet,Government
TXN-20251291,2025-07-08,Total Parco Multan G-11 Markaz Station,Total Parco,Multan,Punjab,CNG,207.32,10.82,2243.2,,Agriculture
TXN-20251292,2025-02-09,Shell Lahore Gulberg Station,Shell,Lahore,Punjab,High Speed Diesel,273.8,11446.5,3134051.7,Fleet Card,Agriculture
TXN-20251293,2026-04-03,Shell Islamabad Gulberg Station,Shell,Islamabad,Islamabad ICT,High Speed Diesel,283.0,111.77,31630.91,Debit Card,Individual
TXN-20251294,2025-01-22,Attock Petroleum Lahore Industrial Area Pump,Attock Petroleum,Lahore,Punjab,Super (92 Ron),279.06,9.5,2651.07,credit card,Corporate Fleet
TXN-20251295,2025-01-02,Shell Quetta Mall Road Station,Shell,Quetta,Balochistan,Super (92 Ron),285.58,125.81,35928.82,CASH,individual
TXN-20251296,2025-12-03,Total Parco Rawalpindi Jail Road Petrol Pump,Total Parco,Rawalpindi,Punjab,CNG,210.59,5.91,1244.59,Debit Card,individual
TXN-20251297,2025-10-31,Attock Petroleum Lahore Motorway Service Area,Attock Petroleum,Lahore,Punjab,High Speed Diesel,282.54,96.85,27364.0,EasyPaisa,Government
TXN-20251298,2025-06-16,Hascol Sialkot Super Highway Station,Hascol,Sialkot,Punjab,CNG,218.42,2497.42,545486.48,cash,Corporate Fleet
TXN-20251299,08/02/2025,Hascol Lahore Ferozepur Road Pump,Hascol,Lahore,Punjab,High Speed Diesel,-99.0,143.09,-14165.91,Debit Card,Government
TXN-20251300,2025-07-14,PSO Faisalabad GT Road Service,PSO,Faisalabad,Punjab,High Speed Diesel,284.67,82.65,,Fleet Card,Corporate Fleet
TXN-20251301,2026-03-16,Cnergyico Rawalpindi Murree Road Station,Cnergyico,Rawalpindi,Punjab,Super (92 Ron),272.75,47.38,12922.9,cash,Government
TXN-20251302,2025-12-03,Total Parco Peshawar Shahrah-e-Faisal Point,Total Parco,Peshawar,KPK,High Speed Diesel,273.07,88.19,24082.04,cash,Corporate Fleet
TXN-20251303,2025-06-28,Cnergyico Peshawar Multan Road Filling Point,Cnergyico,Peshawar,KPK,High Speed Diesel,290.52,7010.61,2036722.42,JazzCash,Individual
TXN-20251304,2026-07-18,PSO Islamabad Lytton Road Pump,PSO,Islamabad,Islamabad ICT,Super (92 Ron),261.12,97.26,25396.53,cash,Individual
TXN-20251305,2025-02-07,PSO Peshawar Clifton Service Station,PSO,Peshawar,KPK,Hi-Octane (97 Ron),311.82,112.05,34939.43,CASH,Government
TXN-20251306,2025-12-28,Cnergyico Peshawar Hub River Road Pump,Cnergyico,Peshawar,KPK,Hi-Octane (97 Ron),298.82,129.58,38721.1,cash,Government
TXN-20251307,2025-12-07,PSO Lahore Clifton Service Station,PSO,Lahore,Punjab,Hi-Octane (97 Ron),307.7,32.35,9954.09,Fleet Card,Corporate
TXN-20251308,02-Aug-26,Shell Sialkot University Road Pump,Shell,Sialkot,Punjab,CNG,205.07,12.96,2657.71,Mobile Wallet,Individual
TXN-20251309,2025-03-22,Attock Petroleum Sialkot Khyber Pass Pump,Attock Petroleum,Sialkot,Punjab,High Speed Diesel,275.66,46.25,12749.28,Cash,Agriculture
TXN-20251310,2026-07-23,Attock Petroleum Karachi Khyber Pass Pump,Attock Petroleum,Karachi,Sindh,Super (92 Ron),281.05,5867.42,1649038.39,Debit Card,Corporate Fleet
TXN-20251311,2025-05-15,Hascol Multan Ferozepur Road Pump,Hascol,Multan,Punjab,Super (92 Ron),261.44,34.75,9085.04,Cash,Individual
TXN-20251312,2026-01-05,Total Parco Islamabad Jail Road Petrol Pump,Total Parco,Islamabad,Islamabad ICT,Hi-Octane (97 Ron),300.37,30.32,9107.22,CASH,Government
TXN-20251313,2025-09-30,Attock Petroleum Lahore Industrial Area Pump,Attock Petroleum,Lahore,Punjab,Hi-Octane (97 Ron),298.47,116.71,34834.43,Debit Card,Corporate
TXN-20251314,2025-11-03,Shell Peshawar F-7 Markaz Pump,Shell,Peshawar,KPK,Hi-Octane (97 Ron),325.28,142.41,46323.12,JazzCash,
TXN-20251315,2025-11-27,Total Parco Lahore Thokar Niaz Baig Station,Total Parco,Lahore,Punjab,Hi-Octane (97 Ron),302.75,87.56,26508.79,Cash,individual
TXN-20251316,2026-08-02,Total Parco Faisalabad Thokar Niaz Baig Station,Total Parco,Faisalabad,Punjab,CNG,219.63,84.32,18519.2,JazzCash,individual
TXN-20251317,2026-06-09,Hascol Sialkot Hayatabad Filling Station,Hascol,Sialkot,Punjab,High Speed Diesel,304.78,129.27,39398.91,Mobile Wallet,Government
TXN-20251317,2026-06-09,Hascol Sialkot Hayatabad Filling Station,Hascol,Sialkot,Punjab,High Speed Diesel,304.78,129.27,39398.91,Mobile Wallet,Government
TXN-20251318,2025-05-08,PSO Lahore Defence Filling Point,PSO,Lahore,Punjab,High Speed Diesel,280.77,10502.08,2948669.0,Credit Card,Corporate Fleet
TXN-20251319,03-Apr-25,Hascol Quetta Super Highway Station,Hascol,Quetta,Balochistan,High Speed Diesel,283.31,147.72,41850.55,Credit Card,Corporate
TXN-20251320,2025-08-28,Attock Petroleum Peshawar Khyber Pass Pump,Attock Petroleum,Peshawar,KPK,CNG,204.01,5401.4,1101939.61,Debit Card,Government
TXN-20251321,2025-07-04,Attock Petroleum Peshawar Saddar Filling Station,Attock Petroleum,Peshawar,KPK,CNG,215.59,94.59,20392.66,Fleet Card,Corporate
TXN-20251322,2025-10-12,Hascol Islamabad Super Highway Station,Hascol,Islamabad,Islamabad ICT,High Speed Diesel,280.68,65.64,,CASH,Corporate Fleet
TXN-20251323,2025-07-23,Shell Multan Gulberg Station,Shell,Multan,Punjab,Super (92 Ron),275.33,14.87,4094.16,cash,Corporate
TXN-20251324,2025-08-10,Attock Petroleum Quetta Industrial Area Pump,Attock Petroleum,Quetta,Balochistan,Hi-Octane (97 Ron),322.86,72.64,23452.55,EasyPaisa,Corporate
TXN-20251325,2026-04-09,Shell Quetta Karsaz Service Station,Shell,Quetta,Balochistan,Hi-Octane (97 Ron),310.89,116.2,36125.42,CASH,Agriculture
TXN-20251326,12-Mar-26,Cnergyico Sialkot Hub River Road Pump,Cnergyico,Sialkot,Punjab,High Speed Diesel,292.36,42.67,12475.0,Fleet Card,Individual
TXN-20251327,2026-04-15,Shell Rawalpindi Gulberg Station,Shell,Rawalpindi,Punjab,Hi-Octane (97 Ron),319.06,114.92,36666.38,EasyPaisa,individual
TXN-20251328,2025-08-24,Attock Petroleum Lahore Saddar Filling Station,Attock Petroleum,Lahore,Punjab,High Speed Diesel,294.33,114.58,33724.33,EasyPaisa,Corporate Fleet
TXN-20251329,2025-07-19,PSO Multan Lytton Road Pump,PSO,Multan,Punjab,CNG,210.64,106.32,22395.24,Mobile Wallet,Corporate
TXN-20251330,28-Jun-26,Cnergyico Multan Multan Road Filling Point,Cnergyico,Multan,Punjab,Super (92 Ron),263.24,,,Cash,Corporate Fleet
TXN-20251331,2026-06-10,Cnergyico Lahore Hub River Road Pump,Cnergyico,Lahore,Punjab,High Speed Diesel,277.78,72.95,20264.05,Mobile Wallet,Government
TXN-20251332,16-Sep-25,Cnergyico Peshawar Murree Road Station,Cnergyico,Peshawar,KPK,High Speed Diesel,289.35,35.03,10135.93,CASH,Government
TXN-20251333,2025-03-01,Total Parco Faisalabad G-11 Markaz Station,Total Parco,Faisalabad,Punjab,Super (92 Ron),273.48,9574.78,,Cash,Corporate Fleet
TXN-20251334,2025-02-06,Hascol Sialkot Super Highway Station,Hascol,Sialkot,Punjab,Super (92 Ron),263.15,87.56,23041.41,JazzCash,Corporate Fleet
TXN-20251335,2026-04-25,Shell Faisalabad University Road Pump,Shell,Faisalabad,Punjab,Hi-Octane (97 Ron),295.7,5.37,1587.91,Fleet Card,individual
TXN-20251336,2025-05-06,Cnergyico Sialkot Hub River Road Pump,Cnergyico,Sialkot,Punjab,CNG,219.42,9.1,1996.72,JazzCash,Agriculture
TXN-20251337,2026-05-07,Attock Petroleum Islamabad Industrial Area Pump,Attock Petroleum,Islamabad,Islamabad ICT,Super (92 Ron),280.9,38.93,10935.44,cash,individual
TXN-20251338,2026-06-30,Cnergyico Quetta Multan Road Filling Point,Cnergyico,Quetta,Balochistan,High Speed Diesel,,149.68,,Debit Card,Individual
TXN-20251339,11-Jul-26,Shell Rawalpindi Mall Road Station,Shell,Rawalpindi,Punjab,High Speed Diesel,287.44,30.15,8666.32,CASH,Corporate
TXN-20251340,2025-09-25,Shell Rawalpindi University Road Pump,Shell,Rawalpindi,Punjab,Hi-Octane (97 Ron),295.49,55.1,16281.5,Cash,Corporate Fleet
TXN-20251341,2026-06-06,Total Parco Rawalpindi Thokar Niaz Baig Station,Total Parco,Rawalpindi,Punjab,CNG,202.64,12.04,2439.79,Debit Card,Agriculture
TXN-20251342,2025-11-07,Total Parco Lahore Thokar Niaz Baig Station,Total Parco,Lahore,Punjab,CNG,207.8,59.79,12424.36,Cash,individual
TXN-20251343,2026-08-24,PSO Karachi Clifton Service Station,PSO,Karachi,Sindh,CNG,215.77,142.17,30676.02,CASH,individual
TXN-20251344,2026-07-03,Cnergyico Sialkot Murree Road Station,Cnergyico,Sialkot,Punjab,Hi-Octane (97 Ron),308.01,113.68,35014.58,JazzCash,Government
TXN-20251345,2025-05-06,Hascol Peshawar Ferozepur Road Pump,Hascol,Peshawar,KPK,High Speed Diesel,9999.0,138.06,1380461.94,EasyPaisa,individual
TXN-20251346,2026-04-29,Total Parco Lahore G-11 Markaz Station,Total Parco,Lahore,Punjab,Hi-Octane (97 Ron),308.35,111.1,34257.68,credit card,individual
TXN-20251347,2026-01-10,Cnergyico Rawalpindi Hub River Road Pump,Cnergyico,Rawalpindi,Punjab,CNG,206.16,73.17,15084.73,Credit Card,Individual
TXN-20251348,2025-08-29,Shell Lahore Karsaz Service Station,Shell,Lahore,Punjab,High Speed Diesel,290.79,145.74,42379.73,Cash,Government
TXN-20251348,2025-08-29,Shell Lahore Karsaz Service Station,Shell,Lahore,Punjab,High Speed Diesel,290.79,145.74,42379.73,Cash,Government
TXN-20251349,2025-09-02,Total Parco Faisalabad Thokar Niaz Baig Station,Total Parco,Faisalabad,Punjab,Hi-Octane (97 Ron),323.43,26.88,8693.8,credit card,Government
TXN-20251350,2026-07-30,Cnergyico Rawalpindi Murree Road Station,Cnergyico,Rawalpindi,Punjab,CNG,213.03,36.4,7754.29,Fleet Card,Government
TXN-20251351,03/01/2026,PSO Quetta Blue Area Station,PSO,Quetta,Balochistan,Super (92 Ron),267.97,52.0,13934.44,credit card,Agriculture
TXN-20251352,2025-08-05,Cnergyico Karachi Hub River Road Pump,Cnergyico,Karachi,Sindh,High Speed Diesel,276.25,80.08,26546.52,Debit Card,Corporate
TXN-20251353,2025-06-07,PSO Rawalpindi Cantt Filling Point,PSO,Rawalpindi,Punjab,High Speed Diesel,282.12,85.07,28799.94,cash,Agriculture
TXN-20251354,2026-05-11,PSO Islamabad Defence Filling Point,PSO,Islamabad,Islamabad ICT,High Speed Diesel,290.05,97.78,28361.09,JazzCash,Corporate
TXN-20251355,2025-11-27,Shell Multan F-7 Markaz Pump,Shell,Multan,Punjab,Super (92 Ron),289.78,10.45,3028.2,Fleet Card,Government
TXN-20251356,05/11/2025,Cnergyico Faisalabad Hub River Road Pump,Cnergyico,Faisalabad,Punjab,High Speed Diesel,273.66,144.33,39497.35,JazzCash,Agriculture
TXN-20251357,2025-06-09,Shell Islamabad Karsaz Service Station,Shell,Islamabad,Islamabad ICT,Super (92 Ron),269.4,102.71,27670.07,EasyPaisa,Agriculture
TXN-20251358,2026-06-14,Cnergyico Quetta Murree Road Station,Cnergyico,Quetta,Balochistan,CNG,218.76,42.31,9255.74,JazzCash,individual
TXN-20251359,2025-09-16,Attock Petroleum Rawalpindi Khyber Pass Pump,Attock Petroleum,Rawalpindi,Punjab,CNG,208.51,4680.58,,EasyPaisa,Corporate Fleet
TXN-20251360,2025-10-14,Cnergyico Multan Murree Road Station,Cnergyico,Multan,Punjab,High Speed Diesel,281.32,6110.22,1718927.09,EasyPaisa,Corporate
TXN-20251361,26-Apr-26,Total Parco Karachi Jail Road Petrol Pump,Total Parco,Karachi,Sindh,Super (92 Ron),288.14,70.01,20172.68,Debit Card,Corporate Fleet
TXN-20251362,2025-05-03,Shell Faisalabad F-7 Markaz Pump,Shell,Faisalabad,Punjab,Hi-Octane (97 Ron),-99.0,9216.99,-912482.01,Mobile Wallet,Government
TXN-20251363,06/07/2025,Attock Petroleum Multan Saddar Filling Station,Attock Petroleum,Multan,Punjab,High Speed Diesel,298.5,10.96,3271.56,Fleet Card,Corporate
TXN-20251364,22/12/2025,Shell Multan F-7 Markaz Pump,Shell,Multan,Punjab,CNG,210.3,99.57,20939.57,credit card,individual
TXN-20251365,2025-09-11,Hascol Lahore Hayatabad Filling Station,Hascol,Lahore,Punjab,Hi-Octane (97 Ron),300.55,147.63,44370.2,Credit Card,Agriculture
TXN-20251366,2025-12-05,PSO Lahore Lytton Road Pump,PSO,Lahore,Punjab,CNG,205.85,47.41,9759.35,Debit Card,Agriculture
TXN-20251367,2025-03-11,PSO Karachi Cantt Filling Point,PSO,Karachi,Sindh,High Speed Diesel,297.01,52.54,15604.91,Fleet Card,Corporate Fleet
TXN-20251368,2026-02-12,Total Parco Multan G-11 Markaz Station,Total Parco,Multan,Punjab,CNG,200.32,36.05,7221.54,Credit Card,Individual
TXN-20251369,2025-11-25,Shell Peshawar F-7 Markaz Pump,Shell,Peshawar,KPK,Hi-Octane (97 Ron),308.08,32.23,9929.42,cash,Individual
TXN-20251370,2025-09-24,Total Parco Islamabad Shahrah-e-Faisal Point,Total Parco,Islamabad,Islamabad ICT,Hi-Octane (97 Ron),302.71,137.46,41610.52,Debit Card,Corporate
TXN-20251371,2025-11-24,Total Parco Quetta Jail Road Petrol Pump,Total Parco,Quetta,Balochistan,Hi-Octane (97 Ron),325.78,99.65,32463.98,Mobile Wallet,Corporate
TXN-20251372,2026-01-02,Total Parco Lahore G-11 Markaz Station,Total Parco,Lahore,Punjab,CNG,200.26,107.43,21513.93,Cash,Individual
TXN-20251373,2025-09-21,Shell Karachi F-7 Markaz Pump,Shell,Karachi,Sindh,CNG,204.19,27.71,5658.1,Cash,Corporate
TXN-20251374,2026-05-27,Total Parco Lahore G-11 Markaz Station,Total Parco,Lahore,Punjab,High Speed Diesel,286.82,3019.23,865975.55,EasyPaisa,Government
TXN-20251375,2026-01-30,PSO Rawalpindi Lytton Road Pump,PSO,Rawalpindi,Punjab,High Speed Diesel,303.46,78.39,23788.23,credit card,Government
TXN-20251376,2025-11-27,Shell Lahore F-7 Markaz Pump,Shell,Lahore,Punjab,Hi-Octane (97 Ron),312.97,48.98,15329.27,JazzCash,individual
TXN-20251377,2026-04-17,PSO Faisalabad Defence Filling Point,PSO,Faisalabad,Punjab,High Speed Diesel,277.07,53.26,14756.75,Mobile Wallet,Corporate
TXN-20251378,2026-06-21,Attock Petroleum Lahore Motorway Service Area,Attock Petroleum,Lahore,Punjab,Super (92 Ron),281.86,6.02,,EasyPaisa,Corporate
TXN-20251379,20/05/2026,Hascol Islamabad Super Highway Station,Hascol,Islamabad,Islamabad ICT,Hi-Octane (97 Ron),327.13,101.63,33246.22,,individual
TXN-20251380,2025-08-08,Hascol Quetta Hayatabad Filling Station,Hascol,Quetta,Balochistan,Hi-Octane (97 Ron),299.14,70.07,20960.74,EasyPaisa,Agriculture
TXN-20251381,18/06/2025,Attock Petroleum Lahore Saddar Filling Station,Attock Petroleum,Lahore,Punjab,High Speed Diesel,-99.0,26.64,-2637.36,Fleet Card,Individual
TXN-20251382,2026-04-24,Total Parco Peshawar Thokar Niaz Baig Station,Total Parco,Peshawar,KPK,Super (92 Ron),282.17,42.66,12037.37,credit card,Individual
TXN-20251383,18-Aug-25,Attock Petroleum Karachi Khyber Pass Pump,Attock Petroleum,Karachi,Sindh,CNG,205.42,125.56,25792.54,CASH,Government
TXN-20251384,2025-09-15,Hascol Karachi Ferozepur Road Pump,Hascol,Karachi,Sindh,Hi-Octane (97 Ron),316.99,75.93,24069.05,JazzCash,Corporate
TXN-20251385,2025-05-16,Cnergyico Sialkot Murree Road Station,Cnergyico,Sialkot,Punjab,High Speed Diesel,289.51,100.91,29214.45,EasyPaisa,individual
TXN-20251386,2025-08-05,Hascol Faisalabad Ferozepur Road Pump,Hascol,Faisalabad,Punjab,Super (92 Ron),263.9,5577.54,1471912.81,JazzCash,Government
TXN-20251387,2025-10-27,Attock Petroleum Rawalpindi Khyber Pass Pump,Attock Petroleum,Rawalpindi,Punjab,Hi-Octane (97 Ron),327.66,75.28,24666.24,Mobile Wallet,Corporate Fleet
TXN-20251388,2025-02-12,Attock Petroleum Islamabad Saddar Filling Station,Attock Petroleum,Islamabad,Islamabad ICT,CNG,206.46,15.49,3198.07,EasyPaisa,Corporate
TXN-20251389,2025-01-20,Shell Sialkot University Road Pump,Shell,Sialkot,Punjab,CNG,209.16,117.0,,CASH,individual
TXN-20251390,2025-12-10,PSO Lahore Clifton Service Station,PSO,Lahore,Punjab,High Speed Diesel,278.27,120.57,33551.01,Mobile Wallet,Corporate
TXN-20251391,2025-10-26,Shell Islamabad Karsaz Service Station,Shell,Islamabad,Islamabad ICT,CNG,210.85,13.0,2741.05,Mobile Wallet,Government
TXN-20251392,2025-05-08,Attock Petroleum Islamabad Industrial Area Pump,Attock Petroleum,Islamabad,Islamabad ICT,Super (92 Ron),-99.0,31.55,-3123.45,EasyPaisa,Corporate
TXN-20251393,2026-04-23,Shell Rawalpindi Gulberg Station,Shell,Rawalpindi,Punjab,Super (92 Ron),262.84,21.52,5656.32,Cash,individual
TXN-20251394,2026-06-23,Cnergyico Quetta Hub River Road Pump,Cnergyico,Quetta,Balochistan,CNG,207.51,149.73,31070.47,CASH,Individual
TXN-20251395,2025-12-12,Shell Peshawar University Road Pump,Shell,Peshawar,KPK,High Speed Diesel,292.98,28.03,8212.23,Debit Card,Individual
TXN-20251396,2026-07-22,Total Parco Faisalabad Shahrah-e-Faisal Point,Total Parco,Faisalabad,Punjab,Hi-Octane (97 Ron),301.23,71.97,21679.52,EasyPaisa,Agriculture
TXN-20251397,2025-09-29,Cnergyico Quetta Murree Road Station,Cnergyico,Quetta,Balochistan,CNG,210.47,89.34,18803.39,credit card,individual
TXN-20251398,11/03/2026,Attock Petroleum Lahore Industrial Area Pump,Attock Petroleum,Lahore,Punjab,CNG,216.11,7611.38,1644895.33,Credit Card,Individual
TXN-20251399,2025-12-15,Shell Multan University Road Pump,Shell,Multan,Punjab,CNG,201.27,42.59,8572.09,Fleet Card,Agriculture
TXN-20251400,2025-12-03,Cnergyico Multan Multan Road Filling Point,Cnergyico,Multan,Punjab,CNG,210.84,37.26,7855.9,Credit Card,Corporate Fleet
TXN-20251401,2026-04-18,Total Parco Lahore G-11 Markaz Station,Total Parco,Lahore,Punjab,Hi-Octane (97 Ron),324.54,92.35,29971.27,Credit Card,Government
TXN-20251402,2025-12-20,Shell Faisalabad Mall Road Station,Shell,Faisalabad,Punjab,Super (92 Ron),274.23,0.0,0.0,Credit Card,Agriculture
TXN-20251403,2025-07-07,Attock Petroleum Karachi Khyber Pass Pump,Attock Petroleum,Karachi,Sindh,Hi-Octane (97 Ron),304.9,100.99,30791.85,Mobile Wallet,Individual
TXN-20251404,2025-05-12,Total Parco Rawalpindi Thokar Niaz Baig Station,Total Parco,Rawalpindi,Punjab,CNG,202.32,47.43,9596.04,credit card,Agriculture
TXN-20251405,2026-04-16,Attock Petroleum Lahore Motorway Service Area,Attock Petroleum,Lahore,Punjab,High Speed Diesel,271.87,135.63,36873.73,Debit Card,Corporate Fleet
TXN-20251406,19-Jan-25,Shell Peshawar F-7 Markaz Pump,Shell,Peshawar,KPK,Hi-Octane (97 Ron),311.3,7281.58,2266755.85,Mobile Wallet,Corporate
TXN-20251407,2025-04-26,Hascol Multan Super Highway Station,Hascol,Multan,Punjab,Hi-Octane (97 Ron),311.88,72.05,22470.95,Mobile Wallet,Agriculture
TXN-20251408,2025-06-28,PSO Multan Defence Filling Point,PSO,Multan,Punjab,Hi-Octane (97 Ron),307.81,120.91,37217.31,EasyPaisa,Corporate Fleet
TXN-20251409,2025-06-30,Attock Petroleum Peshawar Motorway Service Area,Attock Petroleum,Peshawar,KPK,Hi-Octane (97 Ron),297.06,120.99,35941.29,,Corporate
TXN-20251410,2026-01-21,Total Parco Faisalabad Jail Road Petrol Pump,Total Parco,Faisalabad,Punjab,High Speed Diesel,276.43,59.18,16359.13,Fleet Card,Agriculture
TXN-20251411,2025-11-12,Attock Petroleum Karachi Motorway Service Area,Attock Petroleum,Karachi,Sindh,High Speed Diesel,295.09,4062.86,1198909.36,credit card,Corporate Fleet
TXN-20251412,2025-12-23,Cnergyico Multan Multan Road Filling Point,Cnergyico,Multan,Punjab,Super (92 Ron),266.51,142.84,38068.29,Credit Card,Corporate Fleet
TXN-20251413,2026-07-20,PSO Lahore Defence Filling Point,PSO,Lahore,Punjab,Super (92 Ron),279.13,47.85,13356.37,cash,Agriculture
TXN-20251414,29-Sep-25,Total Parco Multan Thokar Niaz Baig Station,Total Parco,Multan,Punjab,High Speed Diesel,293.45,35.14,10311.83,Fleet Card,Individual
TXN-20251415,18/07/2025,PSO Peshawar Lytton Road Pump,PSO,Peshawar,KPK,CNG,212.84,46.05,9801.28,credit card,Corporate
TXN-20251416,2025-09-06,Total Parco Faisalabad G-11 Markaz Station,Total Parco,Faisalabad,Punjab,CNG,210.26,119.33,25090.33,Fleet Card,Individual
TXN-20251417,2025-10-03,Shell Karachi F-7 Markaz Pump,Shell,Karachi,Sindh,Hi-Octane (97 Ron),299.53,135.72,40652.21,cash,Corporate
TXN-20251418,19-Oct-25,Total Parco Faisalabad G-11 Markaz Station,Total Parco,Faisalabad,Punjab,CNG,210.54,11.21,2360.15,Cash,Agriculture
TXN-20251419,2025-11-15,Hascol Karachi Hayatabad Filling Station,Hascol,Karachi,Sindh,High Speed Diesel,270.66,94.04,,credit card,Corporate
TXN-20251420,18/02/2025,Attock Petroleum Peshawar Saddar Filling Station,Attock Petroleum,Peshawar,KPK,Hi-Octane (97 Ron),312.95,46.55,,Mobile Wallet,individual
TXN-20251421,2026-07-07,Cnergyico Rawalpindi Murree Road Station,Cnergyico,Rawalpindi,Punjab,Super (92 Ron),280.54,6.21,1742.15,CASH,Corporate Fleet
TXN-20251422,2026-07-01,Hascol Lahore Ferozepur Road Pump,Hascol,Lahore,Punjab,Super (92 Ron),273.07,8935.97,2440145.33,EasyPaisa,Government
TXN-20251423,2025-07-22,Hascol Multan Hayatabad Filling Station,Hascol,Multan,Punjab,Super (92 Ron),285.35,106.29,30329.85,Fleet Card,individual
TXN-20251424,2026-07-23,Total Parco Quetta Shahrah-e-Faisal Point,Total Parco,Quetta,Balochistan,Super (92 Ron),277.85,75.24,20905.43,Debit Card,Corporate
TXN-20251425,2026-01-03,PSO Lahore Cantt Filling Point,PSO,Lahore,Punjab,High Speed Diesel,294.99,29.11,8587.16,Fleet Card,Individual
TXN-20251426,2025-11-22,Cnergyico Faisalabad Murree Road Station,Cnergyico,Faisalabad,Punjab,CNG,209.76,147.09,30853.6,cash,Individual
TXN-20251427,2025-08-18,Hascol Lahore Super Highway Station,Hascol,Lahore,Punjab,CNG,208.34,42.3,8812.78,CASH,Agriculture
TXN-20251428,16/05/2026,Total Parco Islamabad Thokar Niaz Baig Station,Total Parco,Islamabad,Islamabad ICT,Hi-Octane (97 Ron),327.75,41.37,13559.02,Mobile Wallet,Individual
TXN-20251429,26/02/2025,Shell Karachi Gulberg Station,Shell,Karachi,Sindh,CNG,203.78,124.46,25362.46,Credit Card,Corporate Fleet
TXN-20251430,15-Mar-26,PSO Faisalabad Lytton Road Pump,PSO,Faisalabad,Punjab,High Speed Diesel,303.66,31.02,9419.53,EasyPaisa,Agriculture
TXN-20251431,2025-11-17,Total Parco Faisalabad Jail Road Petrol Pump,Total Parco,Faisalabad,Punjab,Hi-Octane (97 Ron),324.3,66.74,21643.78,credit card,Corporate
TXN-20251432,2025-04-01,Attock Petroleum Multan Industrial Area Pump,Attock Petroleum,Multan,Punjab,Hi-Octane (97 Ron),297.8,66.44,19785.83,Credit Card,Government
TXN-20251433,22/03/2026,Shell Lahore University Road Pump,Shell,Lahore,Punjab,High Speed Diesel,284.88,89.02,25360.02,Debit Card,individual
TXN-20251434,2026-06-12,Total Parco Lahore Thokar Niaz Baig Station,Total Parco,Lahore,Punjab,Super (92 Ron),288.08,38.72,11154.46,Credit Card,Agriculture
TXN-20251435,09/06/2025,Cnergyico Karachi Multan Road Filling Point,Cnergyico,Karachi,Sindh,CNG,209.3,119.57,25026.0,Mobile Wallet,Government
TXN-20251436,2025-02-02,Total Parco Sialkot G-11 Markaz Station,Total Parco,Sialkot,Punjab,High Speed Diesel,288.29,131.58,37933.2,cash,individual
TXN-20251437,2026-03-28,Cnergyico Multan Murree Road Station,Cnergyico,Multan,Punjab,CNG,200.47,134.08,26879.02,Mobile Wallet,Corporate Fleet
TXN-20251438,31/07/2026,Total Parco Karachi Thokar Niaz Baig Station,Total Parco,Karachi,Sindh,Hi-Octane (97 Ron),313.3,133.14,41712.76,JazzCash,Agriculture
TXN-20251439,2025-02-10,Hascol Sialkot Super Highway Station,Hascol,Sialkot,Punjab,Hi-Octane (97 Ron),304.83,88.44,26959.17,Debit Card,individual
TXN-20251440,2025-01-25,Total Parco Lahore Thokar Niaz Baig Station,Total Parco,Lahore,Punjab,Super (92 Ron),274.92,123.51,33955.37,Mobile Wallet,Corporate Fleet
TXN-20251441,2025-11-12,Hascol Islamabad Hayatabad Filling Station,Hascol,Islamabad,Islamabad ICT,Super (92 Ron),275.07,72.45,19928.82,Cash,Corporate Fleet
TXN-20251442,2025-12-28,Hascol Rawalpindi Hayatabad Filling Station,Hascol,Rawalpindi,Punjab,Super (92 Ron),286.08,70.73,20234.44,credit card,Individual
TXN-20251443,2025-05-29,Shell Sialkot F-7 Markaz Pump,Shell,Sialkot,Punjab,Hi-Octane (97 Ron),312.66,126.51,39554.62,JazzCash,Individual
TXN-20251444,2025-08-22,PSO Lahore Clifton Service Station,PSO,Lahore,Punjab,CNG,203.24,3488.55,709012.9,Mobile Wallet,Government
TXN-20251445,2025-08-24,Attock Petroleum Lahore Khyber Pass Pump,Attock Petroleum,Lahore,Punjab,Hi-Octane (97 Ron),323.87,147.14,47654.23,Debit Card,individual
TXN-20251446,2025-10-10,Total Parco Islamabad Jail Road Petrol Pump,Total Parco,Islamabad,Islamabad ICT,CNG,200.05,21.83,4367.09,Debit Card,Corporate Fleet
TXN-20251447,2026-01-14,Hascol Quetta Ferozepur Road Pump,Hascol,Quetta,Balochistan,Super (92 Ron),265.07,133.57,35405.4,JazzCash,Agriculture
TXN-20251448,09-May-26,PSO Multan Lytton Road Pump,PSO,Multan,Punjab,Hi-Octane (97 Ron),326.93,143.27,46839.26,JazzCash,Government
TXN-20251449,2026-01-06,Cnergyico Faisalabad Murree Road Station,Cnergyico,Faisalabad,Punjab,Hi-Octane (97 Ron),301.51,136.97,41297.82,Credit Card,Corporate Fleet
TXN-20251450,2025-06-24,PSO Karachi Defence Filling Point,PSO,Karachi,Sindh,Hi-Octane (97 Ron),314.77,109.92,34599.52,Debit Card,Individual
TXN-20251451,17/04/2025,Hascol Lahore Super Highway Station,Hascol,Lahore,Punjab,Super (92 Ron),263.57,32.03,8442.15,Debit Card,individual
TXN-20251452,2025-04-10,Cnergyico Multan Hub River Road Pump,Cnergyico,Multan,Punjab,CNG,,40.91,,Debit Card,Corporate Fleet
TXN-20251453,2026-06-30,Hascol Faisalabad Ferozepur Road Pump,Hascol,Faisalabad,Punjab,CNG,219.57,65.83,14454.29,Debit Card,Individual
TXN-20251454,2025-04-25,Cnergyico Islamabad Hub River Road Pump,Cnergyico,Islamabad,Islamabad ICT,High Speed Diesel,289.43,104.94,30372.78,Debit Card,Government
TXN-20251454,2025-04-25,Cnergyico Islamabad Hub River Road Pump,Cnergyico,Islamabad,Islamabad ICT,High Speed Diesel,289.43,104.94,30372.78,Debit Card,Government
TXN-20251455,2025-04-09,Attock Petroleum Islamabad Motorway Service Area,Attock Petroleum,Islamabad,Islamabad ICT,Hi-Octane (97 Ron),303.72,76.19,23140.43,EasyPaisa,individual
TXN-20251456,2026-05-14,Total Parco Rawalpindi G-11 Markaz Station,Total Parco,Rawalpindi,Punjab,High Speed Diesel,293.28,134.12,39334.71,credit card,Agriculture
TXN-20251457,2026-05-01,Shell Quetta F-7 Markaz Pump,Shell,Quetta,Balochistan,Super (92 Ron),276.67,32.77,9066.48,Fleet Card,Agriculture
TXN-20251458,2026-04-30,Total Parco Lahore Jail Road Petrol Pump,Total Parco,Lahore,Punjab,High Speed Diesel,290.87,122.94,35759.56,Credit Card,Agriculture
TXN-20251459,2026-02-02,Cnergyico Islamabad Hub River Road Pump,Cnergyico,Islamabad,Islamabad ICT,CNG,203.47,92.69,18859.63,Fleet Card,Government
TXN-20251460,2026-04-11,Hascol Quetta Hayatabad Filling Station,Hascol,Quetta,Balochistan,Hi-Octane (97 Ron),308.31,20.24,,Credit Card,Individual
TXN-20251461,2025-03-07,PSO Peshawar GT Road Service,PSO,Peshawar,KPK,Super (92 Ron),261.78,53.69,14054.97,Credit Card,individual
TXN-20251462,2025-11-26,Total Parco Rawalpindi Thokar Niaz Baig Station,Total Parco,Rawalpindi,Punjab,High Speed Diesel,288.39,38.52,11108.78,Debit Card,Individual
TXN-20251463,16-Jul-26,Cnergyico Multan Murree Road Station,Cnergyico,Multan,Punjab,Super (92 Ron),261.86,77.76,20362.23,Credit Card,Agriculture
TXN-20251464,2025-11-19,Hascol Islamabad Super Highway Station,Hascol,Islamabad,Islamabad ICT,CNG,211.14,54.14,,,Corporate
TXN-20251465,2025-01-12,Shell Islamabad Karsaz Service Station,Shell,Islamabad,Islamabad ICT,Hi-Octane (97 Ron),312.43,71.29,22273.13,Debit Card,Agriculture
TXN-20251466,2025-05-06,PSO Faisalabad GT Road Service,PSO,Faisalabad,Punjab,CNG,218.12,100.22,21859.99,Fleet Card,Agriculture
TXN-20251467,2026-04-16,Cnergyico Peshawar Hub River Road Pump,Cnergyico,Peshawar,KPK,High Speed Diesel,304.36,90.12,27428.92,,Government
TXN-20251468,2026-04-08,Hascol Faisalabad Ferozepur Road Pump,Hascol,Faisalabad,Punjab,Super (92 Ron),283.6,81.74,23181.46,Credit Card,Individual
TXN-20251469,2025-01-14,Hascol Peshawar Ferozepur Road Pump,Hascol,Peshawar,KPK,High Speed Diesel,277.11,57.24,15861.78,EasyPaisa,Individual
TXN-20251470,22/01/2025,Hascol Quetta Super Highway Station,Hascol,Quetta,Balochistan,Super (92 Ron),288.55,86.5,24959.58,Debit Card,Individual
TXN-20251471,2026-08-18,Shell Karachi Karsaz Service Station,Shell,Karachi,Sindh,Super (92 Ron),276.57,128.69,35591.79,CASH,Individual
TXN-20251472,2026-01-28,Total Parco Faisalabad Thokar Niaz Baig Station,Total Parco,Faisalabad,Punjab,Hi-Octane (97 Ron),9999.0,0.0,0.0,EasyPaisa,Corporate Fleet
TXN-20251473,2026-06-21,Total Parco Rawalpindi Thokar Niaz Baig Station,Total Parco,Rawalpindi,Punjab,Super (92 Ron),284.43,,,cash,Individual
TXN-20251474,2025-06-28,Attock Petroleum Peshawar Khyber Pass Pump,Attock Petroleum,Peshawar,KPK,Hi-Octane (97 Ron),321.47,10.92,3510.45,JazzCash,individual
TXN-20251475,2025-10-18,Attock Petroleum Peshawar Saddar Filling Station,Attock Petroleum,Peshawar,KPK,High Speed Diesel,292.38,19.2,5613.7,JazzCash,Individual
TXN-20251476,2026-08-16,Total Parco Multan Thokar Niaz Baig Station,Total Parco,Multan,Punjab,High Speed Diesel,282.99,57.94,16396.44,cash,Corporate Fleet
TXN-20251477,2025-10-31,PSO Peshawar Clifton Service Station,PSO,Peshawar,KPK,High Speed Diesel,281.97,78.69,22188.22,CASH,Corporate Fleet
TXN-20251477,2025-10-31,PSO Peshawar Clifton Service Station,PSO,Peshawar,KPK,High Speed Diesel,281.97,78.69,22188.22,CASH,Corporate Fleet
TXN-20251478,2025-06-01,Total Parco Lahore Thokar Niaz Baig Station,Total Parco,Lahore,Punjab,High Speed Diesel,291.47,90.66,26424.67,credit card,Government
TXN-20251479,19/06/2025,Shell Karachi F-7 Markaz Pump,Shell,Karachi,Sindh,Super (92 Ron),274.62,113.73,31232.53,Cash,Government
TXN-20251480,2025-12-13,Shell Faisalabad Gulberg Station,Shell,Faisalabad,Punjab,Super (92 Ron),286.02,10.84,3100.46,credit card,Corporate
TXN-20251481,2025-05-15,Shell Quetta University Road Pump,Shell,Quetta,Balochistan,CNG,210.12,4014.16,843455.3,cash,Agriculture
TXN-20251482,2025-07-27,Hascol Rawalpindi Ferozepur Road Pump,Hascol,Rawalpindi,Punjab,Hi-Octane (97 Ron),318.29,84.96,27041.92,CASH,Corporate
TXN-20251483,24-Aug-26,Total Parco Sialkot Shahrah-e-Faisal Point,Total Parco,Sialkot,Punjab,CNG,210.4,116.37,24484.25,JazzCash,Government
TXN-20251484,2025-11-08,Shell Islamabad Karsaz Service Station,Shell,Islamabad,Islamabad ICT,Hi-Octane (97 Ron),323.8,148.99,48242.96,cash,Agriculture
TXN-20251485,2026-06-11,Attock Petroleum Sialkot Saddar Filling Station,Attock Petroleum,Sialkot,Punjab,CNG,,39.22,,EasyPaisa,
TXN-20251486,2025-04-10,Cnergyico Lahore Hub River Road Pump,Cnergyico,Lahore,Punjab,Hi-Octane (97 Ron),300.56,99.82,30001.9,EasyPaisa,Government
TXN-20251487,2026-07-28,Attock Petroleum Faisalabad Saddar Filling Station,Attock Petroleum,Faisalabad,Punjab,Super (92 Ron),284.38,11570.31,3290364.76,CASH,Corporate Fleet
TXN-20251488,2026-05-15,Total Parco Multan G-11 Markaz Station,Total Parco,Multan,Punjab,High Speed Diesel,272.76,138.4,37749.98,EasyPaisa,Corporate
TXN-20251489,2026-06-14,Total Parco Karachi Thokar Niaz Baig Station,Total Parco,Karachi,Sindh,High Speed Diesel,300.09,7.65,2295.69,Fleet Card,individual
TXN-20251490,09/12/2025,Shell Peshawar Karsaz Service Station,Shell,Peshawar,KPK,High Speed Diesel,301.7,79.38,23948.95,Debit Card,Corporate Fleet
TXN-20251491,01/08/2026,Total Parco Quetta Jail Road Petrol Pump,Total Parco,Quetta,Balochistan,Super (92 Ron),264.89,95.33,25251.96,Fleet Card,Government
TXN-20251492,2025-05-30,Total Parco Peshawar Thokar Niaz Baig Station,Total Parco,Peshawar,KPK,Hi-Octane (97 Ron),328.22,83.9,27537.66,Cash,Individual
TXN-20251493,2025-02-06,Total Parco Karachi Shahrah-e-Faisal Point,Total Parco,Karachi,Sindh,High Speed Diesel,299.71,2146.97,643468.38,cash,Corporate Fleet
TXN-20251494,2025-02-17,Cnergyico Lahore Multan Road Filling Point,Cnergyico,Lahore,Punjab,High Speed Diesel,295.11,65.04,19193.95,Fleet Card,Individual
TXN-20251495,2025-02-10,Hascol Faisalabad Super Highway Station,Hascol,Faisalabad,Punjab,High Speed Diesel,289.1,,,EasyPaisa,Corporate Fleet
TXN-20251496,2025-10-10,Total Parco Peshawar Thokar Niaz Baig Station,Total Parco,Peshawar,KPK,CNG,207.38,59.18,12272.75,EasyPaisa,individual
TXN-20251497,2025-06-19,Attock Petroleum Lahore Motorway Service Area,Attock Petroleum,Lahore,Punjab,CNG,217.45,115.93,25208.98,CASH,Agriculture
TXN-20251498,2026-03-31,Shell Karachi University Road Pump,Shell,Karachi,Sindh,Hi-Octane (97 Ron),295.55,36.84,10888.06,JazzCash,Corporate Fleet
TXN-20251499,28/06/2025,Total Parco Faisalabad Shahrah-e-Faisal Point,Total Parco,Faisalabad,Punjab,Super (92 Ron),260.26,9127.43,2375504.93,Mobile Wallet,Individual
TXN-20251500,2025-04-23,Shell Islamabad Gulberg Station,Shell,Islamabad,Islamabad ICT,Super (92 Ron),289.72,92.93,26923.68,credit card,Individual
TXN-20251500,2025-04-23,Shell Islamabad Gulberg Station,Shell,Islamabad,Islamabad ICT,Super (92 Ron),289.72,92.93,26923.68,credit card,Individual
TXN-20251501,2025-12-02,Shell Karachi University Road Pump,Shell,Karachi,Sindh,Hi-Octane (97 Ron),298.4,9.63,2873.59,cash,Corporate
TXN-20251502,2025-05-09,PSO Rawalpindi Lytton Road Pump,PSO,Rawalpindi,Punjab,Hi-Octane (97 Ron),328.47,,,Credit Card,Agriculture
TXN-20251503,2025-01-30,Shell Islamabad Gulberg Station,Shell,Islamabad,Islamabad ICT,CNG,208.78,149.28,31166.68,Fleet Card,Government
TXN-20251504,21-Aug-26,Shell Islamabad University Road Pump,Shell,Islamabad,Islamabad ICT,CNG,209.72,110.01,23071.3,Mobile Wallet,Agriculture
TXN-20251505,2025-05-13,Hascol Lahore Hayatabad Filling Station,Hascol,Lahore,Punjab,High Speed Diesel,270.94,27.72,7510.46,EasyPaisa,Individual
TXN-20251506,2026-04-26,Attock Petroleum Karachi Motorway Service Area,Attock Petroleum,Karachi,Sindh,Hi-Octane (97 Ron),323.25,18.4,5947.8,credit card,Corporate
TXN-20251507,2026-01-27,PSO Faisalabad GT Road Service,PSO,Faisalabad,Punjab,Hi-Octane (97 Ron),295.19,83.46,24636.56,Debit Card,Agriculture
TXN-20251508,2025-10-05,Hascol Multan Ferozepur Road Pump,Hascol,Multan,Punjab,High Speed Diesel,271.38,125.31,34006.63,Debit Card,Corporate
TXN-20251509,2025-12-07,PSO Rawalpindi Blue Area Station,PSO,Rawalpindi,Punjab,Hi-Octane (97 Ron),320.63,110.58,,cash,Corporate Fleet
TXN-20251510,2025-04-05,Attock Petroleum Lahore Saddar Filling Station,Attock Petroleum,Lahore,Punjab,Hi-Octane (97 Ron),325.96,44.99,14664.94,JazzCash,Agriculture
TXN-20251511,2026-04-03,PSO Faisalabad Lytton Road Pump,PSO,Faisalabad,Punjab,CNG,214.73,38.2,8202.69,cash,Agriculture
TXN-20251512,2026-05-04,Hascol Quetta Hayatabad Filling Station,Hascol,Quetta,Balochistan,Hi-Octane (97 Ron),325.57,115.25,37521.94,Fleet Card,
TXN-20251513,2025-11-20,Total Parco Islamabad Shahrah-e-Faisal Point,Total Parco,Islamabad,Islamabad ICT,CNG,205.65,47.0,9665.55,Credit Card,Government
TXN-20251514,2025-05-21,Cnergyico Faisalabad Multan Road Filling Point,Cnergyico,Faisalabad,Punjab,Hi-Octane (97 Ron),311.5,7324.54,2281594.21,JazzCash,Government
TXN-20251515,2025-08-30,Attock Petroleum Karachi Khyber Pass Pump,Attock Petroleum,Karachi,Sindh,Super (92 Ron),269.8,77.53,20917.59,Cash,Corporate Fleet
TXN-20251516,05-Jul-26,Total Parco Peshawar Jail Road Petrol Pump,Total Parco,Peshawar,KPK,CNG,204.53,130.53,,JazzCash,individual
TXN-20251517,2026-04-26,Total Parco Faisalabad Shahrah-e-Faisal Point,Total Parco,Faisalabad,Punjab,High Speed Diesel,280.46,118.66,33279.38,credit card,Government
TXN-20251518,2025-05-03,Cnergyico Sialkot Multan Road Filling Point,Cnergyico,Sialkot,Punjab,High Speed Diesel,-99.0,139.97,-13857.03,Fleet Card,Corporate
TXN-20251519,2025-11-03,Cnergyico Sialkot Multan Road Filling Point,Cnergyico,Sialkot,Punjab,CNG,210.07,49.63,10425.77,Fleet Card,Corporate
TXN-20251520,2026-08-09,PSO Islamabad Blue Area Station,PSO,Islamabad,Islamabad ICT,High Speed Diesel,291.13,19.79,5761.46,EasyPaisa,Agriculture
TXN-20251521,2025-03-29,Attock Petroleum Quetta Khyber Pass Pump,Attock Petroleum,Quetta,Balochistan,Super (92 Ron),274.5,8443.76,2317812.12,Debit Card,Government
TXN-20251522,03-May-25,PSO Lahore Defence Filling Point,PSO,Lahore,Punjab,CNG,211.88,89.28,18916.65,credit card,Government
TXN-20251523,04-Apr-26,Attock Petroleum Peshawar Motorway Service Area,Attock Petroleum,Peshawar,KPK,High Speed Diesel,285.04,64.31,18330.92,JazzCash,Government
TXN-20251524,2025-07-20,PSO Lahore Blue Area Station,PSO,Lahore,Punjab,CNG,215.02,79.61,17117.74,JazzCash,
TXN-20251525,2025-10-12,Total Parco Peshawar G-11 Markaz Station,Total Parco,Peshawar,KPK,High Speed Diesel,283.59,10595.96,3004908.3,CASH,Corporate Fleet
TXN-20251526,18-May-25,Hascol Peshawar Hayatabad Filling Station,Hascol,Peshawar,KPK,High Speed Diesel,281.37,65.03,18297.49,Mobile Wallet,Corporate
TXN-20251527,2025-01-24,PSO Rawalpindi Clifton Service Station,PSO,Rawalpindi,Punjab,Hi-Octane (97 Ron),324.03,123.29,39949.66,Fleet Card,individual
TXN-20251528,2025-12-18,Shell Karachi University Road Pump,Shell,Karachi,Sindh,Hi-Octane (97 Ron),315.04,53.71,16920.8,Mobile Wallet,Agriculture
TXN-20251529,2025-01-16,Total Parco Faisalabad Thokar Niaz Baig Station,Total Parco,Faisalabad,Punjab,High Speed Diesel,284.36,98.83,28103.3,Credit Card,Individual
TXN-20251530,2026-07-16,Shell Sialkot Karsaz Service Station,Shell,Sialkot,Punjab,CNG,214.25,21.17,4535.67,Fleet Card,Individual
TXN-20251531,08-Apr-26,Shell Islamabad University Road Pump,Shell,Islamabad,Islamabad ICT,Super (92 Ron),282.8,95.96,27137.49,Mobile Wallet,Government
TXN-20251532,06-Apr-26,Cnergyico Multan Hub River Road Pump,Cnergyico,Multan,Punjab,Super (92 Ron),281.66,2373.34,668474.94,Mobile Wallet,Individual
TXN-20251533,2026-06-01,Attock Petroleum Lahore Motorway Service Area,Attock Petroleum,Lahore,Punjab,Super (92 Ron),265.24,64.79,17184.9,Cash,individual
TXN-20251534,20-Jan-26,PSO Rawalpindi Cantt Filling Point,PSO,Rawalpindi,Punjab,High Speed Diesel,287.75,76.7,22070.42,Cash,Individual
TXN-20251535,07/01/2025,Hascol Quetta Hayatabad Filling Station,Hascol,Quetta,Balochistan,High Speed Diesel,277.75,75.48,20964.57,Cash,Government
TXN-20251536,2026-01-26,Shell Rawalpindi F-7 Markaz Pump,Shell,Rawalpindi,Punjab,High Speed Diesel,275.44,64.4,,Mobile Wallet,Corporate
TXN-20251537,2025-03-07,Attock Petroleum Islamabad Industrial Area Pump,Attock Petroleum,Islamabad,Islamabad ICT,Super (92 Ron),264.77,24.22,6412.73,Debit Card,Corporate Fleet
TXN-20251538,2025-08-22,Attock Petroleum Quetta Industrial Area Pump,Attock Petroleum,Quetta,Balochistan,Hi-Octane (97 Ron),301.99,83.32,25161.81,Mobile Wallet,Individual
TXN-20251539,2025-07-07,Total Parco Sialkot G-11 Markaz Station,Total Parco,Sialkot,Punjab,High Speed Diesel,273.08,94.17,25715.94,EasyPaisa,Individual
TXN-20251540,2025-03-16,Shell Karachi Mall Road Station,Shell,Karachi,Sindh,CNG,209.14,61.83,,Credit Card,Individual
TXN-20251541,2025-07-03,Cnergyico Quetta Multan Road Filling Point,Cnergyico,Quetta,Balochistan,Super (92 Ron),277.86,134.1,37261.03,JazzCash,Government
TXN-20251542,2026-03-26,Total Parco Islamabad Thokar Niaz Baig Station,Total Parco,Islamabad,Islamabad ICT,Super (92 Ron),279.85,34.99,9791.95,credit card,Corporate Fleet
TXN-20251543,2025-06-13,PSO Peshawar Cantt Filling Point,PSO,Peshawar,KPK,Super (92 Ron),287.08,76.19,21872.63,JazzCash,Agriculture
TXN-20251544,2025-06-19,Hascol Multan Super Highway Station,Hascol,Multan,Punjab,Hi-Octane (97 Ron),317.28,11616.34,3685632.36,credit card,Corporate
TXN-20251545,2025-02-05,Hascol Rawalpindi Hayatabad Filling Station,Hascol,Rawalpindi,Punjab,High Speed Diesel,300.67,11.8,3547.91,Cash,Corporate
TXN-20251546,2026-07-12,Cnergyico Islamabad Hub River Road Pump,Cnergyico,Islamabad,Islamabad ICT,CNG,204.01,116.45,23756.96,cash,Corporate Fleet
TXN-20251547,2026-06-24,PSO Peshawar Blue Area Station,PSO,Peshawar,KPK,CNG,202.04,144.05,29103.86,EasyPaisa,Corporate
TXN-20251548,2026-04-28,Attock Petroleum Islamabad Khyber Pass Pump,Attock Petroleum,Islamabad,Islamabad ICT,CNG,204.5,38.27,7826.22,JazzCash,individual
TXN-20251549,2025-06-10,Cnergyico Multan Hub River Road Pump,Cnergyico,Multan,Punjab,High Speed Diesel,281.63,6.68,1881.29,CASH,Agriculture
TXN-20251550,2026-06-14,Cnergyico Quetta Multan Road Filling Point,Cnergyico,Quetta,Balochistan,Super (92 Ron),273.78,25.99,8538.65,Mobile Wallet,Individual
TXN-20251551,2026-03-01,PSO Islamabad Defence Filling Point,PSO,Islamabad,Islamabad ICT,Super (92 Ron),284.25,,,CASH,Government
TXN-20251552,2025-02-19,PSO Multan Lytton Road Pump,PSO,Multan,Punjab,High Speed Diesel,304.91,43.71,15993.14,JazzCash,Corporate Fleet
TXN-20251553,2025-02-22,PSO Faisalabad Blue Area Station,PSO,Faisalabad,Punjab,Hi-Octane (97 Ron),298.11,147.75,44045.75,Cash,Individual
TXN-20251554,2026-05-09,Cnergyico Multan Hub River Road Pump,Cnergyico,Multan,Punjab,Hi-Octane (97 Ron),312.84,64.0,20021.76,CASH,Corporate Fleet
TXN-20251555,2025-07-28,Shell Quetta University Road Pump,Shell,Quetta,Balochistan,Hi-Octane (97 Ron),306.29,107.46,32913.92,cash,Agriculture
TXN-20251556,2025-12-27,Total Parco Multan Shahrah-e-Faisal Point,Total Parco,Multan,Punjab,CNG,209.43,109.89,23014.26,credit card,Individual
TXN-20251557,2026-01-01,Total Parco Multan Jail Road Petrol Pump,Total Parco,Multan,Punjab,High Speed Diesel,275.31,122.75,33794.3,Cash,Individual
TXN-20251558,01/10/2025,Attock Petroleum Multan Saddar Filling Station,Attock Petroleum,Multan,Punjab,Super (92 Ron),276.73,63.5,17572.35,Cash,Government
TXN-20251559,2026-05-03,Hascol Rawalpindi Super Highway Station,Hascol,Rawalpindi,Punjab,Super (92 Ron),282.28,145.96,41201.59,EasyPaisa,individual
TXN-20251560,2026-06-24,Shell Karachi F-7 Markaz Pump,Shell,Karachi,Sindh,High Speed Diesel,287.2,31.65,9089.88,CASH,Individual
TXN-20251561,30-Aug-25,PSO Islamabad GT Road Service,PSO,Islamabad,Islamabad ICT,Super (92 Ron),288.85,47.25,13648.16,Cash,Agriculture
TXN-20251562,2026-06-11,PSO Karachi Defence Filling Point,PSO,Karachi,Sindh,Hi-Octane (97 Ron),303.52,120.46,36562.02,Fleet Card,Agriculture
TXN-20251563,2025-08-10,Attock Petroleum Sialkot Motorway Service Area,Attock Petroleum,Sialkot,Punjab,Hi-Octane (97 Ron),313.24,143.18,44849.7,Credit Card,individual
TXN-20251564,2026-02-02,Total Parco Lahore Thokar Niaz Baig Station,Total Parco,Lahore,Punjab,High Speed Diesel,293.71,28.59,8397.17,cash,Corporate
TXN-20251565,2025-05-31,Total Parco Karachi Thokar Niaz Baig Station,Total Parco,Karachi,Sindh,CNG,200.87,32.1,6447.93,JazzCash,Government
TXN-20251566,2026-07-24,Hascol Rawalpindi Hayatabad Filling Station,Hascol,Rawalpindi,Punjab,CNG,208.67,124.59,25998.2,Mobile Wallet,Individual
TXN-20251567,2025-06-20,Shell Faisalabad Mall Road Station,Shell,Faisalabad,Punjab,Super (92 Ron),283.56,13.47,3819.55,credit card,Individual
TXN-20251568,2025-11-17,Attock Petroleum Quetta Khyber Pass Pump,Attock Petroleum,Quetta,Balochistan,Hi-Octane (97 Ron),295.25,146.8,43342.7,EasyPaisa,Individual
TXN-20251569,2025-11-25,Hascol Rawalpindi Hayatabad Filling Station,Hascol,Rawalpindi,Punjab,CNG,204.79,108.82,22285.25,CASH,Corporate Fleet
TXN-20251570,2026-07-30,Shell Quetta Mall Road Station,Shell,Quetta,Balochistan,Super (92 Ron),266.95,47.8,,Fleet Card,Corporate Fleet
TXN-20251571,2026-03-25,Cnergyico Multan Murree Road Station,Cnergyico,Multan,Punjab,Super (92 Ron),269.13,18.83,,Debit Card,individual
TXN-20251572,2025-06-29,Cnergyico Peshawar Murree Road Station,Cnergyico,Peshawar,KPK,Hi-Octane (97 Ron),296.46,48.24,14301.23,Mobile Wallet,Agriculture
TXN-20251573,2025-04-28,PSO Peshawar Clifton Service Station,PSO,Peshawar,KPK,Hi-Octane (97 Ron),313.63,91.9,28822.6,Cash,individual
TXN-20251574,2026-04-03,Attock Petroleum Sialkot Motorway Service Area,Attock Petroleum,Sialkot,Punjab,CNG,219.85,96.1,21127.58,cash,individual
TXN-20251575,2025-08-14,Cnergyico Sialkot Murree Road Station,Cnergyico,Sialkot,Punjab,Hi-Octane (97 Ron),313.16,132.44,41474.91,JazzCash,Corporate
TXN-20251576,2026-05-01,PSO Faisalabad GT Road Service,PSO,Faisalabad,Punjab,Hi-Octane (97 Ron),327.11,148.93,48716.49,Credit Card,Corporate Fleet
TXN-20251577,2026-01-01,PSO Peshawar Clifton Service Station,PSO,Peshawar,KPK,High Speed Diesel,292.23,85.12,24874.62,Fleet Card,Agriculture
TXN-20251578,2026-08-07,PSO Lahore Defence Filling Point,PSO,Lahore,Punjab,High Speed Diesel,300.77,121.86,36651.83,Mobile Wallet,Corporate
TXN-20251579,2025-04-23,Cnergyico Lahore Hub River Road Pump,Cnergyico,Lahore,Punjab,Super (92 Ron),275.3,88.4,24336.52,Credit Card,Individual
TXN-20251580,2025-05-17,Total Parco Faisalabad Jail Road Petrol Pump,Total Parco,Faisalabad,Punjab,Super (92 Ron),275.13,68.0,18708.84,Fleet Card,Agriculture
TXN-20251580,2025-05-17,Total Parco Faisalabad Jail Road Petrol Pump,Total Parco,Faisalabad,Punjab,Super (92 Ron),275.13,68.0,18708.84,Fleet Card,Agriculture
TXN-20251581,2025-03-10,Attock Petroleum Rawalpindi Motorway Service Area,Attock Petroleum,Rawalpindi,Punjab,Super (92 Ron),271.54,99.62,27050.81,Mobile Wallet,Agriculture
TXN-20251582,2025-03-04,Cnergyico Quetta Hub River Road Pump,Cnergyico,Quetta,Balochistan,High Speed Diesel,285.35,8.87,2531.05,credit card,Corporate
TXN-20251583,2025-09-27,Cnergyico Quetta Murree Road Station,Cnergyico,Quetta,Balochistan,CNG,206.83,105.14,21746.11,Cash,Corporate
TXN-20251584,06-Jun-25,Hascol Rawalpindi Super Highway Station,Hascol,Rawalpindi,Punjab,High Speed Diesel,291.81,73.01,21305.05,credit card,individual
TXN-20251585,2025-05-21,Total Parco Islamabad Thokar Niaz Baig Station,Total Parco,Islamabad,Islamabad ICT,CNG,202.47,16.76,3393.4,EasyPaisa,Agriculture
TXN-20251586,2025-09-14,Shell Rawalpindi University Road Pump,Shell,Rawalpindi,Punjab,Super (92 Ron),274.87,113.78,31274.71,Mobile Wallet,individual
TXN-20251587,2025-05-03,Hascol Faisalabad Super Highway Station,Hascol,Faisalabad,Punjab,Hi-Octane (97 Ron),297.35,94.67,28150.12,EasyPaisa,Individual
TXN-20251588,2026-04-03,PSO Rawalpindi Cantt Filling Point,PSO,Rawalpindi,Punjab,Super (92 Ron),277.06,92.73,25691.77,Fleet Card,Agriculture
TXN-20251589,2025-05-07,Shell Quetta Gulberg Station,Shell,Quetta,Balochistan,CNG,218.97,0.0,0.0,Credit Card,Agriculture
TXN-20251590,2025-01-03,Total Parco Rawalpindi G-11 Markaz Station,Total Parco,Rawalpindi,Punjab,CNG,208.7,,,Debit Card,Individual
TXN-20251591,2025-09-15,PSO Karachi Defence Filling Point,PSO,Karachi,Sindh,High Speed Diesel,280.24,,,Mobile Wallet,individual
TXN-20251592,2025-12-08,Attock Petroleum Peshawar Motorway Service Area,Attock Petroleum,Peshawar,KPK,Super (92 Ron),280.6,10855.34,3046008.4,Credit Card,Government
TXN-20251593,2025-05-01,Shell Multan F-7 Markaz Pump,Shell,Multan,Punjab,High Speed Diesel,298.56,95.83,28611.0,Mobile Wallet,Corporate Fleet
TXN-20251594,2026-07-04,Cnergyico Sialkot Multan Road Filling Point,Cnergyico,Sialkot,Punjab,Hi-Octane (97 Ron),314.56,84.84,26687.27,Credit Card,Government
TXN-20251595,2025-01-09,Cnergyico Quetta Multan Road Filling Point,Cnergyico,Quetta,Balochistan,High Speed Diesel,282.91,34.13,9655.72,Mobile Wallet,Individual
TXN-20251596,2025-11-30,Shell Peshawar University Road Pump,Shell,Peshawar,KPK,Super (92 Ron),274.35,11406.74,3129439.12,Cash,Individual
TXN-20251597,2025-04-19,PSO Peshawar Cantt Filling Point,PSO,Peshawar,KPK,Super (92 Ron),283.98,103.45,29377.73,Cash,Government
TXN-20251598,2026-02-10,Attock Petroleum Faisalabad Motorway Service Area,Attock Petroleum,Faisalabad,Punjab,Super (92 Ron),263.51,91.79,24187.58,Debit Card,Government
TXN-20251599,2025-06-28,Hascol Karachi Hayatabad Filling Station,Hascol,Karachi,Sindh,High Speed Diesel,291.26,93.63,27270.67,JazzCash,Government
TXN-20251600,2026-02-04,Cnergyico Lahore Murree Road Station,Cnergyico,Lahore,Punjab,Super (92 Ron),285.98,10.89,3114.32,Credit Card,Individual
TXN-20251601,2026-01-29,Cnergyico Karachi Multan Road Filling Point,Cnergyico,Karachi,Sindh,High Speed Diesel,302.72,98.21,29730.13,CASH,Government
TXN-20251602,2025-06-03,Total Parco Sialkot Shahrah-e-Faisal Point,Total Parco,Sialkot,Punjab,High Speed Diesel,302.29,6071.29,1835290.25,cash,Individual
TXN-20251603,2025-10-11,Total Parco Quetta Shahrah-e-Faisal Point,Total Parco,Quetta,Balochistan,Super (92 Ron),270.88,74.63,24258.93,credit card,Government
TXN-20251604,2025-07-10,PSO Quetta Lytton Road Pump,PSO,Quetta,Balochistan,CNG,219.0,92.13,20176.47,CASH,individual
TXN-20251605,2025-03-24,Cnergyico Quetta Multan Road Filling Point,Cnergyico,Quetta,Balochistan,CNG,218.08,8.46,1844.96,CASH,individual
TXN-20251606,2025-10-13,PSO Karachi Cantt Filling Point,PSO,Karachi,Sindh,Super (92 Ron),273.2,81.74,26797.64,EasyPaisa,Agriculture
TXN-20251607,2026-01-20,PSO Rawalpindi GT Road Service,PSO,Rawalpindi,Punjab,CNG,202.58,11865.67,2403747.43,EasyPaisa,Corporate Fleet
TXN-20251608,11-Sep-25,PSO Rawalpindi GT Road Service,PSO,Rawalpindi,Punjab,High Speed Diesel,295.54,29.82,8813.0,Debit Card,Government
TXN-20251609,2025-03-18,Hascol Quetta Hayatabad Filling Station,Hascol,Quetta,Balochistan,Hi-Octane (97 Ron),316.54,75.51,23901.94,Debit Card,Agriculture
TXN-20251610,2026-08-20,Cnergyico Quetta Murree Road Station,Cnergyico,Quetta,Balochistan,Super (92 Ron),283.93,70.59,,cash,Corporate Fleet
TXN-20251611,2026-05-10,Shell Peshawar Mall Road Station,Shell,Peshawar,KPK,Hi-Octane (97 Ron),313.25,101.03,31647.65,Credit Card,individual
TXN-20251612,2025-02-07,Cnergyico Faisalabad Murree Road Station,Cnergyico,Faisalabad,Punjab,CNG,209.87,59.19,12422.21,cash,Corporate Fleet
TXN-20251613,03-Apr-25,Total Parco Islamabad Shahrah-e-Faisal Point,Total Parco,Islamabad,Islamabad ICT,CNG,213.91,136.68,29237.22,credit card,Agriculture
TXN-20251614,2025-02-13,Total Parco Sialkot Jail Road Petrol Pump,Total Parco,Sialkot,Punjab,Super (92 Ron),269.32,117.17,31556.22,Debit Card,Corporate Fleet
TXN-20251615,2025-03-30,Total Parco Sialkot Jail Road Petrol Pump,Total Parco,Sialkot,Punjab,CNG,205.41,19.36,4772.09,Credit Card,individual
TXN-20251616,2026-05-31,Hascol Faisalabad Ferozepur Road Pump,Hascol,Faisalabad,Punjab,High Speed Diesel,9999.0,75.26,752524.74,CASH,Individual
TXN-20251617,10-May-25,Attock Petroleum Rawalpindi Motorway Service Area,Attock Petroleum,Rawalpindi,Punjab,High Speed Diesel,273.41,148.91,40713.48,Debit Card,Corporate Fleet
TXN-20251618,2026-08-28,Attock Petroleum Lahore Khyber Pass Pump,Attock Petroleum,Lahore,Punjab,Hi-Octane (97 Ron),311.7,13.67,4260.94,Credit Card,Individual
TXN-20251619,03/12/2025,Shell Multan F-7 Markaz Pump,Shell,Multan,Punjab,High Speed Diesel,291.49,5763.39,1679970.55,Credit Card,Corporate Fleet
TXN-20251620,12-May-26,Shell Karachi F-7 Markaz Pump,Shell,Karachi,Sindh,Hi-Octane (97 Ron),295.99,106.12,31410.46,Fleet Card,Government
TXN-20251621,2025-05-20,Cnergyico Peshawar Multan Road Filling Point,Cnergyico,Peshawar,KPK,Super (92 Ron),283.7,20.43,5795.99,EasyPaisa,Government
TXN-20251622,2025-11-11,Hascol Lahore Hayatabad Filling Station,Hascol,Lahore,Punjab,Hi-Octane (97 Ron),313.03,9.46,2961.26,JazzCash,individual
TXN-20251623,2025-07-26,PSO Faisalabad Defence Filling Point,PSO,Faisalabad,Punjab,CNG,210.96,0.0,0.0,EasyPaisa,Corporate
TXN-20251624,2025-08-27,Total Parco Peshawar Shahrah-e-Faisal Point,Total Parco,Peshawar,KPK,Super (92 Ron),,66.53,,JazzCash,Corporate Fleet
TXN-20251625,2026-08-20,PSO Lahore Clifton Service Station,PSO,Lahore,Punjab,Super (92 Ron),272.13,107.91,29365.55,Fleet Card,Government
TXN-20251626,24/09/2025,PSO Lahore Blue Area Station,PSO,Lahore,Punjab,CNG,200.68,117.87,23654.15,Mobile Wallet,Corporate Fleet
TXN-20251627,2025-04-24,Hascol Faisalabad Super Highway Station,Hascol,Faisalabad,Punjab,Hi-Octane (97 Ron),315.76,16.18,5109.0,,Individual
TXN-20251628,2025-01-12,PSO Sialkot Clifton Service Station,PSO,Sialkot,Punjab,CNG,201.99,138.17,27908.96,CASH,Government
TXN-20251629,2026-07-06,Attock Petroleum Sialkot Motorway Service Area,Attock Petroleum,Sialkot,Punjab,High Speed Diesel,298.03,110.24,32854.83,Mobile Wallet,individual
TXN-20251630,2026-01-30,Shell Sialkot University Road Pump,Shell,Sialkot,Punjab,Super (92 Ron),270.45,13.35,3610.51,EasyPaisa,Corporate
TXN-20251631,09-May-25,Shell Rawalpindi F-7 Markaz Pump,Shell,Rawalpindi,Punjab,Hi-Octane (97 Ron),318.93,46.32,14772.84,Cash,Agriculture
TXN-20251632,2026-08-17,PSO Peshawar GT Road Service,PSO,Peshawar,KPK,CNG,208.3,56.34,11735.62,Debit Card,individual
TXN-20251633,2025-01-15,Total Parco Peshawar G-11 Markaz Station,Total Parco,Peshawar,KPK,Hi-Octane (97 Ron),312.88,39.16,12252.38,Fleet Card,Individual
TXN-20251634,2026-05-31,Attock Petroleum Multan Motorway Service Area,Attock Petroleum,Multan,Punjab,Super (92 Ron),273.4,11234.21,3071433.01,Fleet Card,Government
TXN-20251635,07-Apr-26,Shell Islamabad Gulberg Station,Shell,Islamabad,Islamabad ICT,CNG,218.57,139.07,30396.53,JazzCash,Corporate Fleet
TXN-20251636,2026-08-15,Total Parco Peshawar Shahrah-e-Faisal Point,Total Parco,Peshawar,KPK,Super (92 Ron),277.32,50.62,14037.94,Credit Card,Agriculture
TXN-20251637,2025-11-09,Hascol Sialkot Hayatabad Filling Station,Hascol,Sialkot,Punjab,High Speed Diesel,287.08,58.46,,EasyPaisa,individual
TXN-20251638,2026-04-25,Hascol Sialkot Hayatabad Filling Station,Hascol,Sialkot,Punjab,CNG,217.61,142.25,30955.02,cash,Corporate Fleet
TXN-20251639,2025-11-30,Cnergyico Lahore Multan Road Filling Point,Cnergyico,Lahore,Punjab,Hi-Octane (97 Ron),312.87,55.9,17489.43,JazzCash,Corporate Fleet
TXN-20251640,2026-03-02,Shell Faisalabad University Road Pump,Shell,Faisalabad,Punjab,CNG,217.93,99.41,21664.42,cash,Agriculture
TXN-20251641,2026-01-29,Total Parco Lahore Shahrah-e-Faisal Point,Total Parco,Lahore,Punjab,Super (92 Ron),260.07,107.91,28064.15,credit card,Corporate
TXN-20251642,2026-04-07,PSO Rawalpindi Clifton Service Station,PSO,Rawalpindi,Punjab,Super (92 Ron),280.77,936.2,262856.87,CASH,Corporate
TXN-20251643,09/10/2025,Shell Sialkot Karsaz Service Station,Shell,Sialkot,Punjab,Super (92 Ron),280.44,132.92,37276.08,cash,Corporate Fleet
TXN-20251644,2026-02-09,Total Parco Peshawar Shahrah-e-Faisal Point,Total Parco,Peshawar,KPK,High Speed Diesel,281.79,112.46,,Mobile Wallet,Corporate Fleet
TXN-20251645,2025-05-02,Shell Lahore Gulberg Station,Shell,Lahore,Punjab,Hi-Octane (97 Ron),322.8,100.4,32409.12,Credit Card,individual
TXN-20251646,2025-08-06,Hascol Sialkot Hayatabad Filling Station,Hascol,Sialkot,Punjab,Hi-Octane (97 Ron),326.22,123.38,40249.02,cash,individual
TXN-20251647,16-Oct-25,Total Parco Lahore Shahrah-e-Faisal Point,Total Parco,Lahore,Punjab,CNG,205.52,80.75,16595.74,CASH,Corporate
TXN-20251648,2026-04-12,Shell Quetta University Road Pump,Shell,Quetta,Balochistan,Super (92 Ron),261.85,110.81,,Fleet Card,individual
TXN-20251649,2025-11-18,Attock Petroleum Lahore Industrial Area Pump,Attock Petroleum,Lahore,Punjab,High Speed Diesel,283.75,15.89,4508.79,Debit Card,Government
TXN-20251650,2026-08-31,Hascol Multan Ferozepur Road Pump,Hascol,Multan,Punjab,CNG,218.83,93.99,20567.83,Mobile Wallet,Individual
TXN-20251651,06/08/2026,Total Parco Rawalpindi G-11 Markaz Station,Total Parco,Rawalpindi,Punjab,CNG,212.26,86.9,18445.39,Cash,individual
TXN-20251652,2026-05-15,Hascol Islamabad Ferozepur Road Pump,Hascol,Islamabad,Islamabad ICT,Super (92 Ron),263.38,0.0,,JazzCash,Corporate Fleet
TXN-20251653,26/12/2025,PSO Islamabad Blue Area Station,PSO,Islamabad,Islamabad ICT,Hi-Octane (97 Ron),313.65,19.82,6216.54,credit card,Agriculture
TXN-20251654,09-Aug-25,Hascol Multan Hayatabad Filling Station,Hascol,Multan,Punjab,Super (92 Ron),265.57,61.0,16199.77,cash,Corporate Fleet
TXN-20251655,2025-01-08,Shell Rawalpindi Karsaz Service Station,Shell,Rawalpindi,Punjab,CNG,201.95,11.48,2318.39,JazzCash,Agriculture
TXN-20251656,2026-06-04,Total Parco Quetta G-11 Markaz Station,Total Parco,Quetta,Balochistan,Super (92 Ron),271.33,109.02,29580.4,credit card,Corporate Fleet
TXN-20251657,2026-05-02,Cnergyico Karachi Murree Road Station,Cnergyico,Karachi,Sindh,Super (92 Ron),274.28,6882.08,1887616.9,Mobile Wallet,Government
TXN-20251658,19/03/2026,Hascol Quetta Super Highway Station,Hascol,Quetta,Balochistan,Super (92 Ron),271.15,118.42,32109.58,credit card,individual
TXN-20251659,2026-08-20,Attock Petroleum Islamabad Industrial Area Pump,Attock Petroleum,Islamabad,Islamabad ICT,CNG,215.47,84.34,18172.74,EasyPaisa,Agriculture
TXN-20251660,2025-12-24,Total Parco Islamabad Thokar Niaz Baig Station,Total Parco,Islamabad,Islamabad ICT,Super (92 Ron),284.81,32.26,9187.97,credit card,Corporate
TXN-20251661,25/05/2026,Shell Faisalabad Mall Road Station,Shell,Faisalabad,Punjab,High Speed Diesel,276.76,,,,Corporate Fleet
TXN-20251662,2025-11-27,Attock Petroleum Peshawar Industrial Area Pump,Attock Petroleum,Peshawar,KPK,Super (92 Ron),276.49,64.79,17913.79,JazzCash,Government
TXN-20251663,2025-11-18,Attock Petroleum Peshawar Saddar Filling Station,Attock Petroleum,Peshawar,KPK,High Speed Diesel,275.86,,,Fleet Card,Corporate
TXN-20251664,2026-06-09,Shell Karachi Karsaz Service Station,Shell,Karachi,Sindh,CNG,215.31,125.29,26976.19,JazzCash,Agriculture
TXN-20251665,2025-04-10,Cnergyico Faisalabad Multan Road Filling Point,Cnergyico,Faisalabad,Punjab,Super (92 Ron),287.73,86.29,24828.22,Fleet Card,Agriculture
TXN-20251666,2026-01-03,Attock Petroleum Lahore Motorway Service Area,Attock Petroleum,Lahore,Punjab,High Speed Diesel,276.54,86.02,23787.97,cash,Corporate Fleet
TXN-20251667,20/01/2026,Shell Karachi Gulberg Station,Shell,Karachi,Sindh,Hi-Octane (97 Ron),299.31,53.56,16031.04,,Individual
TXN-20251668,2026-06-19,PSO Islamabad Defence Filling Point,PSO,Islamabad,Islamabad ICT,Super (92 Ron),282.89,74.01,20936.69,EasyPaisa,Government
TXN-20251669,2026-03-28,Cnergyico Sialkot Murree Road Station,Cnergyico,Sialkot,Punjab,Super (92 Ron),268.9,79.24,21307.64,Debit Card,individual
TXN-20251670,2025-01-29,Cnergyico Islamabad Multan Road Filling Point,Cnergyico,Islamabad,Islamabad ICT,Hi-Octane (97 Ron),315.65,0.0,0.0,Cash,Corporate
TXN-20251671,2026-02-24,Attock Petroleum Quetta Motorway Service Area,Attock Petroleum,Quetta,Balochistan,High Speed Diesel,271.68,114.33,31061.17,Cash,Government
TXN-20251672,2025-12-07,Total Parco Peshawar Thokar Niaz Baig Station,Total Parco,Peshawar,KPK,High Speed Diesel,292.09,111.85,32670.27,cash,Agriculture
TXN-20251673,2026-08-23,Shell Quetta University Road Pump,Shell,Quetta,Balochistan,High Speed Diesel,293.67,63.05,18515.89,Debit Card,Government
TXN-20251674,2026-07-19,Attock Petroleum Rawalpindi Khyber Pass Pump,Attock Petroleum,Rawalpindi,Punjab,High Speed Diesel,297.02,9498.39,2821211.8,Cash,individual
TXN-20251675,31/12/2025,PSO Quetta Blue Area Station,PSO,Quetta,Balochistan,Super (92 Ron),268.45,92.87,24930.95,Debit Card,Government
TXN-20251676,2025-05-12,Attock Petroleum Sialkot Industrial Area Pump,Attock Petroleum,Sialkot,Punjab,Super (92 Ron),263.98,1272.69,335964.71,Mobile Wallet,Government
TXN-20251677,2026-06-03,Total Parco Karachi G-11 Markaz Station,Total Parco,Karachi,Sindh,High Speed Diesel,271.49,113.73,30876.56,EasyPaisa,Individual
TXN-20251678,2025-10-02,Attock Petroleum Faisalabad Khyber Pass Pump,Attock Petroleum,Faisalabad,Punjab,Hi-Octane (97 Ron),318.26,70.96,22583.73,credit card,Corporate
TXN-20251679,2026-03-14,Total Parco Lahore Shahrah-e-Faisal Point,Total Parco,Lahore,Punjab,High Speed Diesel,286.18,67.04,19185.51,Fleet Card,Corporate Fleet
TXN-20251680,18/03/2026,Cnergyico Lahore Hub River Road Pump,Cnergyico,Lahore,Punjab,Hi-Octane (97 Ron),327.56,57.9,18965.72,CASH,Agriculture
TXN-20251681,26/12/2025,Total Parco Peshawar G-11 Markaz Station,Total Parco,Peshawar,KPK,Hi-Octane (97 Ron),324.97,34.9,11341.45,Fleet Card,Government
TXN-20251682,2025-03-14,Cnergyico Multan Murree Road Station,Cnergyico,Multan,Punjab,Super (92 Ron),282.75,14.02,3964.15,CASH,individual
TXN-20251683,2026-06-11,PSO Rawalpindi Blue Area Station,PSO,Rawalpindi,Punjab,CNG,215.06,135.68,29179.34,Cash,Corporate
TXN-20251684,2025-12-26,Cnergyico Lahore Murree Road Station,Cnergyico,Lahore,Punjab,High Speed Diesel,293.21,1413.85,414554.96,Fleet Card,Government
TXN-20251685,2025-10-07,Cnergyico Rawalpindi Murree Road Station,Cnergyico,Rawalpindi,Punjab,Hi-Octane (97 Ron),311.54,94.69,,Credit Card,Corporate Fleet
TXN-20251686,2025-02-26,Cnergyico Faisalabad Multan Road Filling Point,Cnergyico,Faisalabad,Punjab,High Speed Diesel,280.16,62.23,17434.36,CASH,Individual
TXN-20251687,04/10/2025,Attock Petroleum Sialkot Saddar Filling Station,Attock Petroleum,Sialkot,Punjab,High Speed Diesel,289.74,116.02,33615.63,cash,Corporate Fleet
TXN-20251688,2025-10-21,Hascol Faisalabad Hayatabad Filling Station,Hascol,Faisalabad,Punjab,CNG,212.25,47.15,10007.59,cash,Corporate
TXN-20251689,2026-03-14,Attock Petroleum Quetta Industrial Area Pump,Attock Petroleum,Quetta,Balochistan,High Speed Diesel,278.36,7149.15,1990037.39,Cash,Individual
TXN-20251690,2025-09-26,Total Parco Sialkot Jail Road Petrol Pump,Total Parco,Sialkot,Punjab,Super (92 Ron),282.37,123.22,34793.63,Mobile Wallet,
TXN-20251691,2025-05-01,Cnergyico Sialkot Hub River Road Pump,Cnergyico,Sialkot,Punjab,Hi-Octane (97 Ron),297.22,145.71,43307.93,EasyPaisa,Government
TXN-20251692,2025-05-09,Total Parco Islamabad Shahrah-e-Faisal Point,Total Parco,Islamabad,Islamabad ICT,High Speed Diesel,287.56,5.71,1641.97,cash,Government
TXN-20251693,2026-04-23,Shell Rawalpindi F-7 Markaz Pump,Shell,Rawalpindi,Punjab,Super (92 Ron),271.96,99.87,27160.65,cash,Corporate Fleet
TXN-20251694,2025-12-23,Cnergyico Lahore Hub River Road Pump,Cnergyico,Lahore,Punjab,Super (92 Ron),262.96,19.18,5043.57,CASH,Corporate Fleet
TXN-20251695,2026-08-03,Cnergyico Lahore Murree Road Station,Cnergyico,Lahore,Punjab,CNG,203.0,77.8,15793.4,Debit Card,Corporate
TXN-20251696,2025-04-08,Hascol Lahore Hayatabad Filling Station,Hascol,Lahore,Punjab,High Speed Diesel,285.74,115.07,32880.1,Credit Card,Corporate Fleet
TXN-20251697,2025-07-19,Hascol Islamabad Ferozepur Road Pump,Hascol,Islamabad,Islamabad ICT,Super (92 Ron),263.49,21.26,5601.8,Cash,Individual
TXN-20251698,2026-04-16,Attock Petroleum Karachi Industrial Area Pump,Attock Petroleum,Karachi,Sindh,CNG,213.08,9799.61,2088100.9,Fleet Card,Individual
TXN-20251699,2026-05-29,Attock Petroleum Rawalpindi Saddar Filling Station,Attock Petroleum,Rawalpindi,Punjab,Hi-Octane (97 Ron),302.3,23.82,7200.79,Fleet Card,Corporate Fleet
TXN-20251700,2025-06-29,Cnergyico Rawalpindi Murree Road Station,Cnergyico,Rawalpindi,Punjab,CNG,201.59,3412.7,687966.19,CASH,Individual
TXN-20251701,2026-08-17,Total Parco Peshawar Thokar Niaz Baig Station,Total Parco,Peshawar,KPK,Super (92 Ron),262.99,,,EasyPaisa,Agriculture
TXN-20251702,2025-03-07,Hascol Peshawar Ferozepur Road Pump,Hascol,Peshawar,KPK,High Speed Diesel,-99.0,23.2,-2296.8,Fleet Card,individual
TXN-20251703,2025-11-08,Shell Faisalabad University Road Pump,Shell,Faisalabad,Punjab,CNG,215.19,11651.24,2507230.34,,Government
TXN-20251704,2026-02-13,Cnergyico Karachi Murree Road Station,Cnergyico,Karachi,Sindh,Super (92 Ron),267.93,135.04,36181.27,Cash,Individual
TXN-20251705,2026-05-23,Cnergyico Sialkot Hub River Road Pump,Cnergyico,Sialkot,Punjab,Hi-Octane (97 Ron),329.73,64.46,21254.4,Fleet Card,individual
TXN-20251706,2025-06-23,Attock Petroleum Sialkot Khyber Pass Pump,Attock Petroleum,Sialkot,Punjab,High Speed Diesel,271.65,39.22,10654.11,Mobile Wallet,individual
TXN-20251707,2025-05-17,Attock Petroleum Sialkot Industrial Area Pump,Attock Petroleum,Sialkot,Punjab,CNG,201.19,127.27,25605.45,Debit Card,Government
TXN-20251708,2026-01-20,Shell Rawalpindi Karsaz Service Station,Shell,Rawalpindi,Punjab,CNG,219.84,34.98,7690.0,CASH,Individual
TXN-20251709,2025-01-17,Total Parco Sialkot Shahrah-e-Faisal Point,Total Parco,Sialkot,Punjab,CNG,209.24,6358.6,1330473.46,Credit Card,Corporate Fleet
TXN-20251710,2026-03-26,Attock Petroleum Multan Saddar Filling Station,Attock Petroleum,Multan,Punjab,Super (92 Ron),274.98,89.53,24618.96,EasyPaisa,Individual
TXN-20251711,01/09/2025,Cnergyico Islamabad Multan Road Filling Point,Cnergyico,Islamabad,Islamabad ICT,Super (92 Ron),265.09,46.51,12329.34,credit card,Individual
TXN-20251712,07/07/2025,Shell Rawalpindi Karsaz Service Station,Shell,Rawalpindi,Punjab,High Speed Diesel,303.77,48.27,14662.98,Debit Card,Corporate Fleet
TXN-20251713,2025-10-04,Total Parco Sialkot Shahrah-e-Faisal Point,Total Parco,Sialkot,Punjab,CNG,217.63,9504.32,2068425.16,Cash,Corporate Fleet
TXN-20251714,2025-12-10,PSO Islamabad Defence Filling Point,PSO,Islamabad,Islamabad ICT,Hi-Octane (97 Ron),324.04,58.74,19034.11,Debit Card,Agriculture
TXN-20251715,2026-05-08,Shell Islamabad F-7 Markaz Pump,Shell,Islamabad,Islamabad ICT,Hi-Octane (97 Ron),300.99,139.59,42015.19,CASH,individual
TXN-20251716,2025-05-18,Total Parco Multan Shahrah-e-Faisal Point,Total Parco,Multan,Punjab,Super (92 Ron),272.22,113.23,30823.47,Mobile Wallet,Corporate Fleet
TXN-20251716,2025-05-18,Total Parco Multan Shahrah-e-Faisal Point,Total Parco,Multan,Punjab,Super (92 Ron),272.22,113.23,30823.47,Mobile Wallet,Corporate Fleet
TXN-20251717,2026-08-03,Attock Petroleum Multan Saddar Filling Station,Attock Petroleum,Multan,Punjab,CNG,218.71,4980.07,1089191.11,Credit Card,individual
TXN-20251718,2025-08-21,PSO Sialkot Clifton Service Station,PSO,Sialkot,Punjab,CNG,202.05,125.14,25284.54,Debit Card,Corporate
TXN-20251719,2025-02-16,Shell Quetta F-7 Markaz Pump,Shell,Quetta,Balochistan,High Speed Diesel,301.19,103.85,37534.3,cash,Agriculture
TXN-20251720,2025-03-25,Total Parco Rawalpindi Shahrah-e-Faisal Point,Total Parco,Rawalpindi,Punjab,Super (92 Ron),283.01,,,Cash,individual
TXN-20251721,2026-03-30,Cnergyico Islamabad Murree Road Station,Cnergyico,Islamabad,Islamabad ICT,Super (92 Ron),280.7,129.76,36423.63,EasyPaisa,Agriculture
TXN-20251722,2025-03-23,Attock Petroleum Peshawar Industrial Area Pump,Attock Petroleum,Peshawar,KPK,High Speed Diesel,283.96,31.65,8987.33,Cash,Corporate
TXN-20251723,2026-06-14,Attock Petroleum Lahore Khyber Pass Pump,Attock Petroleum,Lahore,Punjab,High Speed Diesel,273.28,139.88,38226.41,Credit Card,Corporate
TXN-20251724,2025-05-19,Cnergyico Islamabad Multan Road Filling Point,Cnergyico,Islamabad,Islamabad ICT,Super (92 Ron),285.06,32.06,9139.02,Credit Card,Individual
TXN-20251725,2025-12-30,Shell Quetta Gulberg Station,Shell,Quetta,Balochistan,Hi-Octane (97 Ron),311.14,115.34,35886.89,Mobile Wallet,
TXN-20251726,2025-04-22,Shell Karachi Gulberg Station,Shell,Karachi,Sindh,Hi-Octane (97 Ron),304.55,45.97,14000.16,EasyPaisa,Corporate Fleet
TXN-20251727,2025-07-01,Hascol Faisalabad Hayatabad Filling Station,Hascol,Faisalabad,Punjab,High Speed Diesel,289.16,101.21,29265.88,credit card,Corporate Fleet
TXN-20251728,2025-12-14,Shell Multan Karsaz Service Station,Shell,Multan,Punjab,High Speed Diesel,301.37,148.15,44647.97,credit card,Government
TXN-20251729,2025-12-29,Hascol Peshawar Super Highway Station,Hascol,Peshawar,KPK,CNG,201.98,123.57,24958.67,JazzCash,Corporate Fleet
TXN-20251730,17/01/2026,Hascol Islamabad Ferozepur Road Pump,Hascol,Islamabad,Islamabad ICT,High Speed Diesel,278.22,126.02,35061.28,Cash,Agriculture
TXN-20251731,2026-01-27,PSO Multan Clifton Service Station,PSO,Multan,Punjab,CNG,213.99,58.63,12546.23,CASH,Corporate
TXN-20251732,2026-07-19,Total Parco Multan Shahrah-e-Faisal Point,Total Parco,Multan,Punjab,CNG,209.38,69.89,14633.57,credit card,Corporate Fleet
TXN-20251733,2025-01-12,Cnergyico Quetta Murree Road Station,Cnergyico,Quetta,Balochistan,CNG,209.54,45.51,,JazzCash,Corporate Fleet
TXN-20251734,2025-08-09,Hascol Sialkot Super Highway Station,Hascol,Sialkot,Punjab,Hi-Octane (97 Ron),298.64,701.77,209576.59,Credit Card,Agriculture
TXN-20251735,2026-07-11,Attock Petroleum Karachi Motorway Service Area,Attock Petroleum,Karachi,Sindh,Hi-Octane (97 Ron),319.29,43.64,13933.82,JazzCash,Agriculture
TXN-20251736,14/08/2025,Hascol Lahore Ferozepur Road Pump,Hascol,Lahore,Punjab,Super (92 Ron),269.92,80.83,21817.63,credit card,Corporate
TXN-20251737,2025-11-05,Hascol Sialkot Super Highway Station,Hascol,Sialkot,Punjab,CNG,204.59,9734.51,1991583.4,,Government
TXN-20251738,2026-03-22,PSO Multan Blue Area Station,PSO,Multan,Punjab,High Speed Diesel,303.14,20.33,6162.84,Cash,Individual
TXN-20251739,2025-02-02,Shell Lahore F-7 Markaz Pump,Shell,Lahore,Punjab,High Speed Diesel,275.24,57.57,15845.57,cash,Corporate Fleet
TXN-20251740,2025-03-31,Cnergyico Quetta Multan Road Filling Point,Cnergyico,Quetta,Balochistan,CNG,207.9,96.43,20047.8,credit card,Corporate Fleet
TXN-20251741,2026-08-14,Total Parco Karachi G-11 Markaz Station,Total Parco,Karachi,Sindh,Super (92 Ron),272.93,49.79,13589.18,JazzCash,Agriculture
TXN-20251742,2025-11-20,Total Parco Multan G-11 Markaz Station,Total Parco,Multan,Punjab,CNG,206.48,71.72,,Credit Card,Corporate
TXN-20251743,2026-08-10,Shell Rawalpindi University Road Pump,Shell,Rawalpindi,Punjab,CNG,208.86,90.61,18924.8,Mobile Wallet,Agriculture
TXN-20251744,2025-10-14,Hascol Karachi Hayatabad Filling Station,Hascol,Karachi,Sindh,Super (92 Ron),276.78,57.49,15912.08,Mobile Wallet,Agriculture
TXN-20251745,2026-04-23,Shell Lahore Gulberg Station,Shell,Lahore,Punjab,High Speed Diesel,300.64,96.29,28948.63,Mobile Wallet,Individual
TXN-20251746,2026-04-17,Cnergyico Rawalpindi Hub River Road Pump,Cnergyico,Rawalpindi,Punjab,CNG,213.28,39.01,8320.05,EasyPaisa,
TXN-20251747,14/12/2025,Hascol Multan Super Highway Station,Hascol,Multan,Punjab,High Speed Diesel,292.6,43.05,12596.43,credit card,Government
TXN-20251748,2026-02-20,Hascol Lahore Ferozepur Road Pump,Hascol,Lahore,Punjab,CNG,215.83,140.95,30421.24,Debit Card,Government
TXN-20251749,2026-08-15,PSO Sialkot GT Road Service,PSO,Sialkot,Punjab,Super (92 Ron),270.58,92.18,24942.06,Credit Card,Government
TXN-20251750,2026-05-01,Total Parco Quetta Thokar Niaz Baig Station,Total Parco,Quetta,Balochistan,High Speed Diesel,9999.0,,,Cash,Government
TXN-20251751,2025-10-13,Hascol Rawalpindi Super Highway Station,Hascol,Rawalpindi,Punjab,Hi-Octane (97 Ron),309.77,127.01,39343.89,credit card,Corporate Fleet
TXN-20251752,2026-04-09,PSO Multan Lytton Road Pump,PSO,Multan,Punjab,Super (92 Ron),265.57,58.72,15594.27,Fleet Card,Corporate
TXN-20251753,2026-05-30,Attock Petroleum Islamabad Industrial Area Pump,Attock Petroleum,Islamabad,Islamabad ICT,CNG,208.98,110.15,23019.15,JazzCash,Agriculture
TXN-20251754,21/02/2026,Total Parco Faisalabad G-11 Markaz Station,Total Parco,Faisalabad,Punjab,High Speed Diesel,278.59,84.12,23434.99,Credit Card,Corporate
TXN-20251755,2025-04-24,Hascol Faisalabad Super Highway Station,Hascol,Faisalabad,Punjab,Super (92 Ron),278.49,8259.22,2300110.18,credit card,Individual
TXN-20251756,19-Feb-25,Cnergyico Faisalabad Hub River Road Pump,Cnergyico,Faisalabad,Punjab,CNG,208.96,38.95,8138.99,cash,Corporate
TXN-20251757,2026-05-28,PSO Peshawar Blue Area Station,PSO,Peshawar,KPK,High Speed Diesel,301.05,9.3,2799.77,CASH,Corporate Fleet
TXN-20251758,2026-06-03,Cnergyico Peshawar Multan Road Filling Point,Cnergyico,Peshawar,KPK,Super (92 Ron),265.24,53.12,14089.55,Mobile Wallet,Corporate Fleet
TXN-20251759,2026-05-07,Cnergyico Sialkot Multan Road Filling Point,Cnergyico,Sialkot,Punjab,High Speed Diesel,295.78,96.65,28587.14,Cash,Agriculture
TXN-20251760,2025-12-08,PSO Quetta Cantt Filling Point,PSO,Quetta,Balochistan,Super (92 Ron),271.9,141.98,38604.36,CASH,Corporate Fleet
TXN-20251761,22-Jun-25,Shell Quetta Karsaz Service Station,Shell,Quetta,Balochistan,CNG,214.14,2782.18,595776.03,Mobile Wallet,Corporate Fleet
TXN-20251762,2025-07-12,Hascol Islamabad Super Highway Station,Hascol,Islamabad,Islamabad ICT,CNG,206.05,0.0,0.0,Cash,individual
TXN-20251763,04-Aug-25,Cnergyico Lahore Multan Road Filling Point,Cnergyico,Lahore,Punjab,Super (92 Ron),267.54,107.04,28637.48,CASH,Corporate Fleet
TXN-20251764,16-Jul-26,Total Parco Karachi G-11 Markaz Station,Total Parco,Karachi,Sindh,High Speed Diesel,299.76,132.41,39691.22,Debit Card,individual
TXN-20251765,2025-02-13,Total Parco Rawalpindi G-11 Markaz Station,Total Parco,Rawalpindi,Punjab,Hi-Octane (97 Ron),,79.22,,CASH,Corporate Fleet
TXN-20251766,2026-03-29,Total Parco Rawalpindi Thokar Niaz Baig Station,Total Parco,Rawalpindi,Punjab,CNG,214.43,127.42,27322.67,credit card,Corporate Fleet
TXN-20251767,2025-07-07,PSO Sialkot Cantt Filling Point,PSO,Sialkot,Punjab,CNG,9999.0,64.8,647935.2,Mobile Wallet,Agriculture
TXN-20251768,2026-03-30,Cnergyico Multan Murree Road Station,Cnergyico,Multan,Punjab,CNG,204.98,145.9,29906.58,JazzCash,Corporate
TXN-20251769,2025-07-30,Attock Petroleum Peshawar Industrial Area Pump,Attock Petroleum,Peshawar,KPK,High Speed Diesel,296.13,68.8,20373.74,Cash,Agriculture
TXN-20251770,2025-11-03,PSO Quetta Blue Area Station,PSO,Quetta,Balochistan,CNG,208.13,,,CASH,Agriculture
TXN-20251771,2026-01-23,Cnergyico Faisalabad Hub River Road Pump,Cnergyico,Faisalabad,Punjab,High Speed Diesel,302.7,2000.99,605699.67,credit card,individual
TXN-20251772,2025-03-21,PSO Quetta Cantt Filling Point,PSO,Quetta,Balochistan,Super (92 Ron),261.14,102.9,26871.31,JazzCash,individual
TXN-20251773,2026-06-13,Shell Sialkot F-7 Markaz Pump,Shell,Sialkot,Punjab,CNG,213.99,25.65,5488.84,Mobile Wallet,Government
TXN-20251774,2026-08-27,Cnergyico Quetta Multan Road Filling Point,Cnergyico,Quetta,Balochistan,High Speed Diesel,295.39,89.41,26410.82,Fleet Card,individual
TXN-20251775,2025-08-16,Shell Islamabad Gulberg Station,Shell,Islamabad,Islamabad ICT,CNG,212.06,11.32,2400.52,JazzCash,Government
TXN-20251776,2025-09-08,Hascol Lahore Hayatabad Filling Station,Hascol,Lahore,Punjab,High Speed Diesel,301.08,37.5,11290.5,Cash,Corporate Fleet
TXN-20251777,2026-04-15,PSO Karachi Defence Filling Point,PSO,Karachi,Sindh,Hi-Octane (97 Ron),295.72,11838.09,3500759.97,cash,Individual
TXN-20251778,2025-04-21,Attock Petroleum Multan Motorway Service Area,Attock Petroleum,Multan,Punjab,CNG,218.89,60.86,13321.65,Debit Card,Corporate
TXN-20251779,2025-04-22,Hascol Islamabad Super Highway Station,Hascol,Islamabad,Islamabad ICT,Super (92 Ron),261.21,4632.99,,,individual
TXN-20251780,2025-01-09,Attock Petroleum Rawalpindi Industrial Area Pump,Attock Petroleum,Rawalpindi,Punjab,Super (92 Ron),267.84,54.24,14527.64,Fleet Card,Individual
TXN-20251781,2025-08-28,Hascol Rawalpindi Ferozepur Road Pump,Hascol,Rawalpindi,Punjab,Hi-Octane (97 Ron),329.83,96.3,38115.15,Cash,Corporate
TXN-20251782,2025-01-15,Total Parco Peshawar Jail Road Petrol Pump,Total Parco,Peshawar,KPK,CNG,213.17,81.22,17313.67,JazzCash,individual
TXN-20251783,2025-06-03,Shell Lahore Mall Road Station,Shell,Lahore,Punjab,High Speed Diesel,279.23,135.06,37712.8,credit card,Individual
TXN-20251784,11-May-25,PSO Sialkot GT Road Service,PSO,Sialkot,Punjab,Super (92 Ron),-99.0,10658.92,-1055233.08,Credit Card,Corporate Fleet
TXN-20251785,2025-01-26,Attock Petroleum Karachi Motorway Service Area,Attock Petroleum,Karachi,Sindh,High Speed Diesel,279.95,35.72,9999.81,Fleet Card,Individual
TXN-20251786,2026-05-22,Attock Petroleum Islamabad Saddar Filling Station,Attock Petroleum,Islamabad,Islamabad ICT,CNG,207.07,133.82,27710.11,Cash,Corporate Fleet
TXN-20251787,2026-06-09,Cnergyico Peshawar Hub River Road Pump,Cnergyico,Peshawar,KPK,Super (92 Ron),268.38,107.01,28719.34,credit card,Government
TXN-20251788,2026-05-21,Hascol Sialkot Super Highway Station,Hascol,Sialkot,Punjab,Hi-Octane (97 Ron),319.53,7284.12,2327494.86,EasyPaisa,Government
TXN-20251789,2025-02-07,PSO Islamabad Cantt Filling Point,PSO,Islamabad,Islamabad ICT,Hi-Octane (97 Ron),315.55,53.29,16815.66,Fleet Card,Individual
TXN-20251790,25-Jun-26,Total Parco Karachi Jail Road Petrol Pump,Total Parco,Karachi,Sindh,Hi-Octane (97 Ron),306.65,52.64,16142.06,cash,Corporate
TXN-20251791,01-Jun-26,Cnergyico Faisalabad Hub River Road Pump,Cnergyico,Faisalabad,Punjab,Hi-Octane (97 Ron),328.74,5.76,1893.54,JazzCash,Corporate Fleet
TXN-20251792,2026-03-25,Total Parco Lahore G-11 Markaz Station,Total Parco,Lahore,Punjab,High Speed Diesel,297.93,92.28,27492.98,Debit Card,Individual
TXN-20251793,2025-05-27,Hascol Lahore Ferozepur Road Pump,Hascol,Lahore,Punjab,High Speed Diesel,293.57,90.2,26480.01,CASH,Corporate Fleet
TXN-20251794,29/06/2026,Shell Sialkot F-7 Markaz Pump,Shell,Sialkot,Punjab,CNG,215.13,32.17,6920.73,Credit Card,Individual
TXN-20251795,2025-03-02,Attock Petroleum Rawalpindi Khyber Pass Pump,Attock Petroleum,Rawalpindi,Punjab,High Speed Diesel,290.9,138.08,40167.47,Fleet Card,Individual
TXN-20251796,2026-01-09,Hascol Karachi Super Highway Station,Hascol,Karachi,Sindh,Super (92 Ron),287.79,109.08,31392.13,Mobile Wallet,Government
TXN-20251797,2025-05-09,Total Parco Multan Shahrah-e-Faisal Point,Total Parco,Multan,Punjab,CNG,210.26,123.29,25922.96,JazzCash,Government
TXN-20251798,2025-06-02,PSO Faisalabad Lytton Road Pump,PSO,Faisalabad,Punjab,Super (92 Ron),280.72,8598.62,2413804.61,Cash,Individual
TXN-20251799,2025-05-05,Shell Islamabad Karsaz Service Station,Shell,Islamabad,Islamabad ICT,Super (92 Ron),273.51,23.91,6539.62,CASH,Government
TXN-20251800,2025-07-23,Cnergyico Sialkot Hub River Road Pump,Cnergyico,Sialkot,Punjab,High Speed Diesel,289.95,62.81,18211.76,Credit Card,individual
TXN-20251801,08-Aug-25,Total Parco Peshawar Shahrah-e-Faisal Point,Total Parco,Peshawar,KPK,Super (92 Ron),272.56,123.03,33533.06,credit card,Corporate
TXN-20251802,2025-08-19,Attock Petroleum Islamabad Motorway Service Area,Attock Petroleum,Islamabad,Islamabad ICT,Super (92 Ron),261.15,61.44,16045.06,CASH,Government
TXN-20251803,2026-01-01,PSO Quetta Clifton Service Station,PSO,Quetta,Balochistan,CNG,206.12,68.06,14028.53,EasyPaisa,Corporate Fleet
TXN-20251804,2025-04-29,Cnergyico Lahore Hub River Road Pump,Cnergyico,Lahore,Punjab,CNG,211.47,24.45,5170.44,cash,Corporate Fleet
TXN-20251805,2025-05-23,PSO Lahore GT Road Service,PSO,Lahore,Punjab,High Speed Diesel,299.09,41.69,12469.06,Cash,
TXN-20251806,30-Nov-25,Hascol Quetta Hayatabad Filling Station,Hascol,Quetta,Balochistan,Super (92 Ron),286.53,70.71,20260.54,JazzCash,Corporate Fleet
TXN-20251807,2026-07-16,Cnergyico Islamabad Multan Road Filling Point,Cnergyico,Islamabad,Islamabad ICT,Hi-Octane (97 Ron),312.25,103.97,32464.63,cash,individual
TXN-20251808,2025-07-25,Attock Petroleum Sialkot Saddar Filling Station,Attock Petroleum,Sialkot,Punjab,High Speed Diesel,271.6,112.1,30446.36,EasyPaisa,Corporate
TXN-20251809,2025-05-28,Total Parco Rawalpindi Shahrah-e-Faisal Point,Total Parco,Rawalpindi,Punjab,CNG,213.39,58.27,12434.24,,Government
TXN-20251810,2025-06-20,Cnergyico Peshawar Multan Road Filling Point,Cnergyico,Peshawar,KPK,CNG,216.55,9385.86,2032507.98,Debit Card,Agriculture
TXN-20251811,2026-05-16,Attock Petroleum Rawalpindi Khyber Pass Pump,Attock Petroleum,Rawalpindi,Punjab,CNG,219.41,41.57,9120.87,Fleet Card,Agriculture
TXN-20251812,2026-06-02,Cnergyico Sialkot Multan Road Filling Point,Cnergyico,Sialkot,Punjab,Super (92 Ron),274.62,120.23,33017.56,,individual
TXN-20251813,2025-07-04,Cnergyico Peshawar Hub River Road Pump,Cnergyico,Peshawar,KPK,Hi-Octane (97 Ron),296.75,65.53,19446.03,EasyPaisa,Government
TXN-20251814,2025-04-21,Shell Multan University Road Pump,Shell,Multan,Punjab,Hi-Octane (97 Ron),308.26,9.9,3051.77,Cash,Corporate Fleet
TXN-20251815,2026-08-21,Shell Peshawar F-7 Markaz Pump,Shell,Peshawar,KPK,High Speed Diesel,292.55,98.47,28807.4,Debit Card,Government
TXN-20251816,2026-06-24,Attock Petroleum Multan Khyber Pass Pump,Attock Petroleum,Multan,Punjab,High Speed Diesel,295.61,47.38,14006.0,Fleet Card,Government
TXN-20251817,2026-01-05,Attock Petroleum Quetta Saddar Filling Station,Attock Petroleum,Quetta,Balochistan,CNG,,109.95,,EasyPaisa,Corporate Fleet
TXN-20251818,10-Sep-25,Attock Petroleum Faisalabad Industrial Area Pump,Attock Petroleum,Faisalabad,Punjab,CNG,205.0,76.28,15637.4,Credit Card,Agriculture
TXN-20251819,2025-08-10,Cnergyico Quetta Murree Road Station,Cnergyico,Quetta,Balochistan,Super (92 Ron),275.53,37.86,10431.57,cash,individual
TXN-20251820,2025-10-30,Cnergyico Rawalpindi Murree Road Station,Cnergyico,Rawalpindi,Punjab,CNG,210.51,2860.41,602144.91,JazzCash,Corporate Fleet
TXN-20251821,02-Jan-26,Cnergyico Peshawar Murree Road Station,Cnergyico,Peshawar,KPK,CNG,203.0,6410.79,1301390.37,CASH,Government
TXN-20251822,2025-09-10,Total Parco Faisalabad Thokar Niaz Baig Station,Total Parco,Faisalabad,Punjab,High Speed Diesel,285.19,23.55,6716.22,Cash,individual
TXN-20251823,25/07/2026,Total Parco Islamabad Shahrah-e-Faisal Point,Total Parco,Islamabad,Islamabad ICT,CNG,208.71,11990.87,2502614.48,Cash,Government
TXN-20251824,2026-08-02,Attock Petroleum Peshawar Industrial Area Pump,Attock Petroleum,Peshawar,KPK,Hi-Octane (97 Ron),324.47,104.14,33790.31,Cash,Corporate Fleet
TXN-20251825,2026-05-29,PSO Islamabad Blue Area Station,PSO,Islamabad,Islamabad ICT,Hi-Octane (97 Ron),302.29,34.48,10422.96,Cash,Agriculture
TXN-20251826,2025-10-20,Total Parco Rawalpindi Jail Road Petrol Pump,Total Parco,Rawalpindi,Punjab,Hi-Octane (97 Ron),320.47,19.67,6303.64,credit card,Agriculture
TXN-20251827,2026-08-25,Hascol Quetta Super Highway Station,Hascol,Quetta,Balochistan,Super (92 Ron),280.16,88.15,24696.1,Cash,Agriculture
TXN-20251828,30-Apr-25,Attock Petroleum Faisalabad Saddar Filling Station,Attock Petroleum,Faisalabad,Punjab,Hi-Octane (97 Ron),311.89,30.07,,Cash,Individual
TXN-20251829,2025-06-16,Shell Faisalabad F-7 Markaz Pump,Shell,Faisalabad,Punjab,Super (92 Ron),272.82,64.81,17681.46,Mobile Wallet,Individual
TXN-20251830,2025-05-10,Attock Petroleum Faisalabad Saddar Filling Station,Attock Petroleum,Faisalabad,Punjab,High Speed Diesel,282.59,7572.1,2139799.74,Mobile Wallet,individual
TXN-20251831,2025-10-07,Cnergyico Islamabad Hub River Road Pump,Cnergyico,Islamabad,Islamabad ICT,CNG,213.37,10.33,2204.11,Fleet Card,individual
TXN-20251832,2025-03-22,Cnergyico Quetta Murree Road Station,Cnergyico,Quetta,Balochistan,CNG,217.0,23.13,5019.21,credit card,Agriculture
TXN-20251833,2025-11-24,Hascol Faisalabad Ferozepur Road Pump,Hascol,Faisalabad,Punjab,Super (92 Ron),266.32,58.36,15542.44,credit card,Individual
TXN-20251834,2026-04-28,Shell Lahore Mall Road Station,Shell,Lahore,Punjab,Hi-Octane (97 Ron),327.74,11653.38,3819278.76,Credit Card,Corporate Fleet
TXN-20251835,2025-05-17,PSO Islamabad Clifton Service Station,PSO,Islamabad,Islamabad ICT,Super (92 Ron),276.46,0.0,0.0,CASH,Individual
TXN-20251836,2025-12-20,Attock Petroleum Rawalpindi Motorway Service Area,Attock Petroleum,Rawalpindi,Punjab,High Speed Diesel,274.35,78.75,21605.06,Cash,Corporate
TXN-20251837,2025-02-02,Total Parco Peshawar Shahrah-e-Faisal Point,Total Parco,Peshawar,KPK,Super (92 Ron),279.04,116.99,32644.89,Cash,Government
TXN-20251838,2025-11-18,Attock Petroleum Sialkot Motorway Service Area,Attock Petroleum,Sialkot,Punjab,Super (92 Ron),284.69,,,Debit Card,individual
TXN-20251839,2026-08-16,PSO Karachi Defence Filling Point,PSO,Karachi,Sindh,Hi-Octane (97 Ron),321.94,9218.53,2967813.55,CASH,Corporate Fleet
TXN-20251840,2026-06-29,Hascol Quetta Super Highway Station,Hascol,Quetta,Balochistan,High Speed Diesel,-99.0,52.36,-5183.64,CASH,Corporate
TXN-20251841,2025-05-12,PSO Karachi Blue Area Station,PSO,Karachi,Sindh,Super (92 Ron),266.33,137.76,36689.62,Fleet Card,Agriculture
TXN-20251842,2025-12-25,Attock Petroleum Sialkot Khyber Pass Pump,Attock Petroleum,Sialkot,Punjab,Hi-Octane (97 Ron),322.52,,,Fleet Card,individual
TXN-20251843,17-Oct-25,Cnergyico Karachi Multan Road Filling Point,Cnergyico,Karachi,Sindh,Super (92 Ron),269.34,90.28,24316.02,Cash,individual
TXN-20251844,2025-12-23,PSO Sialkot Defence Filling Point,PSO,Sialkot,Punjab,High Speed Diesel,288.85,56.67,16369.13,credit card,Corporate Fleet
TXN-20251845,2026-07-30,Attock Petroleum Rawalpindi Motorway Service Area,Attock Petroleum,Rawalpindi,Punjab,Super (92 Ron),275.97,69.43,19160.6,Cash,Corporate
TXN-20251846,10-May-26,Shell Lahore Karsaz Service Station,Shell,Lahore,Punjab,Super (92 Ron),263.0,39.55,10401.65,Credit Card,Individual
TXN-20251847,08-Jul-26,Cnergyico Sialkot Murree Road Station,Cnergyico,Sialkot,Punjab,Super (92 Ron),289.14,78.58,22720.62,EasyPaisa,Agriculture
TXN-20251848,2025-01-22,PSO Quetta Cantt Filling Point,PSO,Quetta,Balochistan,High Speed Diesel,295.1,71.73,21167.52,credit card,individual
TXN-20251849,2025-03-22,Total Parco Peshawar Thokar Niaz Baig Station,Total Parco,Peshawar,KPK,CNG,209.98,10249.26,2152139.61,Fleet Card,Corporate Fleet
TXN-20251850,21/10/2025,PSO Peshawar Defence Filling Point,PSO,Peshawar,KPK,Hi-Octane (97 Ron),296.25,44.35,13138.69,EasyPaisa,Individual
TXN-20251851,08/08/2026,PSO Multan Blue Area Station,PSO,Multan,Punjab,High Speed Diesel,271.87,131.25,35682.94,Fleet Card,Government
TXN-20251852,2025-04-10,Hascol Faisalabad Super Highway Station,Hascol,Faisalabad,Punjab,CNG,208.37,39.06,8138.93,cash,Corporate Fleet
TXN-20251853,2026-07-26,Shell Lahore Karsaz Service Station,Shell,Lahore,Punjab,Hi-Octane (97 Ron),325.96,125.89,41035.1,EasyPaisa,Government
TXN-20251854,13-Nov-25,Cnergyico Quetta Hub River Road Pump,Cnergyico,Quetta,Balochistan,Super (92 Ron),270.21,122.49,,Mobile Wallet,Corporate Fleet
TXN-20251855,2026-01-12,Shell Sialkot Gulberg Station,Shell,Sialkot,Punjab,Hi-Octane (97 Ron),299.66,108.32,32459.17,Cash,Corporate
TXN-20251856,2025-05-21,Hascol Karachi Hayatabad Filling Station,Hascol,Karachi,Sindh,High Speed Diesel,297.51,48.28,14363.78,Mobile Wallet,Individual
TXN-20251857,2026-06-29,PSO Sialkot Blue Area Station,PSO,Sialkot,Punjab,High Speed Diesel,299.97,46.4,13918.61,JazzCash,Government
TXN-20251858,10-Oct-25,Total Parco Multan Thokar Niaz Baig Station,Total Parco,Multan,Punjab,Super (92 Ron),262.46,,,JazzCash,Individual
TXN-20251859,2026-06-02,Cnergyico Peshawar Multan Road Filling Point,Cnergyico,Peshawar,KPK,Super (92 Ron),265.42,107.93,28646.78,Cash,Agriculture
TXN-20251860,2025-01-18,Shell Sialkot University Road Pump,Shell,Sialkot,Punjab,Hi-Octane (97 Ron),306.91,115.69,35506.42,JazzCash,Agriculture
TXN-20251861,2025-01-29,Cnergyico Lahore Multan Road Filling Point,Cnergyico,Lahore,Punjab,Super (92 Ron),266.35,47.63,12686.25,Mobile Wallet,Government
TXN-20251862,05-Feb-25,Total Parco Faisalabad G-11 Markaz Station,Total Parco,Faisalabad,Punjab,CNG,200.41,42.65,8547.49,Credit Card,Corporate
TXN-20251863,2026-06-13,Total Parco Quetta Shahrah-e-Faisal Point,Total Parco,Quetta,Balochistan,High Speed Diesel,-99.0,67.18,-6650.82,EasyPaisa,Corporate Fleet
TXN-20251864,2025-02-02,Hascol Sialkot Hayatabad Filling Station,Hascol,Sialkot,Punjab,Super (92 Ron),263.71,,,Debit Card,Agriculture
TXN-20251865,2025-01-01,Hascol Karachi Super Highway Station,Hascol,Karachi,Sindh,Super (92 Ron),280.43,130.82,36685.85,JazzCash,Agriculture
TXN-20251866,2026-06-27,PSO Karachi Cantt Filling Point,PSO,Karachi,Sindh,High Speed Diesel,297.37,,,EasyPaisa,Individual
TXN-20251867,2026-03-06,Shell Islamabad Mall Road Station,Shell,Islamabad,Islamabad ICT,Hi-Octane (97 Ron),315.01,76.65,24145.52,CASH,individual
TXN-20251868,10/04/2025,Shell Quetta Mall Road Station,Shell,Quetta,Balochistan,High Speed Diesel,301.14,66.12,19911.38,credit card,Agriculture
TXN-20251869,2025-03-11,Total Parco Islamabad G-11 Markaz Station,Total Parco,Islamabad,Islamabad ICT,High Speed Diesel,275.77,3130.1,863187.68,Debit Card,Corporate Fleet
TXN-20251870,2025-03-01,Attock Petroleum Rawalpindi Khyber Pass Pump,Attock Petroleum,Rawalpindi,Punjab,Hi-Octane (97 Ron),308.21,4658.09,1435669.92,cash,Corporate
TXN-20251871,2025-10-17,Attock Petroleum Lahore Khyber Pass Pump,Attock Petroleum,Lahore,Punjab,Hi-Octane (97 Ron),297.06,25.18,7479.97,CASH,Government
TXN-20251872,2025-10-01,Shell Faisalabad University Road Pump,Shell,Faisalabad,Punjab,High Speed Diesel,277.04,88.94,24639.94,Cash,individual
TXN-20251873,2025-06-27,Hascol Multan Super Highway Station,Hascol,Multan,Punjab,Super (92 Ron),276.27,9334.61,2578872.7,Mobile Wallet,individual
TXN-20251874,2025-12-05,Hascol Sialkot Hayatabad Filling Station,Hascol,Sialkot,Punjab,High Speed Diesel,282.39,8339.39,2354960.34,Mobile Wallet,Corporate Fleet
TXN-20251875,2026-02-13,Shell Quetta F-7 Markaz Pump,Shell,Quetta,Balochistan,CNG,205.07,102.86,21093.5,Mobile Wallet,Individual
TXN-20251876,2026-01-20,Shell Multan Karsaz Service Station,Shell,Multan,Punjab,Super (92 Ron),264.29,65.9,17416.71,JazzCash,Corporate
TXN-20251877,2025-11-24,Hascol Peshawar Super Highway Station,Hascol,Peshawar,KPK,High Speed Diesel,282.65,7.77,2196.19,Fleet Card,Individual
TXN-20251878,2025-02-09,PSO Peshawar GT Road Service,PSO,Peshawar,KPK,High Speed Diesel,294.66,18.57,5471.84,EasyPaisa,Agriculture
TXN-20251879,2025-10-10,PSO Sialkot Lytton Road Pump,PSO,Sialkot,Punjab,CNG,212.51,146.53,31139.09,Cash,Government
TXN-20251880,2025-02-03,Hascol Peshawar Ferozepur Road Pump,Hascol,Peshawar,KPK,High Speed Diesel,277.94,85.87,23866.71,Fleet Card,Government
TXN-20251881,2025-02-17,Cnergyico Islamabad Murree Road Station,Cnergyico,Islamabad,Islamabad ICT,High Speed Diesel,300.5,146.5,44023.25,Cash,individual
TXN-20251882,2025-01-22,Hascol Rawalpindi Ferozepur Road Pump,Hascol,Rawalpindi,Punjab,Hi-Octane (97 Ron),300.06,127.66,38305.66,cash,Corporate Fleet
TXN-20251883,2025-02-08,Attock Petroleum Rawalpindi Khyber Pass Pump,Attock Petroleum,Rawalpindi,Punjab,Hi-Octane (97 Ron),303.86,22.17,6736.58,CASH,Government
TXN-20251884,15/04/2026,Shell Lahore University Road Pump,Shell,Lahore,Punjab,High Speed Diesel,303.87,49.9,15163.11,CASH,individual
TXN-20251885,22-Jun-26,Hascol Rawalpindi Super Highway Station,Hascol,Rawalpindi,Punjab,Hi-Octane (97 Ron),326.42,91.21,29772.77,credit card,individual
TXN-20251886,2026-03-29,Cnergyico Lahore Multan Road Filling Point,Cnergyico,Lahore,Punjab,CNG,213.6,32.74,6993.26,Debit Card,Corporate
TXN-20251887,2025-12-01,Shell Peshawar Gulberg Station,Shell,Peshawar,KPK,Hi-Octane (97 Ron),315.52,92.69,29245.55,Credit Card,Corporate Fleet
TXN-20251888,2025-06-22,Total Parco Karachi Jail Road Petrol Pump,Total Parco,Karachi,Sindh,Hi-Octane (97 Ron),326.4,98.47,32140.61,Credit Card,Agriculture
TXN-20251889,2025-07-07,Shell Peshawar Karsaz Service Station,Shell,Peshawar,KPK,High Speed Diesel,277.03,77.12,21364.55,CASH,Agriculture
TXN-20251890,2026-07-18,Shell Quetta Gulberg Station,Shell,Quetta,Balochistan,CNG,200.82,24.27,4873.9,Credit Card,individual
TXN-20251891,2026-02-25,Hascol Sialkot Hayatabad Filling Station,Hascol,Sialkot,Punjab,CNG,216.54,85.95,18611.61,Mobile Wallet,individual
TXN-20251891,2026-02-25,Hascol Sialkot Hayatabad Filling Station,Hascol,Sialkot,Punjab,CNG,216.54,85.95,18611.61,Mobile Wallet,individual
TXN-20251892,26-Jan-25,Attock Petroleum Karachi Saddar Filling Station,Attock Petroleum,Karachi,Sindh,High Speed Diesel,278.93,123.04,34319.55,cash,Corporate
TXN-20251893,2025-09-28,Cnergyico Rawalpindi Murree Road Station,Cnergyico,Rawalpindi,Punjab,Super (92 Ron),272.12,51.43,13995.13,credit card,Government
TXN-20251894,2025-01-14,PSO Quetta Defence Filling Point,PSO,Quetta,Balochistan,High Speed Diesel,292.57,21.48,6284.4,Cash,Individual
TXN-20251895,2026-04-16,Shell Karachi Gulberg Station,Shell,Karachi,Sindh,High Speed Diesel,278.76,5148.34,1435151.26,Debit Card,individual
TXN-20251896,2025-04-14,Shell Peshawar Mall Road Station,Shell,Peshawar,KPK,Super (92 Ron),270.87,0.0,0.0,Debit Card,Corporate Fleet
TXN-20251897,2025-10-09,Total Parco Karachi G-11 Markaz Station,Total Parco,Karachi,Sindh,CNG,203.9,28.97,5906.98,Debit Card,Government
TXN-20251898,21/03/2025,Hascol Faisalabad Ferozepur Road Pump,Hascol,Faisalabad,Punjab,High Speed Diesel,277.22,145.87,40438.08,JazzCash,individual
TXN-20251899,26/06/2026,Total Parco Islamabad G-11 Markaz Station,Total Parco,Islamabad,Islamabad ICT,Super (92 Ron),289.91,70.47,20429.96,Mobile Wallet,Agriculture
TXN-20251900,26-May-26,Shell Islamabad Gulberg Station,Shell,Islamabad,Islamabad ICT,Super (92 Ron),264.89,14.53,3848.85,Cash,Corporate
TXN-20251901,2025-05-17,Cnergyico Karachi Hub River Road Pump,Cnergyico,Karachi,Sindh,CNG,210.62,38.78,8167.84,Fleet Card,Individual
TXN-20251902,03/11/2025,Attock Petroleum Faisalabad Motorway Service Area,Attock Petroleum,Faisalabad,Punjab,High Speed Diesel,280.69,8.36,2346.57,credit card,Individual
TXN-20251903,28-Aug-26,Hascol Quetta Ferozepur Road Pump,Hascol,Quetta,Balochistan,Hi-Octane (97 Ron),323.66,74.14,23996.15,EasyPaisa,Corporate
TXN-20251904,2026-06-10,Cnergyico Faisalabad Multan Road Filling Point,Cnergyico,Faisalabad,Punjab,Hi-Octane (97 Ron),-99.0,135.93,-13457.07,Cash,
TXN-20251905,2026-05-02,PSO Multan Lytton Road Pump,PSO,Multan,Punjab,CNG,217.79,89.78,19553.19,cash,Government
TXN-20251906,2025-06-03,Shell Multan University Road Pump,Shell,Multan,Punjab,Super (92 Ron),267.38,67.1,17941.2,Cash,Corporate
TXN-20251907,2025-05-19,Shell Faisalabad Gulberg Station,Shell,Faisalabad,Punjab,Hi-Octane (97 Ron),310.81,6291.17,1955358.55,Fleet Card,individual
TXN-20251908,2026-05-07,Attock Petroleum Multan Saddar Filling Station,Attock Petroleum,Multan,Punjab,High Speed Diesel,271.94,108.9,29614.27,Credit Card,individual
TXN-20251909,2025-09-28,PSO Faisalabad Clifton Service Station,PSO,Faisalabad,Punjab,Hi-Octane (97 Ron),9999.0,4537.81,45373562.19,Fleet Card,Agriculture
TXN-20251910,2025-09-15,Shell Quetta F-7 Markaz Pump,Shell,Quetta,Balochistan,Super (92 Ron),272.24,19.28,5248.79,Mobile Wallet,Government
TXN-20251911,2025-05-29,Total Parco Sialkot Jail Road Petrol Pump,Total Parco,Sialkot,Punjab,High Speed Diesel,300.68,31.97,9612.74,JazzCash,Government
TXN-20251912,2026-04-24,PSO Islamabad GT Road Service,PSO,Islamabad,Islamabad ICT,Super (92 Ron),263.93,10817.74,2855126.12,Fleet Card,Agriculture
TXN-20251913,2025-11-03,Shell Faisalabad Mall Road Station,Shell,Faisalabad,Punjab,Hi-Octane (97 Ron),310.19,62.01,19234.88,Cash,Agriculture
TXN-20251914,2025-03-05,Cnergyico Rawalpindi Hub River Road Pump,Cnergyico,Rawalpindi,Punjab,Hi-Octane (97 Ron),305.21,46.51,14195.32,credit card,individual
TXN-20251915,2025-08-05,Total Parco Multan Thokar Niaz Baig Station,Total Parco,Multan,Punjab,High Speed Diesel,286.62,110.83,31766.09,Credit Card,Individual
TXN-20251916,2025-11-14,Shell Multan F-7 Markaz Pump,Shell,Multan,Punjab,Super (92 Ron),263.83,1941.71,512281.35,Debit Card,Corporate Fleet
TXN-20251917,05/06/2026,PSO Lahore Lytton Road Pump,PSO,Lahore,Punjab,Hi-Octane (97 Ron),310.28,13.25,4111.21,Debit Card,Individual
TXN-20251918,2025-06-17,Attock Petroleum Peshawar Motorway Service Area,Attock Petroleum,Peshawar,KPK,High Speed Diesel,281.5,106.14,,Mobile Wallet,Corporate Fleet
TXN-20251919,2025-09-28,PSO Peshawar Lytton Road Pump,PSO,Peshawar,KPK,Super (92 Ron),289.31,7.83,2265.3,EasyPaisa,Corporate Fleet
TXN-20251920,2025-06-25,Shell Islamabad University Road Pump,Shell,Islamabad,Islamabad ICT,CNG,201.63,52.89,10664.21,cash,Government
TXN-20251921,2026-06-07,Total Parco Karachi Shahrah-e-Faisal Point,Total Parco,Karachi,Sindh,CNG,211.44,0.0,0.0,Credit Card,Corporate
TXN-20251922,2025-06-17,Total Parco Quetta Shahrah-e-Faisal Point,Total Parco,Quetta,Balochistan,CNG,-99.0,128.56,-12727.44,Mobile Wallet,individual
TXN-20251923,2025-04-20,Attock Petroleum Karachi Motorway Service Area,Attock Petroleum,Karachi,Sindh,Hi-Octane (97 Ron),316.21,43.79,13846.84,cash,Agriculture
TXN-20251924,2026-03-22,PSO Peshawar Cantt Filling Point,PSO,Peshawar,KPK,High Speed Diesel,304.72,124.18,37840.13,,Corporate Fleet
TXN-20251925,2026-07-13,Attock Petroleum Karachi Saddar Filling Station,Attock Petroleum,Karachi,Sindh,Super (92 Ron),287.89,137.42,39561.84,cash,Corporate Fleet
TXN-20251926,2026-06-29,Total Parco Islamabad Shahrah-e-Faisal Point,Total Parco,Islamabad,Islamabad ICT,High Speed Diesel,298.72,107.26,32040.71,Fleet Card,Government
TXN-20251927,02/12/2025,PSO Karachi Clifton Service Station,PSO,Karachi,Sindh,High Speed Diesel,294.91,120.94,35666.42,JazzCash,Corporate
TXN-20251928,2026-05-11,PSO Lahore Cantt Filling Point,PSO,Lahore,Punjab,Hi-Octane (97 Ron),316.61,119.62,37872.89,EasyPaisa,Government
TXN-20251929,2025-12-22,Shell Lahore Gulberg Station,Shell,Lahore,Punjab,CNG,212.52,90.56,19245.81,credit card,Government
TXN-20251930,2026-01-18,Hascol Rawalpindi Ferozepur Road Pump,Hascol,Rawalpindi,Punjab,Hi-Octane (97 Ron),320.89,138.25,44363.04,EasyPaisa,Agriculture
TXN-20251931,2026-05-04,Shell Peshawar Gulberg Station,Shell,Peshawar,KPK,Super (92 Ron),271.29,101.17,27446.41,credit card,Corporate Fleet
TXN-20251932,2026-04-02,Shell Multan University Road Pump,Shell,Multan,Punjab,Hi-Octane (97 Ron),309.05,40.6,12547.43,Cash,Corporate Fleet
TXN-20251933,2026-05-02,Cnergyico Quetta Murree Road Station,Cnergyico,Quetta,Balochistan,High Speed Diesel,280.22,13.02,,Credit Card,Corporate
TXN-20251934,2026-01-15,PSO Peshawar Defence Filling Point,PSO,Peshawar,KPK,Hi-Octane (97 Ron),325.55,115.71,37669.39,JazzCash,Corporate Fleet
TXN-20251935,2026-02-22,Shell Rawalpindi University Road Pump,Shell,Rawalpindi,Punjab,CNG,215.87,13.39,2890.5,cash,Corporate
TXN-20251936,27/06/2026,Attock Petroleum Quetta Khyber Pass Pump,Attock Petroleum,Quetta,Balochistan,Super (92 Ron),281.52,112.68,,EasyPaisa,Individual
TXN-20251937,2025-01-19,Hascol Islamabad Ferozepur Road Pump,Hascol,Islamabad,Islamabad ICT,Super (92 Ron),289.75,35.56,10303.51,cash,Corporate
TXN-20251938,2026-05-26,Hascol Sialkot Hayatabad Filling Station,Hascol,Sialkot,Punjab,Hi-Octane (97 Ron),323.94,138.51,44868.93,CASH,Corporate Fleet
TXN-20251939,2025-02-21,Cnergyico Quetta Multan Road Filling Point,Cnergyico,Quetta,Balochistan,Super (92 Ron),277.85,109.73,30488.48,Fleet Card,Corporate
TXN-20251940,2025-09-25,Shell Lahore Gulberg Station,Shell,Lahore,Punjab,High Speed Diesel,302.93,11185.37,,Fleet Card,Agriculture
TXN-20251941,2025-06-22,Shell Sialkot University Road Pump,Shell,Sialkot,Punjab,CNG,212.23,59.33,12591.61,EasyPaisa,Government
TXN-20251942,2025-12-13,PSO Karachi Lytton Road Pump,PSO,Karachi,Sindh,High Speed Diesel,294.34,36.36,12842.64,EasyPaisa,individual
TXN-20251942,2025-12-13,PSO Karachi Lytton Road Pump,PSO,Karachi,Sindh,High Speed Diesel,294.34,36.36,12842.64,EasyPaisa,individual
TXN-20251943,2026-08-21,Shell Quetta Mall Road Station,Shell,Quetta,Balochistan,Hi-Octane (97 Ron),305.57,127.73,46836.55,credit card,Corporate
TXN-20251944,08-Jun-25,Cnergyico Karachi Murree Road Station,Cnergyico,Karachi,Sindh,Hi-Octane (97 Ron),310.37,,,cash,individual
TXN-20251945,2025-08-01,Attock Petroleum Multan Motorway Service Area,Attock Petroleum,Multan,Punjab,Super (92 Ron),286.81,46.56,13353.87,Mobile Wallet,Corporate
TXN-20251946,2025-07-30,Total Parco Karachi Thokar Niaz Baig Station,Total Parco,Karachi,Sindh,Super (92 Ron),276.94,22.71,6289.31,Mobile Wallet,Agriculture
TXN-20251947,2026-05-01,Attock Petroleum Rawalpindi Industrial Area Pump,Attock Petroleum,Rawalpindi,Punjab,CNG,215.85,103.14,26715.32,Credit Card,Agriculture
TXN-20251948,2026-06-30,Hascol Quetta Ferozepur Road Pump,Hascol,Quetta,Balochistan,Hi-Octane (97 Ron),314.3,55.64,17487.65,Mobile Wallet,Agriculture
TXN-20251949,08/04/2026,Cnergyico Rawalpindi Multan Road Filling Point,Cnergyico,Rawalpindi,Punjab,Super (92 Ron),273.8,49.51,13555.84,JazzCash,Corporate Fleet
TXN-20251950,2025-10-05,Shell Faisalabad University Road Pump,Shell,Faisalabad,Punjab,High Speed Diesel,283.68,64.17,18203.75,Debit Card,Government
TXN-20251951,2026-08-14,PSO Multan Cantt Filling Point,PSO,Multan,Punjab,High Speed Diesel,277.2,35.49,9837.83,Mobile Wallet,Government
TXN-20251952,2025-12-09,Attock Petroleum Multan Khyber Pass Pump,Attock Petroleum,Multan,Punjab,CNG,215.19,11.9,2560.76,Mobile Wallet,Agriculture
TXN-20251953,2025-05-31,Total Parco Lahore Thokar Niaz Baig Station,Total Parco,Lahore,Punjab,Hi-Octane (97 Ron),312.97,10822.1,3386992.64,Cash,Individual
TXN-20251954,01/04/2025,PSO Lahore Blue Area Station,PSO,Lahore,Punjab,CNG,210.95,130.06,27436.16,Debit Card,Agriculture
TXN-20251955,2026-03-15,PSO Multan Lytton Road Pump,PSO,Multan,Punjab,High Speed Diesel,302.34,17.65,5336.3,cash,Individual
TXN-20251956,2026-06-22,Total Parco Karachi Thokar Niaz Baig Station,Total Parco,Karachi,Sindh,CNG,213.95,121.33,25958.55,cash,Corporate Fleet
TXN-20251957,2025-10-15,Shell Faisalabad University Road Pump,Shell,Faisalabad,Punjab,Super (92 Ron),267.4,1508.02,403244.55,cash,Agriculture
TXN-20251958,2025-11-14,Attock Petroleum Faisalabad Industrial Area Pump,Attock Petroleum,Faisalabad,Punjab,Super (92 Ron),267.27,146.46,39144.36,cash,Government
TXN-20251959,2026-05-17,Hascol Multan Super Highway Station,Hascol,Multan,Punjab,Super (92 Ron),284.51,11.24,3197.89,Fleet Card,Government
TXN-20251960,2026-06-28,Hascol Lahore Hayatabad Filling Station,Hascol,Lahore,Punjab,Hi-Octane (97 Ron),301.65,109.78,33115.14,Mobile Wallet,Agriculture
TXN-20251961,11/05/2025,Total Parco Karachi Thokar Niaz Baig Station,Total Parco,Karachi,Sindh,Super (92 Ron),280.49,,,cash,Corporate
TXN-20251962,2026-02-10,Hascol Islamabad Super Highway Station,Hascol,Islamabad,Islamabad ICT,Super (92 Ron),266.42,97.58,25997.26,EasyPaisa,Corporate Fleet
TXN-20251963,12-Mar-25,Attock Petroleum Rawalpindi Khyber Pass Pump,Attock Petroleum,Rawalpindi,Punjab,Hi-Octane (97 Ron),308.71,48.72,15040.35,cash,Government
TXN-20251964,2025-03-28,Attock Petroleum Rawalpindi Saddar Filling Station,Attock Petroleum,Rawalpindi,Punjab,High Speed Diesel,280.42,100.69,28235.49,cash,Individual
TXN-20251965,2025-01-08,PSO Rawalpindi GT Road Service,PSO,Rawalpindi,Punjab,Super (92 Ron),270.59,127.4,34473.17,CASH,Corporate Fleet
TXN-20251966,2026-06-15,PSO Sialkot Clifton Service Station,PSO,Sialkot,Punjab,Super (92 Ron),265.41,50.66,13445.67,Debit Card,Individual
TXN-20251967,2025-02-11,PSO Karachi GT Road Service,PSO,Karachi,Sindh,Hi-Octane (97 Ron),297.52,101.24,30120.92,Credit Card,Agriculture
TXN-20251968,2025-04-28,PSO Multan GT Road Service,PSO,Multan,Punjab,Hi-Octane (97 Ron),326.15,149.45,48743.12,Cash,Corporate Fleet
TXN-20251969,03-May-26,Attock Petroleum Sialkot Industrial Area Pump,Attock Petroleum,Sialkot,Punjab,Super (92 Ron),289.23,47.58,13761.56,,Individual
TXN-20251970,2025-01-09,Hascol Multan Hayatabad Filling Station,Hascol,Multan,Punjab,High Speed Diesel,278.89,86.76,24196.5,cash,Corporate Fleet
TXN-20251971,2025-05-19,Hascol Karachi Super Highway Station,Hascol,Karachi,Sindh,Super (92 Ron),287.67,15.91,4576.83,Credit Card,Government
TXN-20251972,2025-03-01,Total Parco Islamabad Thokar Niaz Baig Station,Total Parco,Islamabad,Islamabad ICT,Super (92 Ron),282.67,113.29,32023.68,cash,Corporate Fleet
TXN-20251973,2026-07-09,Attock Petroleum Karachi Motorway Service Area,Attock Petroleum,Karachi,Sindh,CNG,203.28,109.67,22293.72,Fleet Card,Corporate Fleet
TXN-20251974,2025-03-01,PSO Lahore Lytton Road Pump,PSO,Lahore,Punjab,CNG,210.73,88.78,18708.61,CASH,Government
TXN-20251975,2025-10-18,Attock Petroleum Lahore Khyber Pass Pump,Attock Petroleum,Lahore,Punjab,Hi-Octane (97 Ron),321.51,78.58,25264.26,,Corporate Fleet
TXN-20251976,2025-03-08,Hascol Lahore Hayatabad Filling Station,Hascol,Lahore,Punjab,Super (92 Ron),277.63,897.81,249258.99,JazzCash,Agriculture
TXN-20251977,2025-08-28,Total Parco Quetta G-11 Markaz Station,Total Parco,Quetta,Balochistan,CNG,211.89,114.86,24337.69,credit card,Individual
TXN-20251978,17/03/2025,Hascol Islamabad Ferozepur Road Pump,Hascol,Islamabad,Islamabad ICT,Hi-Octane (97 Ron),327.06,111.07,36326.55,Debit Card,Government
TXN-20251979,2026-07-05,Attock Petroleum Rawalpindi Khyber Pass Pump,Attock Petroleum,Rawalpindi,Punjab,Super (92 Ron),266.08,19.2,5108.74,Debit Card,Agriculture
TXN-20251980,18-Jun-26,Shell Islamabad University Road Pump,Shell,Islamabad,Islamabad ICT,Super (92 Ron),288.29,16.15,,credit card,Government
TXN-20251981,2025-12-02,Hascol Lahore Ferozepur Road Pump,Hascol,Lahore,Punjab,High Speed Diesel,272.38,63.24,17225.31,Cash,Corporate Fleet
TXN-20251982,13-Nov-25,Hascol Peshawar Super Highway Station,Hascol,Peshawar,KPK,High Speed Diesel,291.08,6021.98,1752877.94,Cash,Corporate Fleet
TXN-20251983,14-Aug-25,Cnergyico Sialkot Murree Road Station,Cnergyico,Sialkot,Punjab,Super (92 Ron),261.93,90.71,23759.67,Fleet Card,individual
TXN-20251984,2025-05-02,Shell Karachi University Road Pump,Shell,Karachi,Sindh,CNG,204.89,6.33,1296.95,Cash,Government
TXN-20251985,2025-04-23,Cnergyico Multan Hub River Road Pump,Cnergyico,Multan,Punjab,High Speed Diesel,273.83,125.42,34343.76,Fleet Card,Agriculture
TXN-20251986,2025-07-01,Cnergyico Multan Murree Road Station,Cnergyico,Multan,Punjab,Super (92 Ron),275.08,77.14,21219.67,Cash,Government
TXN-20251987,2025-08-02,Shell Peshawar Karsaz Service Station,Shell,Peshawar,KPK,Super (92 Ron),267.35,4341.89,1160804.29,Cash,
TXN-20251988,2025-10-11,Cnergyico Karachi Murree Road Station,Cnergyico,Karachi,Sindh,CNG,200.77,98.95,19866.19,credit card,Agriculture
TXN-20251989,2025-11-09,Hascol Lahore Hayatabad Filling Station,Hascol,Lahore,Punjab,Super (92 Ron),281.76,66.7,18793.39,JazzCash,Government
TXN-20251990,19-Aug-25,Hascol Faisalabad Super Highway Station,Hascol,Faisalabad,Punjab,Hi-Octane (97 Ron),322.73,32.18,10385.45,CASH,Corporate
TXN-20251991,2026-04-03,Cnergyico Sialkot Hub River Road Pump,Cnergyico,Sialkot,Punjab,CNG,218.88,143.98,31514.34,credit card,Government
TXN-20251992,2025-01-16,Cnergyico Islamabad Hub River Road Pump,Cnergyico,Islamabad,Islamabad ICT,Hi-Octane (97 Ron),309.03,90.07,27834.33,Cash,Individual
TXN-20251993,2026-07-24,Shell Lahore University Road Pump,Shell,Lahore,Punjab,Super (92 Ron),281.91,135.79,38280.56,Debit Card,individual
TXN-20251994,2025-03-17,Cnergyico Faisalabad Multan Road Filling Point,Cnergyico,Faisalabad,Punjab,Super (92 Ron),283.35,58.35,16533.47,CASH,Government
TXN-20251995,04/09/2025,Hascol Lahore Ferozepur Road Pump,Hascol,Lahore,Punjab,CNG,218.29,72.96,15926.44,credit card,Corporate Fleet
TXN-20251996,2026-05-05,Attock Petroleum Quetta Industrial Area Pump,Attock Petroleum,Quetta,Balochistan,Hi-Octane (97 Ron),329.97,138.54,45714.04,JazzCash,Agriculture
TXN-20251997,02-Feb-26,Hascol Peshawar Super Highway Station,Hascol,Peshawar,KPK,Hi-Octane (97 Ron),320.44,80.99,25952.44,CASH,Corporate Fleet
TXN-20251998,2025-05-15,Hascol Faisalabad Ferozepur Road Pump,Hascol,Faisalabad,Punjab,High Speed Diesel,286.37,116.88,33470.93,,Corporate Fleet
TXN-20251999,2025-04-15,Total Parco Multan Thokar Niaz Baig Station,Total Parco,Multan,Punjab,CNG,210.03,59.28,,Fleet Card,Agriculture
TXN-20252000,2025-08-10,Hascol Faisalabad Super Highway Station,Hascol,Faisalabad,Punjab,CNG,219.98,56.93,12523.46,Mobile Wallet,Individual
TXN-20252000,2025-08-10,Hascol Faisalabad Super Highway Station,Hascol,Faisalabad,Punjab,CNG,219.98,56.93,12523.46,Mobile Wallet,Individual
TXN-20252001,2025-04-02,Attock Petroleum Multan Khyber Pass Pump,Attock Petroleum,Multan,Punjab,Hi-Octane (97 Ron),315.07,76.19,24005.18,Credit Card,Government
TXN-20252002,2026-07-25,Attock Petroleum Karachi Motorway Service Area,Attock Petroleum,Karachi,Sindh,CNG,201.55,6.03,1215.35,EasyPaisa,Corporate Fleet
TXN-20252003,04/07/2026,Cnergyico Faisalabad Murree Road Station,Cnergyico,Faisalabad,Punjab,High Speed Diesel,300.64,502.01,150924.29,JazzCash,Agriculture
TXN-20252004,2025-08-10,Cnergyico Lahore Multan Road Filling Point,Cnergyico,Lahore,Punjab,Super (92 Ron),286.07,132.96,38035.87,Debit Card,Agriculture
TXN-20252005,2026-07-04,Shell Karachi Karsaz Service Station,Shell,Karachi,Sindh,Hi-Octane (97 Ron),313.61,109.37,34299.53,Fleet Card,Agriculture
TXN-20252006,2026-02-07,Cnergyico Multan Multan Road Filling Point,Cnergyico,Multan,Punjab,High Speed Diesel,285.53,77.67,22177.12,credit card,Corporate Fleet
TXN-20252007,2025-03-28,Hascol Faisalabad Super Highway Station,Hascol,Faisalabad,Punjab,Super (92 Ron),286.35,15.27,4372.56,Credit Card,Government
TXN-20252008,2025-01-01,Hascol Karachi Ferozepur Road Pump,Hascol,Karachi,Sindh,CNG,206.83,148.55,30724.6,Fleet Card,Individual
TXN-20252009,2026-07-21,Hascol Peshawar Hayatabad Filling Station,Hascol,Peshawar,KPK,Hi-Octane (97 Ron),306.13,100.7,30827.29,EasyPaisa,Individual
TXN-20252010,2025-04-18,Cnergyico Karachi Hub River Road Pump,Cnergyico,Karachi,Sindh,High Speed Diesel,280.17,4153.1,1163574.03,CASH,Corporate Fleet
TXN-20252011,2025-12-28,Attock Petroleum Quetta Motorway Service Area,Attock Petroleum,Quetta,Balochistan,CNG,207.35,106.53,22089.0,Debit Card,Government
TXN-20252012,2026-02-03,Hascol Faisalabad Super Highway Station,Hascol,Faisalabad,Punjab,Super (92 Ron),272.37,143.56,39101.44,Fleet Card,Agriculture
TXN-20252013,2026-05-12,Shell Karachi Karsaz Service Station,Shell,Karachi,Sindh,Hi-Octane (97 Ron),318.42,95.82,,cash,Individual
TXN-20252014,2025-06-26,Cnergyico Faisalabad Multan Road Filling Point,Cnergyico,Faisalabad,Punjab,Super (92 Ron),270.39,,,Credit Card,Individual
TXN-20252015,2026-06-10,Attock Petroleum Lahore Khyber Pass Pump,Attock Petroleum,Lahore,Punjab,Hi-Octane (97 Ron),303.45,99.62,30229.69,CASH,Government
TXN-20252016,2026-07-18,Cnergyico Sialkot Hub River Road Pump,Cnergyico,Sialkot,Punjab,High Speed Diesel,291.72,77.45,22593.71,CASH,Corporate Fleet
TXN-20252017,2026-07-12,Shell Islamabad Mall Road Station,Shell,Islamabad,Islamabad ICT,Hi-Octane (97 Ron),323.24,146.15,,Mobile Wallet,Individual
TXN-20252018,2025-08-15,Total Parco Peshawar Jail Road Petrol Pump,Total Parco,Peshawar,KPK,High Speed Diesel,298.37,93.57,27918.48,cash,Government
TXN-20252019,2025-03-01,Total Parco Peshawar Thokar Niaz Baig Station,Total Parco,Peshawar,KPK,CNG,200.76,78.95,15850.0,Credit Card,Government
TXN-20252020,2026-05-05,Hascol Rawalpindi Super Highway Station,Hascol,Rawalpindi,Punjab,Hi-Octane (97 Ron),296.23,119.49,35396.52,Debit Card,individual
TXN-20252021,2026-03-06,Hascol Islamabad Super Highway Station,Hascol,Islamabad,Islamabad ICT,High Speed Diesel,279.57,47.96,13408.18,JazzCash,Corporate
TXN-20252022,2025-12-02,Hascol Lahore Super Highway Station,Hascol,Lahore,Punjab,High Speed Diesel,299.07,26.2,7835.63,Fleet Card,Government
TXN-20252023,2025-10-15,Hascol Faisalabad Ferozepur Road Pump,Hascol,Faisalabad,Punjab,High Speed Diesel,288.48,65.51,18898.32,cash,Corporate Fleet
TXN-20252024,18/01/2025,Total Parco Quetta Shahrah-e-Faisal Point,Total Parco,Quetta,Balochistan,Hi-Octane (97 Ron),306.97,137.85,42315.81,JazzCash,Government
TXN-20252025,2025-02-26,Total Parco Quetta Jail Road Petrol Pump,Total Parco,Quetta,Balochistan,CNG,209.52,101.63,21293.52,Fleet Card,Corporate Fleet
TXN-20252026,2026-01-27,PSO Sialkot Cantt Filling Point,PSO,Sialkot,Punjab,Super (92 Ron),275.48,125.34,34528.66,credit card,individual
TXN-20252027,2025-04-28,Shell Faisalabad University Road Pump,Shell,Faisalabad,Punjab,Hi-Octane (97 Ron),300.15,67.42,20236.11,JazzCash,Corporate
TXN-20252028,2025-01-01,Shell Quetta Karsaz Service Station,Shell,Quetta,Balochistan,Super (92 Ron),260.11,137.58,35785.93,CASH,Corporate
TXN-20252029,23-Nov-25,PSO Sialkot Lytton Road Pump,PSO,Sialkot,Punjab,CNG,214.78,80.65,17322.01,EasyPaisa,Corporate Fleet
TXN-20252030,2026-01-08,Shell Karachi University Road Pump,Shell,Karachi,Sindh,Hi-Octane (97 Ron),303.78,83.49,25362.59,CASH,Government
TXN-20252031,2025-06-12,PSO Peshawar Defence Filling Point,PSO,Peshawar,KPK,Super (92 Ron),260.9,34.32,8954.09,cash,Individual
TXN-20252032,15-Jun-26,Cnergyico Quetta Hub River Road Pump,Cnergyico,Quetta,Balochistan,Hi-Octane (97 Ron),328.45,26.98,10633.9,EasyPaisa,Corporate
TXN-20252033,2025-03-30,Total Parco Peshawar G-11 Markaz Station,Total Parco,Peshawar,KPK,Super (92 Ron),287.86,75.02,21595.26,Fleet Card,Agriculture
TXN-20252034,2025-11-22,Cnergyico Karachi Multan Road Filling Point,Cnergyico,Karachi,Sindh,High Speed Diesel,294.6,63.45,18692.37,CASH,individual
TXN-20252035,2025-03-30,Shell Karachi Mall Road Station,Shell,Karachi,Sindh,Hi-Octane (97 Ron),309.18,1319.7,408024.85,cash,Government
TXN-20252036,2026-06-28,PSO Karachi Cantt Filling Point,PSO,Karachi,Sindh,Super (92 Ron),263.58,18.32,4828.79,Debit Card,Individual
TXN-20252037,13-Apr-26,Cnergyico Quetta Hub River Road Pump,Cnergyico,Quetta,Balochistan,High Speed Diesel,298.66,11351.04,3390101.61,Mobile Wallet,Corporate
TXN-20252038,2025-03-23,Shell Karachi Gulberg Station,Shell,Karachi,Sindh,Hi-Octane (97 Ron),317.6,38.63,12268.89,Mobile Wallet,individual
TXN-20252039,2026-06-28,Shell Faisalabad Karsaz Service Station,Shell,Faisalabad,Punjab,Hi-Octane (97 Ron),313.48,48.28,15134.81,EasyPaisa,Agriculture
TXN-20252040,07/02/2026,Total Parco Karachi Jail Road Petrol Pump,Total Parco,Karachi,Sindh,High Speed Diesel,300.25,8304.07,2493297.02,credit card,Agriculture
TXN-20252041,2025-05-03,Shell Sialkot F-7 Markaz Pump,Shell,Sialkot,Punjab,Hi-Octane (97 Ron),328.82,86.63,34182.81,Mobile Wallet,Corporate
TXN-20252042,2025-05-28,PSO Sialkot Lytton Road Pump,PSO,Sialkot,Punjab,Super (92 Ron),284.52,57.2,16274.54,credit card,individual
TXN-20252043,2026-06-13,Attock Petroleum Peshawar Motorway Service Area,Attock Petroleum,Peshawar,KPK,Hi-Octane (97 Ron),317.29,139.45,44246.09,Fleet Card,Government
TXN-20252044,03/08/2026,Shell Sialkot Karsaz Service Station,Shell,Sialkot,Punjab,Super (92 Ron),278.71,1313.25,366015.91,Credit Card,Individual
TXN-20252045,2025-06-22,Total Parco Islamabad G-11 Markaz Station,Total Parco,Islamabad,Islamabad ICT,Super (92 Ron),266.27,1498.71,399061.51,Mobile Wallet,Corporate
TXN-20252046,2025-10-26,Cnergyico Rawalpindi Hub River Road Pump,Cnergyico,Rawalpindi,Punjab,Hi-Octane (97 Ron),308.41,11.16,3441.86,CASH,Government
TXN-20252047,2025-05-21,Cnergyico Islamabad Murree Road Station,Cnergyico,Islamabad,Islamabad ICT,Super (92 Ron),262.74,77.48,20357.1,Debit Card,Individual
TXN-20252048,2026-02-18,Cnergyico Faisalabad Murree Road Station,Cnergyico,Faisalabad,Punjab,Super (92 Ron),263.65,36.25,11468.77,Credit Card,Agriculture
TXN-20252049,2025-02-13,Attock Petroleum Peshawar Motorway Service Area,Attock Petroleum,Peshawar,KPK,High Speed Diesel,291.68,62.86,18335.0,Debit Card,Individual
TXN-20252050,2025-09-26,Total Parco Multan Shahrah-e-Faisal Point,Total Parco,Multan,Punjab,CNG,214.91,28.21,6062.61,Fleet Card,Corporate
TXN-20252051,2026-03-25,Total Parco Quetta Shahrah-e-Faisal Point,Total Parco,Quetta,Balochistan,CNG,211.19,,,cash,Corporate Fleet
TXN-20252052,2025-07-11,PSO Faisalabad Blue Area Station,PSO,Faisalabad,Punjab,High Speed Diesel,291.5,6.59,1920.98,Mobile Wallet,
TXN-20252053,2025-10-05,Attock Petroleum Sialkot Motorway Service Area,Attock Petroleum,Sialkot,Punjab,High Speed Diesel,277.71,46.95,13038.48,Mobile Wallet,Individual
TXN-20252054,2026-01-19,Shell Rawalpindi Mall Road Station,Shell,Rawalpindi,Punjab,CNG,215.12,115.69,24887.23,Credit Card,Corporate Fleet
TXN-20252055,2026-06-27,Shell Rawalpindi Karsaz Service Station,Shell,Rawalpindi,Punjab,Super (92 Ron),263.2,68.28,17971.3,Debit Card,Individual
TXN-20252056,2026-01-20,Cnergyico Sialkot Hub River Road Pump,Cnergyico,Sialkot,Punjab,CNG,-99.0,96.99,-9602.01,CASH,Agriculture
TXN-20252057,2025-11-19,Total Parco Islamabad G-11 Markaz Station,Total Parco,Islamabad,Islamabad ICT,High Speed Diesel,282.87,5696.0,,cash,Government
TXN-20252058,2025-09-22,Cnergyico Islamabad Murree Road Station,Cnergyico,Islamabad,Islamabad ICT,High Speed Diesel,298.84,52.88,15802.66,,Corporate Fleet
TXN-20252059,08/11/2025,PSO Islamabad Clifton Service Station,PSO,Islamabad,Islamabad ICT,Super (92 Ron),287.99,7986.01,2299891.02,credit card,Corporate Fleet
TXN-20252060,26-Mar-25,Total Parco Islamabad G-11 Markaz Station,Total Parco,Islamabad,Islamabad ICT,Hi-Octane (97 Ron),324.6,136.34,44255.96,credit card,Government
TXN-20252061,2026-08-26,Cnergyico Faisalabad Hub River Road Pump,Cnergyico,Faisalabad,Punjab,CNG,213.71,103.04,22020.68,CASH,Government
TXN-20252062,2026-03-06,Attock Petroleum Rawalpindi Khyber Pass Pump,Attock Petroleum,Rawalpindi,Punjab,High Speed Diesel,277.23,109.32,30306.78,Credit Card,Corporate Fleet
TXN-20252063,2025-04-16,Attock Petroleum Peshawar Saddar Filling Station,Attock Petroleum,Peshawar,KPK,Hi-Octane (97 Ron),311.28,135.57,42200.23,Mobile Wallet,Individual
TXN-20252064,11/10/2025,Shell Lahore Gulberg Station,Shell,Lahore,Punjab,Super (92 Ron),276.02,77.85,21488.16,Credit Card,Individual
TXN-20252065,2025-05-03,Total Parco Faisalabad Shahrah-e-Faisal Point,Total Parco,Faisalabad,Punjab,Super (92 Ron),289.9,114.37,33155.86,Debit Card,Agriculture
TXN-20252066,2025-08-22,Attock Petroleum Multan Khyber Pass Pump,Attock Petroleum,Multan,Punjab,Hi-Octane (97 Ron),316.54,82.16,26006.93,cash,Corporate Fleet
TXN-20252067,2025-03-19,Cnergyico Peshawar Hub River Road Pump,Cnergyico,Peshawar,KPK,High Speed Diesel,296.95,98.48,29243.64,cash,Agriculture
TXN-20252068,2026-03-01,PSO Quetta Defence Filling Point,PSO,Quetta,Balochistan,High Speed Diesel,284.45,123.31,35075.53,credit card,Corporate Fleet
TXN-20252069,2025-04-03,PSO Peshawar Defence Filling Point,PSO,Peshawar,KPK,CNG,216.02,111.65,24118.63,Fleet Card,Agriculture
TXN-20252070,2025-11-20,Hascol Lahore Super Highway Station,Hascol,Lahore,Punjab,Hi-Octane (97 Ron),329.68,129.37,42650.7,cash,Government
TXN-20252071,18/06/2025,Hascol Karachi Super Highway Station,Hascol,Karachi,Sindh,CNG,206.71,146.81,30347.1,Fleet Card,individual
TXN-20252072,2026-08-19,PSO Islamabad Cantt Filling Point,PSO,Islamabad,Islamabad ICT,High Speed Diesel,9999.0,118.91,1188981.09,Mobile Wallet,Corporate Fleet
TXN-20252073,2025-02-26,Cnergyico Peshawar Murree Road Station,Cnergyico,Peshawar,KPK,CNG,210.2,48.49,10192.6,Mobile Wallet,Corporate Fleet
TXN-20252074,2025-01-03,Total Parco Multan Jail Road Petrol Pump,Total Parco,Multan,Punjab,Hi-Octane (97 Ron),306.06,108.49,33204.45,credit card,Corporate
TXN-20252075,2026-07-08,Hascol Multan Hayatabad Filling Station,Hascol,Multan,Punjab,CNG,202.65,85.99,17425.87,cash,Agriculture
TXN-20252076,2026-03-02,Cnergyico Faisalabad Multan Road Filling Point,Cnergyico,Faisalabad,Punjab,Super (92 Ron),266.62,59.92,15975.87,EasyPaisa,individual
TXN-20252077,2025-04-25,Cnergyico Quetta Murree Road Station,Cnergyico,Quetta,Balochistan,CNG,218.92,82.13,17979.9,EasyPaisa,Agriculture
TXN-20252078,2025-04-12,Shell Peshawar Gulberg Station,Shell,Peshawar,KPK,CNG,212.66,124.63,26503.82,Credit Card,
TXN-20252079,2025-11-08,PSO Karachi Cantt Filling Point,PSO,Karachi,Sindh,Hi-Octane (97 Ron),315.85,104.14,32892.62,Credit Card,individual
TXN-20252080,2025-01-22,Shell Rawalpindi Gulberg Station,Shell,Rawalpindi,Punjab,Super (92 Ron),275.99,68.71,18963.27,JazzCash,Individual
TXN-20252081,2026-02-08,Shell Karachi Gulberg Station,Shell,Karachi,Sindh,Super (92 Ron),271.26,12.1,3282.25,Fleet Card,Individual
TXN-20252082,07-Jan-26,PSO Sialkot Clifton Service Station,PSO,Sialkot,Punjab,CNG,212.19,29.47,6253.24,CASH,Individual
TXN-20252083,2025-10-15,Hascol Sialkot Ferozepur Road Pump,Hascol,Sialkot,Punjab,Hi-Octane (97 Ron),327.53,58.53,19170.33,credit card,individual
TXN-20252084,28/09/2025,Shell Islamabad Gulberg Station,Shell,Islamabad,Islamabad ICT,High Speed Diesel,271.11,23.3,6316.86,CASH,Corporate
TXN-20252085,2026-01-27,Cnergyico Sialkot Hub River Road Pump,Cnergyico,Sialkot,Punjab,CNG,211.22,20.33,4294.1,EasyPaisa,individual
TXN-20252086,2025-02-27,Attock Petroleum Faisalabad Motorway Service Area,Attock Petroleum,Faisalabad,Punjab,High Speed Diesel,295.84,91.8,27158.11,EasyPaisa,Individual
TXN-20252087,2025-09-11,Total Parco Faisalabad G-11 Markaz Station,Total Parco,Faisalabad,Punjab,Super (92 Ron),278.85,31.46,8772.62,Cash,individual
TXN-20252088,02-Apr-25,Attock Petroleum Lahore Khyber Pass Pump,Attock Petroleum,Lahore,Punjab,High Speed Diesel,302.98,143.06,,credit card,Corporate
TXN-20252089,26-Jun-25,Hascol Peshawar Hayatabad Filling Station,Hascol,Peshawar,KPK,Hi-Octane (97 Ron),316.0,54.36,17177.76,CASH,Individual
TXN-20252090,30/10/2025,Attock Petroleum Sialkot Motorway Service Area,Attock Petroleum,Sialkot,Punjab,High Speed Diesel,295.42,60.91,17994.03,Mobile Wallet,Corporate
TXN-20252091,2025-07-14,Shell Multan F-7 Markaz Pump,Shell,Multan,Punjab,Hi-Octane (97 Ron),315.06,43.94,13843.74,EasyPaisa,Government
TXN-20252092,2025-10-12,PSO Multan Cantt Filling Point,PSO,Multan,Punjab,Hi-Octane (97 Ron),299.79,61.59,18464.07,JazzCash,Individual
TXN-20252093,2026-08-02,Total Parco Karachi Thokar Niaz Baig Station,Total Parco,Karachi,Sindh,High Speed Diesel,284.12,57.24,16263.03,cash,Corporate
TXN-20252094,2025-01-24,Attock Petroleum Karachi Saddar Filling Station,Attock Petroleum,Karachi,Sindh,Hi-Octane (97 Ron),306.56,8.22,2519.92,CASH,Individual
TXN-20252095,2025-09-27,Total Parco Lahore G-11 Markaz Station,Total Parco,Lahore,Punjab,Super (92 Ron),268.87,74.59,20055.01,CASH,Individual
TXN-20252096,2026-02-19,Hascol Rawalpindi Super Highway Station,Hascol,Rawalpindi,Punjab,Super (92 Ron),283.76,146.82,41661.64,Fleet Card,individual
TXN-20252097,2025-06-09,Shell Lahore Mall Road Station,Shell,Lahore,Punjab,Super (92 Ron),268.76,142.05,38177.36,JazzCash,Government
TXN-20252098,2026-04-27,PSO Quetta Defence Filling Point,PSO,Quetta,Balochistan,High Speed Diesel,289.27,61.57,17810.35,Credit Card,Corporate Fleet
TXN-20252099,2025-06-15,Hascol Karachi Super Highway Station,Hascol,Karachi,Sindh,Hi-Octane (97 Ron),318.07,6746.87,2145976.94,Credit Card,Corporate Fleet
TXN-20252100,2025-02-13,Cnergyico Faisalabad Murree Road Station,Cnergyico,Faisalabad,Punjab,CNG,212.78,73.31,15598.9,Cash,Individual
TXN-20252101,2026-03-13,Cnergyico Multan Murree Road Station,Cnergyico,Multan,Punjab,High Speed Diesel,271.26,113.76,30858.54,credit card,Corporate
TXN-20252102,2026-04-12,Total Parco Islamabad Thokar Niaz Baig Station,Total Parco,Islamabad,Islamabad ICT,Hi-Octane (97 Ron),320.63,10.99,3523.72,CASH,Individual
TXN-20252103,2026-06-07,Cnergyico Islamabad Hub River Road Pump,Cnergyico,Islamabad,Islamabad ICT,High Speed Diesel,303.35,59.1,17927.99,credit card,Agriculture
TXN-20252104,2025-05-28,Attock Petroleum Faisalabad Saddar Filling Station,Attock Petroleum,Faisalabad,Punjab,High Speed Diesel,299.54,98.16,29402.85,Debit Card,Individual
TXN-20252104,2025-05-28,Attock Petroleum Faisalabad Saddar Filling Station,Attock Petroleum,Faisalabad,Punjab,High Speed Diesel,299.54,98.16,29402.85,Debit Card,Individual
TXN-20252105,2026-07-10,Hascol Multan Ferozepur Road Pump,Hascol,Multan,Punjab,CNG,213.26,53.74,11460.59,Fleet Card,Corporate Fleet
TXN-20252106,2025-09-24,Hascol Rawalpindi Hayatabad Filling Station,Hascol,Rawalpindi,Punjab,CNG,201.42,86.88,17499.37,JazzCash,Government
TXN-20252107,2026-01-15,PSO Lahore Clifton Service Station,PSO,Lahore,Punjab,Super (92 Ron),269.69,801.71,216213.17,Credit Card,Corporate
TXN-20252108,28/09/2025,Cnergyico Rawalpindi Murree Road Station,Cnergyico,Rawalpindi,Punjab,Super (92 Ron),268.21,30.0,8046.3,Credit Card,Corporate Fleet
TXN-20252109,2026-03-01,Hascol Faisalabad Super Highway Station,Hascol,Faisalabad,Punjab,Hi-Octane (97 Ron),311.33,10.29,3203.59,Cash,Corporate Fleet
TXN-20252110,2025-02-16,Attock Petroleum Faisalabad Saddar Filling Station,Attock Petroleum,Faisalabad,Punjab,High Speed Diesel,280.7,95.13,26702.99,Debit Card,Corporate
TXN-20252111,2025-08-20,Total Parco Sialkot Thokar Niaz Baig Station,Total Parco,Sialkot,Punjab,CNG,200.32,130.34,26109.71,EasyPaisa,Corporate
TXN-20252112,12/05/2026,Total Parco Karachi Shahrah-e-Faisal Point,Total Parco,Karachi,Sindh,CNG,217.27,126.04,27384.71,Mobile Wallet,Agriculture
TXN-20252113,2026-04-05,Cnergyico Islamabad Multan Road Filling Point,Cnergyico,Islamabad,Islamabad ICT,CNG,202.99,57.23,11617.12,Fleet Card,Government
TXN-20252114,2025-08-11,Hascol Rawalpindi Ferozepur Road Pump,Hascol,Rawalpindi,Punjab,CNG,205.05,62.08,12729.5,cash,individual
TXN-20252115,2025-12-19,Cnergyico Rawalpindi Murree Road Station,Cnergyico,Rawalpindi,Punjab,Hi-Octane (97 Ron),320.06,146.39,46853.58,credit card,Individual
TXN-20252116,2025-07-08,Shell Multan F-7 Markaz Pump,Shell,Multan,Punjab,Hi-Octane (97 Ron),298.04,5832.17,1738219.95,Cash,Individual
TXN-20252117,2025-11-26,Total Parco Islamabad Thokar Niaz Baig Station,Total Parco,Islamabad,Islamabad ICT,Hi-Octane (97 Ron),319.06,5201.53,,EasyPaisa,individual
TXN-20252118,2026-03-03,Total Parco Peshawar G-11 Markaz Station,Total Parco,Peshawar,KPK,High Speed Diesel,288.75,131.05,37840.69,Cash,Individual
TXN-20252119,2026-01-04,Total Parco Faisalabad Thokar Niaz Baig Station,Total Parco,Faisalabad,Punjab,High Speed Diesel,296.62,145.28,43092.95,JazzCash,individual
TXN-20252120,27-Jan-26,Cnergyico Multan Multan Road Filling Point,Cnergyico,Multan,Punjab,Hi-Octane (97 Ron),323.84,100.36,32500.58,Fleet Card,Individual
TXN-20252121,2025-10-29,Cnergyico Rawalpindi Multan Road Filling Point,Cnergyico,Rawalpindi,Punjab,High Speed Diesel,298.9,45.44,13582.02,EasyPaisa,Individual
TXN-20252122,2026-05-04,Attock Petroleum Quetta Khyber Pass Pump,Attock Petroleum,Quetta,Balochistan,Hi-Octane (97 Ron),295.31,59.09,17449.87,EasyPaisa,Government
TXN-20252123,2026-07-08,Attock Petroleum Islamabad Khyber Pass Pump,Attock Petroleum,Islamabad,Islamabad ICT,High Speed Diesel,270.22,53.99,14589.18,Cash,Government
TXN-20252124,2025-01-04,Shell Islamabad Gulberg Station,Shell,Islamabad,Islamabad ICT,CNG,215.09,96.84,20829.32,EasyPaisa,Corporate Fleet
TXN-20252125,21/08/2025,Total Parco Faisalabad G-11 Markaz Station,Total Parco,Faisalabad,Punjab,High Speed Diesel,299.66,98.89,29633.38,JazzCash,Corporate Fleet
TXN-20252126,10/05/2026,Hascol Sialkot Ferozepur Road Pump,Hascol,Sialkot,Punjab,Hi-Octane (97 Ron),311.52,118.46,36902.66,cash,Corporate
TXN-20252127,2026-07-08,Total Parco Lahore Shahrah-e-Faisal Point,Total Parco,Lahore,Punjab,CNG,203.66,17.02,,JazzCash,individual
TXN-20252128,2026-05-14,Attock Petroleum Multan Industrial Area Pump,Attock Petroleum,Multan,Punjab,Super (92 Ron),262.76,120.44,31646.81,Credit Card,Agriculture
TXN-20252129,2026-07-19,Attock Petroleum Peshawar Motorway Service Area,Attock Petroleum,Peshawar,KPK,CNG,218.61,58.6,12810.55,Debit Card,individual
TXN-20252130,2025-01-30,Attock Petroleum Quetta Khyber Pass Pump,Attock Petroleum,Quetta,Balochistan,Super (92 Ron),280.04,138.5,46542.65,Debit Card,Corporate Fleet
TXN-20252131,13/02/2025,Cnergyico Karachi Murree Road Station,Cnergyico,Karachi,Sindh,CNG,218.77,8.35,1826.73,CASH,Individual
TXN-20252132,2025-04-24,PSO Islamabad Blue Area Station,PSO,Islamabad,Islamabad ICT,Super (92 Ron),266.77,22.96,6125.04,cash,individual
TXN-20252133,28-Jan-26,Hascol Karachi Ferozepur Road Pump,Hascol,Karachi,Sindh,High Speed Diesel,289.37,25.57,7399.19,cash,Agriculture
TXN-20252134,2026-05-11,Attock Petroleum Islamabad Industrial Area Pump,Attock Petroleum,Islamabad,Islamabad ICT,Hi-Octane (97 Ron),321.32,,,credit card,individual
TXN-20252135,2026-05-29,Attock Petroleum Islamabad Industrial Area Pump,Attock Petroleum,Islamabad,Islamabad ICT,High Speed Diesel,293.24,52.06,15266.07,Credit Card,Corporate
TXN-20252135,2026-05-29,Attock Petroleum Islamabad Industrial Area Pump,Attock Petroleum,Islamabad,Islamabad ICT,High Speed Diesel,293.24,52.06,15266.07,Credit Card,Corporate
TXN-20252136,2026-08-09,PSO Islamabad Lytton Road Pump,PSO,Islamabad,Islamabad ICT,High Speed Diesel,288.01,26.08,7511.3,Fleet Card,Individual
TXN-20252137,16-Sep-25,Attock Petroleum Lahore Industrial Area Pump,Attock Petroleum,Lahore,Punjab,Super (92 Ron),260.24,89.19,23210.81,CASH,individual
TXN-20252138,2026-05-14,Shell Quetta Gulberg Station,Shell,Quetta,Balochistan,High Speed Diesel,271.2,92.94,,credit card,Government
TXN-20252139,2025-05-16,PSO Karachi GT Road Service,PSO,Karachi,Sindh,Super (92 Ron),273.65,89.63,24527.25,Debit Card,Corporate Fleet
TXN-20252140,2026-01-23,Attock Petroleum Faisalabad Khyber Pass Pump,Attock Petroleum,Faisalabad,Punjab,Hi-Octane (97 Ron),308.36,39.81,12275.81,Credit Card,individual
TXN-20252141,2026-04-20,Cnergyico Sialkot Hub River Road Pump,Cnergyico,Sialkot,Punjab,High Speed Diesel,301.18,90.06,27124.27,Credit Card,Corporate
TXN-20252142,2026-06-15,Hascol Faisalabad Ferozepur Road Pump,Hascol,Faisalabad,Punjab,Hi-Octane (97 Ron),314.81,76.63,24123.89,Debit Card,Corporate
TXN-20252143,2025-04-18,PSO Islamabad Cantt Filling Point,PSO,Islamabad,Islamabad ICT,Super (92 Ron),262.01,68.03,17824.54,Mobile Wallet,Agriculture
TXN-20252144,2025-08-31,Cnergyico Faisalabad Murree Road Station,Cnergyico,Faisalabad,Punjab,Super (92 Ron),281.6,55.17,15535.87,cash,individual
TXN-20252145,2026-02-06,Cnergyico Multan Murree Road Station,Cnergyico,Multan,Punjab,Super (92 Ron),285.26,962.51,274565.6,credit card,Corporate
TXN-20252146,2025-07-22,Cnergyico Peshawar Hub River Road Pump,Cnergyico,Peshawar,KPK,High Speed Diesel,273.93,142.06,38914.5,CASH,Corporate Fleet
TXN-20252147,2025-05-10,PSO Islamabad Blue Area Station,PSO,Islamabad,Islamabad ICT,CNG,216.29,144.75,31307.98,cash,Corporate Fleet
TXN-20252148,2026-02-15,Attock Petroleum Faisalabad Industrial Area Pump,Attock Petroleum,Faisalabad,Punjab,Super (92 Ron),281.96,19.88,5605.36,EasyPaisa,Corporate Fleet
TXN-20252149,2025-02-19,Cnergyico Multan Multan Road Filling Point,Cnergyico,Multan,Punjab,CNG,200.24,148.05,29645.53,Cash,Corporate
TXN-20252150,2026-02-14,Total Parco Lahore Shahrah-e-Faisal Point,Total Parco,Lahore,Punjab,Hi-Octane (97 Ron),308.5,138.35,42680.97,CASH,Individual
TXN-20252151,2025-11-12,Total Parco Multan Thokar Niaz Baig Station,Total Parco,Multan,Punjab,CNG,213.62,4063.72,868091.87,CASH,Individual
TXN-20252152,2025-10-31,Attock Petroleum Quetta Khyber Pass Pump,Attock Petroleum,Quetta,Balochistan,CNG,216.25,59.77,12925.26,JazzCash,Corporate
TXN-20252153,2025-06-17,Attock Petroleum Faisalabad Saddar Filling Station,Attock Petroleum,Faisalabad,Punjab,Super (92 Ron),265.73,41.65,11067.65,CASH,Corporate
TXN-20252154,2025-12-17,PSO Peshawar Blue Area Station,PSO,Peshawar,KPK,Hi-Octane (97 Ron),295.94,43.31,12817.16,JazzCash,individual
TXN-20252155,2026-06-03,Attock Petroleum Quetta Motorway Service Area,Attock Petroleum,Quetta,Balochistan,Hi-Octane (97 Ron),328.57,78.37,25750.03,credit card,Corporate
TXN-20252156,2025-03-25,PSO Islamabad Lytton Road Pump,PSO,Islamabad,Islamabad ICT,Hi-Octane (97 Ron),296.53,,,JazzCash,Individual
TXN-20252157,23/08/2025,Cnergyico Faisalabad Murree Road Station,Cnergyico,Faisalabad,Punjab,High Speed Diesel,281.45,99.4,27976.13,cash,Government
TXN-20252158,2026-02-09,Total Parco Rawalpindi Shahrah-e-Faisal Point,Total Parco,Rawalpindi,Punjab,CNG,212.98,8741.02,1861662.44,credit card,Individual
TXN-20252159,2026-08-26,Total Parco Faisalabad Shahrah-e-Faisal Point,Total Parco,Faisalabad,Punjab,Super (92 Ron),279.28,10533.04,,credit card,Corporate Fleet
TXN-20252160,2025-03-13,PSO Quetta Clifton Service Station,PSO,Quetta,Balochistan,High Speed Diesel,303.24,93.43,28331.71,JazzCash,individual
TXN-20252161,2026-04-11,Cnergyico Lahore Hub River Road Pump,Cnergyico,Lahore,Punjab,High Speed Diesel,274.51,115.3,31651.0,Mobile Wallet,Corporate Fleet
TXN-20252162,2026-06-08,Cnergyico Multan Multan Road Filling Point,Cnergyico,Multan,Punjab,CNG,207.92,12.76,2653.06,EasyPaisa,individual
TXN-20252163,2026-03-20,Hascol Rawalpindi Ferozepur Road Pump,Hascol,Rawalpindi,Punjab,Super (92 Ron),266.08,22.12,5885.69,JazzCash,Agriculture
TXN-20252164,29/03/2025,Attock Petroleum Islamabad Khyber Pass Pump,Attock Petroleum,Islamabad,Islamabad ICT,Hi-Octane (97 Ron),306.52,11945.18,3661436.57,,Corporate Fleet
TXN-20252165,2026-02-08,Cnergyico Quetta Multan Road Filling Point,Cnergyico,Quetta,Balochistan,High Speed Diesel,302.28,14.83,4482.81,CASH,Corporate Fleet
TXN-20252166,25/04/2025,Attock Petroleum Rawalpindi Saddar Filling Station,Attock Petroleum,Rawalpindi,Punjab,High Speed Diesel,298.82,21.44,,CASH,Agriculture
TXN-20252167,2025-01-16,Total Parco Quetta Jail Road Petrol Pump,Total Parco,Quetta,Balochistan,High Speed Diesel,281.92,102.54,28908.08,Credit Card,Individual
TXN-20252168,2025-02-22,Total Parco Multan Shahrah-e-Faisal Point,Total Parco,Multan,Punjab,Hi-Octane (97 Ron),314.55,59.71,18781.78,credit card,Government
TXN-20252169,2025-05-25,Total Parco Rawalpindi Jail Road Petrol Pump,Total Parco,Rawalpindi,Punjab,Hi-Octane (97 Ron),314.4,21.7,6822.48,Debit Card,Corporate
TXN-20252170,2025-10-19,Cnergyico Islamabad Multan Road Filling Point,Cnergyico,Islamabad,Islamabad ICT,High Speed Diesel,275.74,101.95,28111.69,Fleet Card,Corporate Fleet
TXN-20252171,2025-03-09,Attock Petroleum Multan Saddar Filling Station,Attock Petroleum,Multan,Punjab,CNG,218.18,6234.88,1360326.12,EasyPaisa,Corporate
TXN-20252172,2025-03-08,Cnergyico Quetta Hub River Road Pump,Cnergyico,Quetta,Balochistan,CNG,213.49,25.86,5520.85,cash,individual
TXN-20252173,2025-05-14,Hascol Islamabad Super Highway Station,Hascol,Islamabad,Islamabad ICT,Super (92 Ron),280.17,33.46,9374.49,CASH,Agriculture
TXN-20252174,2025-11-20,Total Parco Quetta Thokar Niaz Baig Station,Total Parco,Quetta,Balochistan,Hi-Octane (97 Ron),317.37,125.3,39766.46,Cash,Agriculture
TXN-20252175,2025-06-20,Hascol Faisalabad Super Highway Station,Hascol,Faisalabad,Punjab,High Speed Diesel,278.89,120.85,33703.86,EasyPaisa,individual
TXN-20252176,2026-03-17,Total Parco Rawalpindi Jail Road Petrol Pump,Total Parco,Rawalpindi,Punjab,Super (92 Ron),287.56,141.64,40730.0,Mobile Wallet,individual
TXN-20252177,2026-07-15,PSO Lahore Blue Area Station,PSO,Lahore,Punjab,High Speed Diesel,288.23,123.2,35509.94,JazzCash,Individual
TXN-20252178,2025-07-21,PSO Karachi Cantt Filling Point,PSO,Karachi,Sindh,Super (92 Ron),265.35,,,Credit Card,Government
TXN-20252179,2025-06-02,Total Parco Rawalpindi Jail Road Petrol Pump,Total Parco,Rawalpindi,Punjab,Hi-Octane (97 Ron),304.49,6364.07,1937795.67,Cash,Individual
TXN-20252180,2026-02-10,Hascol Peshawar Ferozepur Road Pump,Hascol,Peshawar,KPK,High Speed Diesel,286.98,99.55,,credit card,Corporate Fleet
TXN-20252181,2025-02-23,Hascol Peshawar Hayatabad Filling Station,Hascol,Peshawar,KPK,CNG,211.99,13.36,2832.19,credit card,individual
TXN-20252182,2025-06-18,Total Parco Lahore Jail Road Petrol Pump,Total Parco,Lahore,Punjab,Hi-Octane (97 Ron),313.7,18.39,5768.94,Mobile Wallet,individual
TXN-20252183,2026-02-24,Total Parco Multan G-11 Markaz Station,Total Parco,Multan,Punjab,CNG,200.02,73.41,14683.47,JazzCash,Corporate
TXN-20252184,2025-12-26,Hascol Peshawar Ferozepur Road Pump,Hascol,Peshawar,KPK,CNG,206.42,131.7,27185.51,Credit Card,Agriculture
TXN-20252185,2025-05-01,Hascol Sialkot Ferozepur Road Pump,Hascol,Sialkot,Punjab,Hi-Octane (97 Ron),322.19,113.06,36426.8,Fleet Card,Agriculture
TXN-20252186,2025-06-26,Hascol Multan Hayatabad Filling Station,Hascol,Multan,Punjab,Hi-Octane (97 Ron),296.62,10763.64,3192710.9,CASH,Government
TXN-20252187,2025-06-04,Attock Petroleum Karachi Khyber Pass Pump,Attock Petroleum,Karachi,Sindh,Super (92 Ron),9999.0,22.9,228977.1,,individual
TXN-20252188,2025-03-12,Cnergyico Rawalpindi Hub River Road Pump,Cnergyico,Rawalpindi,Punjab,CNG,206.63,104.85,21665.16,Cash,Corporate Fleet
TXN-20252189,2025-12-28,PSO Peshawar Lytton Road Pump,PSO,Peshawar,KPK,Hi-Octane (97 Ron),295.49,92.16,27232.36,EasyPaisa,Corporate
TXN-20252190,2025-01-11,Cnergyico Faisalabad Hub River Road Pump,Cnergyico,Faisalabad,Punjab,CNG,216.1,120.59,26059.5,Mobile Wallet,individual
TXN-20252191,2025-05-07,Shell Peshawar Karsaz Service Station,Shell,Peshawar,KPK,CNG,209.06,106.23,22208.44,credit card,Government
TXN-20252192,2026-04-14,PSO Quetta Lytton Road Pump,PSO,Quetta,Balochistan,CNG,208.22,96.78,20151.53,Cash,Government
TXN-20252193,2025-11-28,Shell Rawalpindi F-7 Markaz Pump,Shell,Rawalpindi,Punjab,CNG,219.99,68.27,15018.72,Cash,Corporate
TXN-20252194,2026-07-21,Shell Quetta Karsaz Service Station,Shell,Quetta,Balochistan,Super (92 Ron),271.3,101.18,27450.13,credit card,individual
TXN-20252195,2026-04-15,Total Parco Multan Shahrah-e-Faisal Point,Total Parco,Multan,Punjab,Super (92 Ron),274.66,1716.49,471451.14,cash,Individual
TXN-20252196,2025-11-13,PSO Islamabad Defence Filling Point,PSO,Islamabad,Islamabad ICT,Hi-Octane (97 Ron),308.16,93.27,28742.08,CASH,Individual
TXN-20252197,2025-07-13,Cnergyico Rawalpindi Multan Road Filling Point,Cnergyico,Rawalpindi,Punjab,CNG,218.32,88.09,19231.81,CASH,Corporate Fleet
TXN-20252198,2025-09-05,PSO Multan Clifton Service Station,PSO,Multan,Punjab,Super (92 Ron),265.14,69.53,18435.18,Debit Card,Corporate
TXN-20252199,2026-07-29,Attock Petroleum Karachi Motorway Service Area,Attock Petroleum,Karachi,Sindh,High Speed Diesel,277.5,101.16,28071.9,CASH,Government
TXN-20252200,2025-02-04,Hascol Multan Hayatabad Filling Station,Hascol,Multan,Punjab,High Speed Diesel,283.56,134.56,38155.83,Debit Card,individual
TXN-20252201,2025-06-15,Shell Quetta Karsaz Service Station,Shell,Quetta,Balochistan,Hi-Octane (97 Ron),323.48,98.79,31956.59,Fleet Card,Agriculture
TXN-20252202,2025-08-30,Shell Lahore Karsaz Service Station,Shell,Lahore,Punjab,CNG,219.54,69.43,15242.66,Fleet Card,Corporate Fleet
TXN-20252203,16/12/2025,Total Parco Lahore Thokar Niaz Baig Station,Total Parco,Lahore,Punjab,Hi-Octane (97 Ron),295.98,64.65,19135.11,Cash,Corporate
TXN-20252204,2025-10-31,Total Parco Multan G-11 Markaz Station,Total Parco,Multan,Punjab,High Speed Diesel,279.64,24.61,6881.94,JazzCash,Government
TXN-20252205,2025-11-08,Shell Sialkot University Road Pump,Shell,Sialkot,Punjab,High Speed Diesel,302.56,41.83,12656.08,Cash,Corporate Fleet
TXN-20252206,2025-08-23,Attock Petroleum Multan Industrial Area Pump,Attock Petroleum,Multan,Punjab,Super (92 Ron),272.51,147.07,40078.05,cash,Agriculture
TXN-20252207,2025-01-03,Cnergyico Faisalabad Hub River Road Pump,Cnergyico,Faisalabad,Punjab,Hi-Octane (97 Ron),329.57,116.22,38302.63,EasyPaisa,Individual
TXN-20252208,2025-02-06,Attock Petroleum Multan Saddar Filling Station,Attock Petroleum,Multan,Punjab,CNG,215.06,98.74,21235.02,Debit Card,Government
TXN-20252209,17/04/2026,PSO Islamabad Lytton Road Pump,PSO,Islamabad,Islamabad ICT,Super (92 Ron),274.04,144.5,39598.78,credit card,Government
TXN-20252210,2026-03-24,PSO Faisalabad Defence Filling Point,PSO,Faisalabad,Punjab,High Speed Diesel,274.13,135.24,37073.34,credit card,Agriculture
TXN-20252211,2026-04-08,Total Parco Karachi Jail Road Petrol Pump,Total Parco,Karachi,Sindh,CNG,202.12,91.47,18487.92,credit card,Individual
TXN-20252212,2026-06-11,Shell Karachi Mall Road Station,Shell,Karachi,Sindh,High Speed Diesel,292.58,48.71,14251.57,Debit Card,Individual
TXN-20252213,2026-03-08,Hascol Islamabad Super Highway Station,Hascol,Islamabad,Islamabad ICT,CNG,211.91,93.91,19900.47,EasyPaisa,Agriculture
TXN-20252214,2026-02-14,Hascol Karachi Super Highway Station,Hascol,Karachi,Sindh,High Speed Diesel,272.56,37.13,10120.15,,
TXN-20252215,2026-04-19,Hascol Peshawar Hayatabad Filling Station,Hascol,Peshawar,KPK,Super (92 Ron),262.21,4534.27,1188930.94,Debit Card,Individual
TXN-20252216,11-Apr-26,Shell Multan Karsaz Service Station,Shell,Multan,Punjab,High Speed Diesel,300.41,55.69,16729.83,Cash,Agriculture
TXN-20252217,11/02/2025,Attock Petroleum Karachi Khyber Pass Pump,Attock Petroleum,Karachi,Sindh,High Speed Diesel,294.02,72.71,21378.19,CASH,individual
TXN-20252218,2025-05-11,Cnergyico Quetta Murree Road Station,Cnergyico,Quetta,Balochistan,Super (92 Ron),275.25,55.9,15386.48,Debit Card,Agriculture
TXN-20252219,2025-04-01,Hascol Lahore Hayatabad Filling Station,Hascol,Lahore,Punjab,High Speed Diesel,298.67,133.96,40009.83,,Corporate
TXN-20252220,2025-11-07,Attock Petroleum Quetta Industrial Area Pump,Attock Petroleum,Quetta,Balochistan,Hi-Octane (97 Ron),302.57,142.61,43149.51,Cash,Corporate
TXN-20252221,2026-07-04,PSO Rawalpindi GT Road Service,PSO,Rawalpindi,Punjab,Super (92 Ron),278.56,2580.25,718754.44,CASH,Corporate Fleet
TXN-20252222,23-Jan-25,PSO Islamabad Defence Filling Point,PSO,Islamabad,Islamabad ICT,Super (92 Ron),271.78,147.35,40046.78,Debit Card,Government
TXN-20252223,2025-01-22,Cnergyico Islamabad Multan Road Filling Point,Cnergyico,Islamabad,Islamabad ICT,Super (92 Ron),285.35,35.23,10052.88,Mobile Wallet,Individual
TXN-20252224,2026-06-09,Hascol Lahore Super Highway Station,Hascol,Lahore,Punjab,CNG,211.48,122.82,25973.97,Debit Card,Agriculture
TXN-20252225,2025-06-18,Hascol Faisalabad Hayatabad Filling Station,Hascol,Faisalabad,Punjab,Hi-Octane (97 Ron),327.72,109.89,,Cash,individual
TXN-20252226,2025-03-14,Shell Karachi F-7 Markaz Pump,Shell,Karachi,Sindh,CNG,211.94,90.57,19195.41,Debit Card,Agriculture
TXN-20252227,2025-03-11,PSO Lahore GT Road Service,PSO,Lahore,Punjab,CNG,215.11,14.74,3170.72,CASH,Government
TXN-20252228,2025-02-08,Attock Petroleum Rawalpindi Industrial Area Pump,Attock Petroleum,Rawalpindi,Punjab,Super (92 Ron),265.97,8.63,2295.32,Cash,Corporate Fleet
TXN-20252229,2026-06-08,Attock Petroleum Peshawar Motorway Service Area,Attock Petroleum,Peshawar,KPK,High Speed Diesel,291.1,24.36,7091.2,cash,Individual
TXN-20252230,2026-02-25,PSO Peshawar Clifton Service Station,PSO,Peshawar,KPK,High Speed Diesel,287.6,79.93,22987.87,Fleet Card,Agriculture
TXN-20252231,05/04/2025,Hascol Rawalpindi Ferozepur Road Pump,Hascol,Rawalpindi,Punjab,Hi-Octane (97 Ron),312.75,80.68,25232.67,credit card,Individual
TXN-20252232,2026-06-12,Shell Karachi F-7 Markaz Pump,Shell,Karachi,Sindh,Super (92 Ron),287.56,4514.69,1298244.26,Fleet Card,Corporate Fleet
TXN-20252233,2026-04-11,Total Parco Rawalpindi Jail Road Petrol Pump,Total Parco,Rawalpindi,Punjab,CNG,204.87,11.19,2292.5,Credit Card,Government
TXN-20252234,2025-09-10,PSO Rawalpindi Blue Area Station,PSO,Rawalpindi,Punjab,Hi-Octane (97 Ron),313.97,6656.2,2089847.11,Fleet Card,Agriculture
TXN-20252235,2026-05-18,Hascol Rawalpindi Hayatabad Filling Station,Hascol,Rawalpindi,Punjab,Super (92 Ron),262.67,88.28,23188.51,Cash,Individual
TXN-20252236,2025-06-04,Cnergyico Quetta Multan Road Filling Point,Cnergyico,Quetta,Balochistan,Super (92 Ron),285.3,45.1,12867.03,CASH,individual
TXN-20252237,2026-08-17,Hascol Lahore Super Highway Station,Hascol,Lahore,Punjab,Super (92 Ron),281.18,87.6,24631.37,Cash,individual
TXN-20252238,2025-03-10,Total Parco Rawalpindi G-11 Markaz Station,Total Parco,Rawalpindi,Punjab,Super (92 Ron),284.13,16.85,4787.59,Credit Card,Corporate Fleet
TXN-20252239,2026-05-06,Shell Sialkot F-7 Markaz Pump,Shell,Sialkot,Punjab,CNG,200.05,35.7,7141.79,Debit Card,Individual
TXN-20252240,2025-12-26,Attock Petroleum Islamabad Saddar Filling Station,Attock Petroleum,Islamabad,Islamabad ICT,Hi-Octane (97 Ron),296.18,10909.33,3231125.36,credit card,Corporate
TXN-20252241,2026-02-08,Attock Petroleum Karachi Motorway Service Area,Attock Petroleum,Karachi,Sindh,Hi-Octane (97 Ron),314.9,69.04,21740.7,EasyPaisa,Corporate Fleet
TXN-20252242,2025-09-23,Cnergyico Peshawar Murree Road Station,Cnergyico,Peshawar,KPK,Hi-Octane (97 Ron),323.58,139.33,45084.4,Fleet Card,Corporate Fleet
TXN-20252243,2026-01-06,Total Parco Karachi G-11 Markaz Station,Total Parco,Karachi,Sindh,High Speed Diesel,288.29,123.45,35589.4,Credit Card,Corporate Fleet
TXN-20252244,2025-10-07,Total Parco Peshawar G-11 Markaz Station,Total Parco,Peshawar,KPK,CNG,219.49,40.3,8845.45,EasyPaisa,individual
TXN-20252245,20-Dec-25,PSO Sialkot Lytton Road Pump,PSO,Sialkot,Punjab,Hi-Octane (97 Ron),309.77,50.65,15689.85,Debit Card,Corporate
TXN-20252246,2025-04-01,Hascol Lahore Ferozepur Road Pump,Hascol,Lahore,Punjab,High Speed Diesel,289.09,56.13,16226.62,cash,Individual
TXN-20252247,2025-04-23,Total Parco Faisalabad Thokar Niaz Baig Station,Total Parco,Faisalabad,Punjab,Hi-Octane (97 Ron),308.9,63.41,19587.35,credit card,Corporate Fleet
TXN-20252248,2025-02-11,Hascol Lahore Hayatabad Filling Station,Hascol,Lahore,Punjab,Super (92 Ron),288.51,,,EasyPaisa,Government
TXN-20252249,2025-08-14,Attock Petroleum Rawalpindi Khyber Pass Pump,Attock Petroleum,Rawalpindi,Punjab,CNG,211.86,93.92,19897.89,EasyPaisa,Corporate
TXN-20252250,23/05/2025,PSO Faisalabad GT Road Service,PSO,Faisalabad,Punjab,CNG,202.29,141.49,28622.01,JazzCash,Corporate Fleet
TXN-20252251,2025-02-23,Attock Petroleum Lahore Industrial Area Pump,Attock Petroleum,Lahore,Punjab,CNG,215.92,44.83,9679.69,JazzCash,Corporate Fleet
TXN-20252252,18/01/2025,Total Parco Rawalpindi Shahrah-e-Faisal Point,Total Parco,Rawalpindi,Punjab,High Speed Diesel,271.75,109.29,29699.56,Cash,Corporate Fleet
TXN-20252253,2026-06-10,Hascol Quetta Ferozepur Road Pump,Hascol,Quetta,Balochistan,CNG,207.94,102.94,21405.34,cash,Government
TXN-20252254,2025-05-05,Total Parco Multan G-11 Markaz Station,Total Parco,Multan,Punjab,CNG,204.13,52.39,10694.37,Fleet Card,Corporate
TXN-20252255,2026-03-06,Hascol Quetta Super Highway Station,Hascol,Quetta,Balochistan,High Speed Diesel,299.83,42.72,12808.74,Mobile Wallet,Agriculture
TXN-20252256,2025-12-18,PSO Islamabad Cantt Filling Point,PSO,Islamabad,Islamabad ICT,CNG,201.05,64.85,13038.09,JazzCash,Corporate Fleet
TXN-20252257,19/06/2025,Shell Sialkot University Road Pump,Shell,Sialkot,Punjab,Super (92 Ron),284.49,48.99,13937.17,Cash,Government
TXN-20252258,07/03/2025,Hascol Islamabad Ferozepur Road Pump,Hascol,Islamabad,Islamabad ICT,High Speed Diesel,276.44,92.7,25625.99,credit card,Agriculture
TXN-20252259,2025-10-10,Attock Petroleum Multan Khyber Pass Pump,Attock Petroleum,Multan,Punjab,Hi-Octane (97 Ron),299.91,93.25,27966.61,Debit Card,Individual
TXN-20252260,2026-04-13,PSO Sialkot Cantt Filling Point,PSO,Sialkot,Punjab,CNG,200.18,72.0,14412.96,JazzCash,Agriculture
TXN-20252261,2025-03-26,Cnergyico Islamabad Murree Road Station,Cnergyico,Islamabad,Islamabad ICT,Hi-Octane (97 Ron),313.39,53.68,16822.78,Credit Card,Agriculture
TXN-20252262,28/06/2026,Cnergyico Rawalpindi Murree Road Station,Cnergyico,Rawalpindi,Punjab,Super (92 Ron),273.25,4523.46,1236035.45,CASH,Government
TXN-20252263,2026-08-24,Shell Sialkot University Road Pump,Shell,Sialkot,Punjab,Super (92 Ron),288.17,92.14,26551.98,Debit Card,Government
TXN-20252264,2025-02-26,Shell Quetta F-7 Markaz Pump,Shell,Quetta,Balochistan,CNG,203.47,93.5,19024.44,Credit Card,Individual
TXN-20252265,2026-05-15,Attock Petroleum Peshawar Khyber Pass Pump,Attock Petroleum,Peshawar,KPK,Super (92 Ron),268.85,125.97,33867.03,CASH,Government
TXN-20252266,2026-08-17,PSO Karachi Blue Area Station,PSO,Karachi,Sindh,Hi-Octane (97 Ron),328.52,134.8,44284.5,JazzCash,Corporate Fleet
TXN-20252267,2026-02-23,Attock Petroleum Multan Saddar Filling Station,Attock Petroleum,Multan,Punjab,Hi-Octane (97 Ron),310.05,121.09,37543.95,Cash,Corporate
TXN-20252268,2026-06-30,Hascol Islamabad Super Highway Station,Hascol,Islamabad,Islamabad ICT,High Speed Diesel,283.11,65.8,18628.64,cash,individual
TXN-20252269,27-Apr-26,Shell Faisalabad Karsaz Service Station,Shell,Faisalabad,Punjab,CNG,206.96,115.05,23810.75,Cash,Agriculture
TXN-20252270,2026-04-11,Shell Karachi Karsaz Service Station,Shell,Karachi,Sindh,High Speed Diesel,278.98,42.79,11937.55,JazzCash,individual
TXN-20252271,20/02/2025,Attock Petroleum Quetta Khyber Pass Pump,Attock Petroleum,Quetta,Balochistan,Super (92 Ron),276.07,78.74,21737.75,Fleet Card,Corporate
TXN-20252272,2026-05-12,Hascol Sialkot Ferozepur Road Pump,Hascol,Sialkot,Punjab,High Speed Diesel,304.98,91.9,28027.66,Cash,individual
TXN-20252273,2026-03-25,Shell Lahore Karsaz Service Station,Shell,Lahore,Punjab,CNG,213.44,65.65,14012.34,CASH,Government
TXN-20252274,2025-04-14,Shell Lahore F-7 Markaz Pump,Shell,Lahore,Punjab,High Speed Diesel,304.24,72.38,22020.89,JazzCash,Corporate
TXN-20252275,2025-02-27,PSO Sialkot Blue Area Station,PSO,Sialkot,Punjab,Hi-Octane (97 Ron),319.19,1749.17,558317.57,credit card,Agriculture
TXN-20252276,2026-07-21,Hascol Multan Super Highway Station,Hascol,Multan,Punjab,CNG,210.3,11.64,2447.89,Credit Card,Government
TXN-20252277,2025-01-06,Shell Lahore Mall Road Station,Shell,Lahore,Punjab,High Speed Diesel,278.0,3091.43,859417.54,CASH,Corporate
TXN-20252278,2025-11-19,Hascol Sialkot Hayatabad Filling Station,Hascol,Sialkot,Punjab,Hi-Octane (97 Ron),327.1,141.64,46330.44,JazzCash,Corporate Fleet
TXN-20252279,2026-06-15,Total Parco Faisalabad Thokar Niaz Baig Station,Total Parco,Faisalabad,Punjab,Super (92 Ron),281.08,93.54,26292.22,EasyPaisa,Individual
TXN-20252280,2025-09-01,Hascol Faisalabad Super Highway Station,Hascol,Faisalabad,Punjab,Super (92 Ron),276.94,31.09,8610.06,Fleet Card,Corporate Fleet
TXN-20252281,2026-08-01,Cnergyico Karachi Hub River Road Pump,Cnergyico,Karachi,Sindh,CNG,219.22,81.38,17840.12,CASH,Corporate Fleet
TXN-20252282,2026-05-22,PSO Multan Clifton Service Station,PSO,Multan,Punjab,Hi-Octane (97 Ron),308.11,53.68,16539.34,Debit Card,Individual
TXN-20252283,06-Aug-26,Cnergyico Lahore Murree Road Station,Cnergyico,Lahore,Punjab,Super (92 Ron),268.17,15.93,4271.95,Credit Card,Agriculture
TXN-20252284,13-Feb-26,PSO Peshawar Cantt Filling Point,PSO,Peshawar,KPK,CNG,200.25,30.61,6129.65,Mobile Wallet,individual
TXN-20252285,2026-06-30,PSO Quetta Blue Area Station,PSO,Quetta,Balochistan,Hi-Octane (97 Ron),-99.0,38.77,-3838.23,EasyPaisa,Corporate Fleet
TXN-20252286,2026-02-16,Attock Petroleum Karachi Industrial Area Pump,Attock Petroleum,Karachi,Sindh,Super (92 Ron),264.53,148.24,39213.93,Credit Card,individual
TXN-20252287,2025-11-01,Cnergyico Islamabad Murree Road Station,Cnergyico,Islamabad,Islamabad ICT,CNG,205.36,127.47,26177.24,credit card,Agriculture
TXN-20252288,2025-08-21,Total Parco Multan Jail Road Petrol Pump,Total Parco,Multan,Punjab,High Speed Diesel,270.5,37.14,10046.37,Mobile Wallet,Corporate Fleet
TXN-20252289,2025-03-28,Hascol Sialkot Hayatabad Filling Station,Hascol,Sialkot,Punjab,Super (92 Ron),267.93,15.21,4075.22,,Individual
TXN-20252290,2025-02-20,Total Parco Sialkot G-11 Markaz Station,Total Parco,Sialkot,Punjab,High Speed Diesel,286.84,3868.39,1109608.99,EasyPaisa,individual
TXN-20252291,2026-07-12,Hascol Faisalabad Hayatabad Filling Station,Hascol,Faisalabad,Punjab,Super (92 Ron),277.74,30.25,8401.64,cash,Agriculture
TXN-20252292,2025-12-14,Total Parco Islamabad Jail Road Petrol Pump,Total Parco,Islamabad,Islamabad ICT,CNG,212.49,120.96,25702.79,EasyPaisa,Government
TXN-20252293,2025-04-12,Shell Quetta Karsaz Service Station,Shell,Quetta,Balochistan,Hi-Octane (97 Ron),305.13,110.25,33640.58,Debit Card,Corporate Fleet
TXN-20252294,29-Oct-25,Hascol Islamabad Super Highway Station,Hascol,Islamabad,Islamabad ICT,Super (92 Ron),260.86,6.26,1632.98,Cash,Individual
TXN-20252295,2026-01-23,Hascol Sialkot Hayatabad Filling Station,Hascol,Sialkot,Punjab,Super (92 Ron),-99.0,73.35,-7261.65,Cash,individual
TXN-20252296,2025-07-04,Shell Lahore Gulberg Station,Shell,Lahore,Punjab,Super (92 Ron),261.03,83.03,21673.32,Fleet Card,Agriculture
TXN-20252297,05-May-25,PSO Peshawar Clifton Service Station,PSO,Peshawar,KPK,Super (92 Ron),274.26,29.59,8115.35,Debit Card,individual
TXN-20252298,2025-11-03,Shell Quetta Mall Road Station,Shell,Quetta,Balochistan,Hi-Octane (97 Ron),301.39,95.88,28897.27,EasyPaisa,Government
TXN-20252299,2026-08-21,PSO Faisalabad Defence Filling Point,PSO,Faisalabad,Punjab,Hi-Octane (97 Ron),307.27,31.6,9709.73,Fleet Card,individual
TXN-20252300,2026-02-17,Total Parco Lahore Thokar Niaz Baig Station,Total Parco,Lahore,Punjab,High Speed Diesel,290.11,147.93,42915.97,Credit Card,Corporate Fleet
TXN-20252301,2025-10-16,PSO Sialkot Cantt Filling Point,PSO,Sialkot,Punjab,Hi-Octane (97 Ron),309.5,36.13,11182.24,EasyPaisa,Corporate
TXN-20252302,2026-02-28,Total Parco Lahore Thokar Niaz Baig Station,Total Parco,Lahore,Punjab,Super (92 Ron),268.21,119.51,32053.78,Debit Card,Government
TXN-20252303,29/05/2025,Cnergyico Peshawar Multan Road Filling Point,Cnergyico,Peshawar,KPK,CNG,214.38,102.16,21901.06,cash,Individual
TXN-20252304,2025-08-25,PSO Peshawar GT Road Service,PSO,Peshawar,KPK,CNG,215.96,99.21,21425.39,CASH,Corporate
TXN-20252305,2026-03-06,Total Parco Quetta Jail Road Petrol Pump,Total Parco,Quetta,Balochistan,High Speed Diesel,296.94,16.3,,EasyPaisa,individual
TXN-20252306,14-May-25,Shell Multan F-7 Markaz Pump,Shell,Multan,Punjab,Super (92 Ron),272.44,25.8,7028.95,credit card,Corporate
TXN-20252307,2025-09-03,PSO Faisalabad Defence Filling Point,PSO,Faisalabad,Punjab,Super (92 Ron),278.99,93.66,26130.2,cash,Government
TXN-20252308,12/10/2025,Attock Petroleum Sialkot Industrial Area Pump,Attock Petroleum,Sialkot,Punjab,CNG,211.29,101.34,21412.13,Fleet Card,Agriculture
TXN-20252309,2025-03-20,PSO Rawalpindi Blue Area Station,PSO,Rawalpindi,Punjab,Super (92 Ron),274.38,9.63,2642.28,CASH,Corporate Fleet
TXN-20252310,2026-01-09,Hascol Islamabad Hayatabad Filling Station,Hascol,Islamabad,Islamabad ICT,Super (92 Ron),282.89,39.19,11086.46,Credit Card,individual
TXN-20252311,2025-06-10,Total Parco Karachi Thokar Niaz Baig Station,Total Parco,Karachi,Sindh,CNG,219.11,34.09,7469.46,EasyPaisa,Agriculture
TXN-20252312,2026-01-19,Hascol Islamabad Ferozepur Road Pump,Hascol,Islamabad,Islamabad ICT,CNG,210.91,135.17,28508.7,Fleet Card,Agriculture
TXN-20252313,2025-04-11,Cnergyico Karachi Murree Road Station,Cnergyico,Karachi,Sindh,High Speed Diesel,298.12,38.53,11486.56,cash,Individual
TXN-20252314,2025-03-05,Hascol Multan Super Highway Station,Hascol,Multan,Punjab,High Speed Diesel,277.18,96.92,26864.29,Cash,Corporate Fleet
TXN-20252315,2026-07-18,Cnergyico Faisalabad Multan Road Filling Point,Cnergyico,Faisalabad,Punjab,High Speed Diesel,286.04,141.29,40414.59,Credit Card,Agriculture
TXN-20252316,2026-06-19,PSO Multan Clifton Service Station,PSO,Multan,Punjab,Super (92 Ron),277.87,63.67,17691.98,EasyPaisa,Corporate
TXN-20252317,2026-08-14,Total Parco Karachi Jail Road Petrol Pump,Total Parco,Karachi,Sindh,High Speed Diesel,271.03,19.25,5217.33,Fleet Card,Agriculture
TXN-20252318,24/03/2026,Attock Petroleum Sialkot Motorway Service Area,Attock Petroleum,Sialkot,Punjab,Super (92 Ron),275.73,10.92,3010.97,Credit Card,Individual
TXN-20252319,2026-02-05,PSO Multan Cantt Filling Point,PSO,Multan,Punjab,CNG,209.27,130.24,27255.32,Cash,Individual
TXN-20252320,2026-04-15,PSO Faisalabad Cantt Filling Point,PSO,Faisalabad,Punjab,Hi-Octane (97 Ron),328.8,50.78,16696.46,Debit Card,Government
TXN-20252321,2026-05-15,Attock Petroleum Karachi Saddar Filling Station,Attock Petroleum,Karachi,Sindh,Hi-Octane (97 Ron),297.32,149.77,44529.62,JazzCash,Agriculture
TXN-20252322,2026-06-22,Cnergyico Lahore Multan Road Filling Point,Cnergyico,Lahore,Punjab,CNG,215.8,8.99,1940.04,Fleet Card,Corporate Fleet
TXN-20252322,2026-06-22,Cnergyico Lahore Multan Road Filling Point,Cnergyico,Lahore,Punjab,CNG,215.8,8.99,1940.04,Fleet Card,Corporate Fleet
TXN-20252323,18-Feb-26,Total Parco Rawalpindi Jail Road Petrol Pump,Total Parco,Rawalpindi,Punjab,High Speed Diesel,284.15,61.71,17534.9,JazzCash,Corporate Fleet
TXN-20252324,2025-03-10,Total Parco Islamabad Thokar Niaz Baig Station,Total Parco,Islamabad,Islamabad ICT,Hi-Octane (97 Ron),312.33,53.48,16703.41,cash,Individual
TXN-20252325,2025-09-03,Shell Rawalpindi F-7 Markaz Pump,Shell,Rawalpindi,Punjab,Hi-Octane (97 Ron),310.35,45.3,14058.85,JazzCash,Agriculture
TXN-20252326,2025-12-10,PSO Multan Clifton Service Station,PSO,Multan,Punjab,Super (92 Ron),260.31,17.14,4461.71,Fleet Card,Corporate
TXN-20252327,06-Jul-25,Attock Petroleum Rawalpindi Saddar Filling Station,Attock Petroleum,Rawalpindi,Punjab,Hi-Octane (97 Ron),324.61,88.04,28578.66,JazzCash,Corporate Fleet
TXN-20252328,2025-04-03,Hascol Quetta Super Highway Station,Hascol,Quetta,Balochistan,Super (92 Ron),264.37,10.3,2723.01,credit card,Individual
TXN-20252329,2026-03-27,Cnergyico Lahore Hub River Road Pump,Cnergyico,Lahore,Punjab,High Speed Diesel,277.83,75.41,20951.16,Debit Card,individual
TXN-20252330,2026-03-24,Shell Peshawar Gulberg Station,Shell,Peshawar,KPK,CNG,214.58,60.78,13042.17,Debit Card,Corporate
TXN-20252331,2025-12-18,Attock Petroleum Lahore Industrial Area Pump,Attock Petroleum,Lahore,Punjab,CNG,203.27,123.54,25111.98,Cash,Government
TXN-20252332,20-Mar-25,Hascol Sialkot Hayatabad Filling Station,Hascol,Sialkot,Punjab,Hi-Octane (97 Ron),303.28,149.79,45428.31,Credit Card,Corporate Fleet
TXN-20252333,2025-10-11,Shell Lahore F-7 Markaz Pump,Shell,Lahore,Punjab,CNG,208.37,137.93,28740.47,JazzCash,Individual
TXN-20252334,2026-01-09,Total Parco Islamabad Thokar Niaz Baig Station,Total Parco,Islamabad,Islamabad ICT,High Speed Diesel,299.55,,,Debit Card,Individual
TXN-20252334,2026-01-09,Total Parco Islamabad Thokar Niaz Baig Station,Total Parco,Islamabad,Islamabad ICT,High Speed Diesel,299.55,,,Debit Card,Individual
TXN-20252335,2026-01-09,Cnergyico Karachi Hub River Road Pump,Cnergyico,Karachi,Sindh,CNG,205.36,103.22,21197.26,credit card,individual
TXN-20252336,18-May-26,PSO Lahore Cantt Filling Point,PSO,Lahore,Punjab,CNG,213.4,65.44,13964.9,Mobile Wallet,Individual
TXN-20252337,2026-06-30,Cnergyico Peshawar Multan Road Filling Point,Cnergyico,Peshawar,KPK,High Speed Diesel,288.09,62.29,17945.13,Mobile Wallet,individual
TXN-20252338,2026-04-28,Cnergyico Faisalabad Murree Road Station,Cnergyico,Faisalabad,Punjab,CNG,202.58,131.66,26671.68,EasyPaisa,Government
TXN-20252339,2026-06-22,Cnergyico Sialkot Murree Road Station,Cnergyico,Sialkot,Punjab,Super (92 Ron),276.83,110.87,30692.14,Debit Card,Corporate
TXN-20252340,2026-02-22,Cnergyico Peshawar Murree Road Station,Cnergyico,Peshawar,KPK,Hi-Octane (97 Ron),319.15,4590.71,1465125.1,Mobile Wallet,Individual
TXN-20252341,2025-09-28,Cnergyico Quetta Hub River Road Pump,Cnergyico,Quetta,Balochistan,Super (92 Ron),273.11,11.45,3127.11,Fleet Card,Corporate
TXN-20252341,2025-09-28,Cnergyico Quetta Hub River Road Pump,Cnergyico,Quetta,Balochistan,Super (92 Ron),273.11,11.45,3127.11,Fleet Card,Corporate
TXN-20252342,2025-12-17,Attock Petroleum Sialkot Khyber Pass Pump,Attock Petroleum,Sialkot,Punjab,High Speed Diesel,291.41,148.32,43221.93,Credit Card,Corporate Fleet
TXN-20252343,2026-01-06,Attock Petroleum Rawalpindi Khyber Pass Pump,Attock Petroleum,Rawalpindi,Punjab,CNG,217.15,134.69,29247.93,EasyPaisa,Corporate
TXN-20252344,2025-06-25,PSO Karachi Cantt Filling Point,PSO,Karachi,Sindh,Hi-Octane (97 Ron),300.28,27.16,9786.73,cash,individual
TXN-20252345,28/07/2025,PSO Islamabad Blue Area Station,PSO,Islamabad,Islamabad ICT,High Speed Diesel,293.58,50.17,14728.91,Mobile Wallet,individual
TXN-20252346,2025-05-28,Attock Petroleum Lahore Saddar Filling Station,Attock Petroleum,Lahore,Punjab,Hi-Octane (97 Ron),320.03,33.47,,credit card,Corporate Fleet
TXN-20252347,2026-01-14,Hascol Peshawar Hayatabad Filling Station,Hascol,Peshawar,KPK,CNG,215.78,24.97,5388.03,JazzCash,Corporate
TXN-20252348,2025-09-26,Attock Petroleum Karachi Motorway Service Area,Attock Petroleum,Karachi,Sindh,Hi-Octane (97 Ron),308.15,14.74,4542.13,Credit Card,Agriculture
TXN-20252349,06-Jul-26,Cnergyico Islamabad Multan Road Filling Point,Cnergyico,Islamabad,Islamabad ICT,High Speed Diesel,277.9,76.29,21200.99,credit card,Individual
TXN-20252350,2025-10-11,Hascol Sialkot Hayatabad Filling Station,Hascol,Sialkot,Punjab,Super (92 Ron),274.54,80.01,21965.95,cash,Individual
TXN-20252351,2026-02-06,Total Parco Faisalabad Shahrah-e-Faisal Point,Total Parco,Faisalabad,Punjab,Hi-Octane (97 Ron),313.93,144.35,45315.8,EasyPaisa,Corporate
TXN-20252352,2025-09-28,Shell Quetta Mall Road Station,Shell,Quetta,Balochistan,CNG,212.88,113.64,24191.68,Credit Card,Corporate
TXN-20252353,2026-04-05,Cnergyico Multan Hub River Road Pump,Cnergyico,Multan,Punjab,CNG,207.29,83.96,17404.07,Cash,individual
TXN-20252354,2025-01-09,PSO Quetta Clifton Service Station,PSO,Quetta,Balochistan,Super (92 Ron),278.69,135.38,37729.05,EasyPaisa,Corporate
TXN-20252355,2025-10-04,Total Parco Rawalpindi G-11 Markaz Station,Total Parco,Rawalpindi,Punjab,Super (92 Ron),270.55,112.23,30363.83,credit card,Individual
TXN-20252356,2025-06-06,Total Parco Multan Jail Road Petrol Pump,Total Parco,Multan,Punjab,CNG,219.07,81.31,17812.58,Mobile Wallet,Corporate Fleet
TXN-20252357,2026-07-13,PSO Sialkot Defence Filling Point,PSO,Sialkot,Punjab,High Speed Diesel,277.47,78.79,21861.86,Cash,Agriculture
TXN-20252358,22-Jul-25,Hascol Rawalpindi Super Highway Station,Hascol,Rawalpindi,Punjab,CNG,202.85,63.81,12943.86,CASH,Agriculture
TXN-20252359,2025-02-18,Attock Petroleum Quetta Khyber Pass Pump,Attock Petroleum,Quetta,Balochistan,High Speed Diesel,293.19,71.66,21010.0,credit card,individual
TXN-20252360,2025-10-31,Shell Multan F-7 Markaz Pump,Shell,Multan,Punjab,Hi-Octane (97 Ron),302.87,63.56,19250.42,credit card,Corporate
TXN-20252361,2025-03-06,Total Parco Rawalpindi G-11 Markaz Station,Total Parco,Rawalpindi,Punjab,Hi-Octane (97 Ron),9999.0,6.88,68793.12,JazzCash,Corporate Fleet
TXN-20252362,2025-03-26,Total Parco Rawalpindi Shahrah-e-Faisal Point,Total Parco,Rawalpindi,Punjab,Super (92 Ron),261.33,53.98,14106.59,JazzCash,Individual
TXN-20252363,2025-09-29,Hascol Multan Hayatabad Filling Station,Hascol,Multan,Punjab,Super (92 Ron),285.69,65.74,18781.26,Mobile Wallet,Government
TXN-20252364,04/09/2025,Total Parco Rawalpindi Jail Road Petrol Pump,Total Parco,Rawalpindi,Punjab,CNG,219.04,49.88,10925.72,Mobile Wallet,Individual
TXN-20252365,2025-01-10,Hascol Multan Super Highway Station,Hascol,Multan,Punjab,Super (92 Ron),270.1,,,cash,Agriculture
TXN-20252366,2025-02-14,Cnergyico Rawalpindi Multan Road Filling Point,Cnergyico,Rawalpindi,Punjab,Hi-Octane (97 Ron),315.14,72.42,22822.44,credit card,individual
TXN-20252367,25/07/2025,Attock Petroleum Quetta Industrial Area Pump,Attock Petroleum,Quetta,Balochistan,Super (92 Ron),265.4,80.16,25529.36,EasyPaisa,Individual
TXN-20252368,2025-05-12,Attock Petroleum Quetta Khyber Pass Pump,Attock Petroleum,Quetta,Balochistan,Super (92 Ron),272.95,72.26,19723.37,Debit Card,Corporate
TXN-20252369,01-Jul-25,Attock Petroleum Multan Khyber Pass Pump,Attock Petroleum,Multan,Punjab,Super (92 Ron),275.92,63.75,17589.9,Fleet Card,Government
TXN-20252370,2025-06-19,Total Parco Karachi Thokar Niaz Baig Station,Total Parco,Karachi,Sindh,CNG,210.63,50.57,10651.56,Mobile Wallet,Individual
TXN-20252371,2025-09-15,Total Parco Sialkot Jail Road Petrol Pump,Total Parco,Sialkot,Punjab,High Speed Diesel,296.45,49.08,14549.77,cash,Individual
TXN-20252372,2025-11-12,Attock Petroleum Lahore Industrial Area Pump,Attock Petroleum,Lahore,Punjab,High Speed Diesel,279.28,146.7,,Cash,Government
TXN-20252373,2026-01-20,PSO Peshawar Lytton Road Pump,PSO,Peshawar,KPK,High Speed Diesel,271.07,,,Fleet Card,Individual
TXN-20252374,2025-02-21,Shell Sialkot University Road Pump,Shell,Sialkot,Punjab,Super (92 Ron),273.87,124.73,34159.81,Fleet Card,Corporate Fleet
TXN-20252375,2025-02-05,Hascol Quetta Super Highway Station,Hascol,Quetta,Balochistan,High Speed Diesel,278.1,124.98,34756.94,Debit Card,Government
TXN-20252376,2026-07-16,Total Parco Karachi Thokar Niaz Baig Station,Total Parco,Karachi,Sindh,High Speed Diesel,278.04,5947.96,1653770.8,cash,Agriculture
TXN-20252377,2025-04-16,Shell Multan Gulberg Station,Shell,Multan,Punjab,CNG,207.11,126.32,26162.14,JazzCash,Agriculture
TXN-20252378,17-Aug-26,PSO Sialkot Defence Filling Point,PSO,Sialkot,Punjab,CNG,200.74,122.22,24534.44,Fleet Card,individual
TXN-20252379,2026-02-26,Attock Petroleum Islamabad Motorway Service Area,Attock Petroleum,Islamabad,Islamabad ICT,Hi-Octane (97 Ron),321.38,7411.59,2381936.79,Credit Card,individual
TXN-20252380,2025-03-02,Total Parco Peshawar Thokar Niaz Baig Station,Total Parco,Peshawar,KPK,Super (92 Ron),284.96,115.15,32813.14,Mobile Wallet,Government
TXN-20252381,2025-09-30,Cnergyico Rawalpindi Hub River Road Pump,Cnergyico,Rawalpindi,Punjab,CNG,219.08,113.05,24766.99,credit card,Agriculture
TXN-20252382,2025-11-30,PSO Peshawar Defence Filling Point,PSO,Peshawar,KPK,High Speed Diesel,301.5,37.0,11155.5,Mobile Wallet,Government
TXN-20252383,2025-07-19,Total Parco Islamabad Jail Road Petrol Pump,Total Parco,Islamabad,Islamabad ICT,Hi-Octane (97 Ron),328.19,57.89,18998.92,Cash,Government
TXN-20252384,2026-06-15,Total Parco Rawalpindi Jail Road Petrol Pump,Total Parco,Rawalpindi,Punjab,Super (92 Ron),279.51,,,Mobile Wallet,Corporate
TXN-20252385,2025-08-03,Hascol Lahore Hayatabad Filling Station,Hascol,Lahore,Punjab,Hi-Octane (97 Ron),320.84,134.58,43178.65,CASH,Corporate
TXN-20252386,2025-10-22,PSO Karachi Lytton Road Pump,PSO,Karachi,Sindh,CNG,207.36,97.74,20267.37,Debit Card,Corporate
TXN-20252387,2026-06-11,Cnergyico Rawalpindi Multan Road Filling Point,Cnergyico,Rawalpindi,Punjab,Hi-Octane (97 Ron),317.27,98.03,31101.98,CASH,Government
TXN-20252388,2026-08-29,Hascol Lahore Hayatabad Filling Station,Hascol,Lahore,Punjab,CNG,208.32,145.68,30348.06,,Agriculture
TXN-20252389,2025-05-01,Total Parco Rawalpindi Jail Road Petrol Pump,Total Parco,Rawalpindi,Punjab,CNG,203.15,3979.05,808344.01,cash,Corporate Fleet
TXN-20252390,2026-02-14,Shell Karachi F-7 Markaz Pump,Shell,Karachi,Sindh,Super (92 Ron),9999.0,4524.21,45237575.79,credit card,Individual
TXN-20252391,2025-07-11,PSO Rawalpindi Defence Filling Point,PSO,Rawalpindi,Punjab,CNG,214.11,71.02,15206.09,Credit Card,individual
TXN-20252392,2026-01-20,Shell Faisalabad University Road Pump,Shell,Faisalabad,Punjab,Super (92 Ron),264.12,14.14,3734.66,CASH,Government
TXN-20252393,2025-03-21,Cnergyico Lahore Multan Road Filling Point,Cnergyico,Lahore,Punjab,High Speed Diesel,288.21,11966.0,3448720.86,CASH,Individual
TXN-20252394,2025-02-24,Hascol Faisalabad Hayatabad Filling Station,Hascol,Faisalabad,Punjab,Hi-Octane (97 Ron),299.13,43.94,13143.77,Fleet Card,Corporate Fleet
TXN-20252395,2025-04-16,Total Parco Rawalpindi G-11 Markaz Station,Total Parco,Rawalpindi,Punjab,Super (92 Ron),285.48,125.62,35862.0,JazzCash,Government
TXN-20252396,05-Jun-25,PSO Sialkot Clifton Service Station,PSO,Sialkot,Punjab,High Speed Diesel,293.51,114.54,33618.64,Cash,Agriculture
TXN-20252397,2026-07-27,Attock Petroleum Multan Saddar Filling Station,Attock Petroleum,Multan,Punjab,Hi-Octane (97 Ron),327.17,78.68,25741.74,credit card,Agriculture
TXN-20252398,2026-03-27,Shell Quetta Gulberg Station,Shell,Quetta,Balochistan,Hi-Octane (97 Ron),298.99,103.63,30984.33,JazzCash,Corporate Fleet
TXN-20252399,2026-03-10,Cnergyico Rawalpindi Multan Road Filling Point,Cnergyico,Rawalpindi,Punjab,Super (92 Ron),267.5,148.96,39846.8,Fleet Card,individual
TXN-20252400,2025-06-23,Total Parco Multan Jail Road Petrol Pump,Total Parco,Multan,Punjab,Hi-Octane (97 Ron),325.5,17.4,5663.7,Cash,Corporate
TXN-20252401,2026-02-15,Shell Quetta Karsaz Service Station,Shell,Quetta,Balochistan,Hi-Octane (97 Ron),305.86,16.75,5123.16,CASH,Government
TXN-20252402,2026-04-11,Hascol Multan Hayatabad Filling Station,Hascol,Multan,Punjab,CNG,218.01,90.44,19716.82,Cash,Agriculture
TXN-20252403,2026-05-09,Cnergyico Karachi Hub River Road Pump,Cnergyico,Karachi,Sindh,High Speed Diesel,270.92,13.24,3586.98,JazzCash,Government
TXN-20252404,2025-07-26,Total Parco Lahore Jail Road Petrol Pump,Total Parco,Lahore,Punjab,High Speed Diesel,298.3,45.08,13447.36,Fleet Card,Agriculture
TXN-20252405,2025-12-12,Shell Multan University Road Pump,Shell,Multan,Punjab,CNG,9999.0,126.26,1262473.74,Fleet Card,Corporate Fleet
TXN-20252406,2025-10-26,Shell Lahore Gulberg Station,Shell,Lahore,Punjab,Super (92 Ron),270.04,87.13,23528.59,Fleet Card,
TXN-20252407,19-Jan-25,Total Parco Lahore Jail Road Petrol Pump,Total Parco,Lahore,Punjab,CNG,208.11,148.68,30941.79,Cash,Corporate
TXN-20252408,14-Aug-26,Hascol Multan Ferozepur Road Pump,Hascol,Multan,Punjab,CNG,212.77,53.42,11366.17,credit card,Corporate
TXN-20252409,2026-03-28,Shell Sialkot University Road Pump,Shell,Sialkot,Punjab,Super (92 Ron),269.32,87.01,23433.53,EasyPaisa,Agriculture
TXN-20252410,2025-01-05,PSO Multan Blue Area Station,PSO,Multan,Punjab,CNG,213.44,64.22,13707.12,Cash,Agriculture
TXN-20252411,2025-11-25,Attock Petroleum Quetta Industrial Area Pump,Attock Petroleum,Quetta,Balochistan,Super (92 Ron),281.38,83.93,23616.22,EasyPaisa,individual
TXN-20252412,2025-05-18,Total Parco Lahore Thokar Niaz Baig Station,Total Parco,Lahore,Punjab,High Speed Diesel,291.91,88.21,25749.38,,Individual
TXN-20252413,2025-05-31,Hascol Multan Hayatabad Filling Station,Hascol,Multan,Punjab,CNG,206.43,80.42,16601.1,Credit Card,individual
TXN-20252414,2026-05-06,Total Parco Karachi Jail Road Petrol Pump,Total Parco,Karachi,Sindh,Hi-Octane (97 Ron),311.1,101.37,31536.21,Fleet Card,individual
TXN-20252415,2025-08-12,Attock Petroleum Lahore Industrial Area Pump,Attock Petroleum,Lahore,Punjab,CNG,208.08,5.97,1242.24,credit card,Government
TXN-20252416,2025-04-30,Total Parco Islamabad Thokar Niaz Baig Station,Total Parco,Islamabad,Islamabad ICT,Super (92 Ron),275.53,141.46,38976.47,JazzCash,Government
TXN-20252417,2025-04-09,Cnergyico Islamabad Hub River Road Pump,Cnergyico,Islamabad,Islamabad ICT,Hi-Octane (97 Ron),310.05,82.02,25430.3,Mobile Wallet,Corporate
TXN-20252418,2026-03-01,Cnergyico Sialkot Murree Road Station,Cnergyico,Sialkot,Punjab,CNG,206.86,145.88,30176.74,Cash,Government
TXN-20252419,12/09/2025,Hascol Faisalabad Hayatabad Filling Station,Hascol,Faisalabad,Punjab,Super (92 Ron),268.91,146.55,39408.76,CASH,Corporate Fleet
TXN-20252420,2026-06-08,Shell Sialkot Gulberg Station,Shell,Sialkot,Punjab,Hi-Octane (97 Ron),315.21,29.71,9364.89,cash,Corporate Fleet
TXN-20252421,2025-11-14,Cnergyico Lahore Murree Road Station,Cnergyico,Lahore,Punjab,Super (92 Ron),271.9,5965.48,1622014.01,cash,Individual
TXN-20252422,2025-08-25,Shell Islamabad Gulberg Station,Shell,Islamabad,Islamabad ICT,Hi-Octane (97 Ron),320.4,71.63,22950.25,Debit Card,Individual
TXN-20252423,2025-12-22,Cnergyico Karachi Hub River Road Pump,Cnergyico,Karachi,Sindh,High Speed Diesel,285.25,7271.13,2074089.83,Fleet Card,Agriculture
TXN-20252424,2025-09-14,Total Parco Quetta Jail Road Petrol Pump,Total Parco,Quetta,Balochistan,CNG,209.47,51.36,10758.38,Credit Card,Individual
TXN-20252425,17-Jul-26,Total Parco Karachi Thokar Niaz Baig Station,Total Parco,Karachi,Sindh,Super (92 Ron),264.93,39.11,10361.41,Debit Card,Corporate Fleet
TXN-20252426,2025-12-04,Attock Petroleum Sialkot Khyber Pass Pump,Attock Petroleum,Sialkot,Punjab,Hi-Octane (97 Ron),296.85,117.79,34965.96,cash,Corporate
TXN-20252427,17-Dec-25,Shell Rawalpindi Gulberg Station,Shell,Rawalpindi,Punjab,Hi-Octane (97 Ron),313.99,121.73,38222.0,JazzCash,Government
TXN-20252428,13/02/2025,Hascol Faisalabad Hayatabad Filling Station,Hascol,Faisalabad,Punjab,CNG,,79.15,,credit card,Individual
TXN-20252429,2025-07-17,Hascol Islamabad Hayatabad Filling Station,Hascol,Islamabad,Islamabad ICT,High Speed Diesel,277.45,97.08,26934.85,EasyPaisa,Agriculture
TXN-20252430,2025-03-26,Shell Faisalabad F-7 Markaz Pump,Shell,Faisalabad,Punjab,CNG,210.34,12.35,2597.7,cash,Agriculture
TXN-20252431,2026-04-11,Cnergyico Multan Hub River Road Pump,Cnergyico,Multan,Punjab,Super (92 Ron),277.84,3671.7,1020145.13,credit card,Corporate
TXN-20252432,2026-06-16,Total Parco Islamabad G-11 Markaz Station,Total Parco,Islamabad,Islamabad ICT,Hi-Octane (97 Ron),314.88,135.25,42587.52,cash,Corporate
TXN-20252433,28-Oct-25,Attock Petroleum Lahore Saddar Filling Station,Attock Petroleum,Lahore,Punjab,CNG,218.1,52.52,11454.61,Cash,Corporate Fleet
TXN-20252434,2026-02-14,Hascol Multan Ferozepur Road Pump,Hascol,Multan,Punjab,Hi-Octane (97 Ron),296.85,78.9,23421.47,Debit Card,Individual
TXN-20252435,2025-02-28,PSO Quetta Lytton Road Pump,PSO,Quetta,Balochistan,Hi-Octane (97 Ron),329.29,149.66,49281.54,credit card,Agriculture
TXN-20252436,2025-04-30,Total Parco Multan Shahrah-e-Faisal Point,Total Parco,Multan,Punjab,Super (92 Ron),271.72,72.13,19599.16,JazzCash,individual
TXN-20252437,2025-01-20,Attock Petroleum Islamabad Industrial Area Pump,Attock Petroleum,Islamabad,Islamabad ICT,Hi-Octane (97 Ron),309.67,51.07,15814.85,Credit Card,Corporate
TXN-20252438,2025-12-10,Total Parco Rawalpindi Jail Road Petrol Pump,Total Parco,Rawalpindi,Punjab,Super (92 Ron),286.53,10213.51,2926477.02,credit card,Government
TXN-20252439,2026-05-07,Total Parco Quetta G-11 Markaz Station,Total Parco,Quetta,Balochistan,CNG,202.64,7367.02,1492852.93,cash,Agriculture
TXN-20252440,2025-08-18,Total Parco Multan Shahrah-e-Faisal Point,Total Parco,Multan,Punjab,Super (92 Ron),269.94,5.5,1484.67,JazzCash,individual
TXN-20252441,2026-03-07,Attock Petroleum Rawalpindi Saddar Filling Station,Attock Petroleum,Rawalpindi,Punjab,Super (92 Ron),260.51,66.87,17420.3,Mobile Wallet,Agriculture
TXN-20252442,2026-07-15,Attock Petroleum Faisalabad Khyber Pass Pump,Attock Petroleum,Faisalabad,Punjab,High Speed Diesel,287.67,40.84,11748.44,CASH,Corporate
TXN-20252443,2025-05-31,Shell Faisalabad F-7 Markaz Pump,Shell,Faisalabad,Punjab,Hi-Octane (97 Ron),312.32,140.36,43837.24,credit card,Corporate
TXN-20252444,2025-05-21,Attock Petroleum Quetta Khyber Pass Pump,Attock Petroleum,Quetta,Balochistan,Super (92 Ron),280.45,83.6,23445.62,cash,Individual
TXN-20252445,2025-10-14,Hascol Multan Ferozepur Road Pump,Hascol,Multan,Punjab,High Speed Diesel,291.12,7265.81,2115222.61,Mobile Wallet,Individual
TXN-20252446,2025-05-29,Cnergyico Sialkot Hub River Road Pump,Cnergyico,Sialkot,Punjab,Super (92 Ron),284.52,131.99,37553.79,Debit Card,Government
TXN-20252447,15/06/2026,Cnergyico Peshawar Multan Road Filling Point,Cnergyico,Peshawar,KPK,Hi-Octane (97 Ron),329.52,52.41,17270.14,EasyPaisa,Individual
TXN-20252448,2025-05-31,Cnergyico Karachi Murree Road Station,Cnergyico,Karachi,Sindh,Hi-Octane (97 Ron),309.13,135.27,41816.02,Cash,individual
TXN-20252449,2025-02-01,Hascol Multan Super Highway Station,Hascol,Multan,Punjab,Hi-Octane (97 Ron),314.0,133.24,41837.36,Debit Card,Government
TXN-20252450,2025-03-25,Attock Petroleum Peshawar Saddar Filling Station,Attock Petroleum,Peshawar,KPK,CNG,213.94,2978.15,637145.41,CASH,Corporate Fleet
TXN-20252451,2026-05-23,Cnergyico Islamabad Hub River Road Pump,Cnergyico,Islamabad,Islamabad ICT,CNG,203.91,6766.38,1379732.55,JazzCash,Agriculture
TXN-20252452,2026-07-31,Total Parco Quetta Thokar Niaz Baig Station,Total Parco,Quetta,Balochistan,Hi-Octane (97 Ron),313.99,27.89,8757.18,CASH,Individual
TXN-20252453,2025-03-09,Hascol Sialkot Super Highway Station,Hascol,Sialkot,Punjab,CNG,218.44,133.94,29257.85,Credit Card,Agriculture
TXN-20252454,2026-01-24,Total Parco Faisalabad Shahrah-e-Faisal Point,Total Parco,Faisalabad,Punjab,High Speed Diesel,281.14,148.12,41642.46,credit card,Agriculture
TXN-20252455,2026-03-22,Attock Petroleum Karachi Industrial Area Pump,Attock Petroleum,Karachi,Sindh,Hi-Octane (97 Ron),298.81,52.42,15663.62,Debit Card,Individual
TXN-20252456,2026-07-04,PSO Sialkot Cantt Filling Point,PSO,Sialkot,Punjab,High Speed Diesel,291.47,94.54,27555.57,Credit Card,Agriculture
TXN-20252457,2026-05-24,Attock Petroleum Peshawar Saddar Filling Station,Attock Petroleum,Peshawar,KPK,Super (92 Ron),288.27,107.13,30882.37,cash,Corporate Fleet
TXN-20252458,15/06/2026,Cnergyico Rawalpindi Hub River Road Pump,Cnergyico,Rawalpindi,Punjab,Hi-Octane (97 Ron),329.04,96.0,31587.84,Cash,Individual
TXN-20252459,24/08/2026,PSO Sialkot Blue Area Station,PSO,Sialkot,Punjab,High Speed Diesel,295.2,88.07,25998.26,,Corporate Fleet
TXN-20252460,2026-07-29,Hascol Quetta Ferozepur Road Pump,Hascol,Quetta,Balochistan,High Speed Diesel,302.89,6305.6,1909903.18,credit card,individual
TXN-20252461,2026-07-15,Attock Petroleum Sialkot Industrial Area Pump,Attock Petroleum,Sialkot,Punjab,High Speed Diesel,293.98,16.96,4985.9,credit card,individual
TXN-20252462,2025-09-26,Total Parco Rawalpindi Thokar Niaz Baig Station,Total Parco,Rawalpindi,Punjab,CNG,219.56,132.24,,Fleet Card,Corporate Fleet
TXN-20252463,2025-11-08,Attock Petroleum Quetta Industrial Area Pump,Attock Petroleum,Quetta,Balochistan,CNG,217.85,9145.35,1992314.5,,Corporate Fleet
TXN-20252464,09/02/2026,Hascol Lahore Hayatabad Filling Station,Hascol,Lahore,Punjab,CNG,205.42,43.74,8985.07,EasyPaisa,Corporate
TXN-20252465,2026-07-30,Cnergyico Sialkot Murree Road Station,Cnergyico,Sialkot,Punjab,High Speed Diesel,278.83,143.3,39956.34,Fleet Card,Corporate Fleet
TXN-20252466,29/08/2026,Attock Petroleum Karachi Motorway Service Area,Attock Petroleum,Karachi,Sindh,Hi-Octane (97 Ron),326.04,96.36,31417.21,JazzCash,individual
TXN-20252467,2025-06-03,Attock Petroleum Rawalpindi Motorway Service Area,Attock Petroleum,Rawalpindi,Punjab,CNG,201.96,,,Debit Card,Corporate
TXN-20252468,2025-06-17,Shell Multan Karsaz Service Station,Shell,Multan,Punjab,Hi-Octane (97 Ron),302.55,35.34,10692.12,EasyPaisa,Individual
TXN-20252469,2025-08-03,Hascol Peshawar Hayatabad Filling Station,Hascol,Peshawar,KPK,Hi-Octane (97 Ron),311.04,59.67,18559.76,JazzCash,Agriculture
TXN-20252470,2025-11-11,Cnergyico Islamabad Hub River Road Pump,Cnergyico,Islamabad,Islamabad ICT,High Speed Diesel,302.03,86.24,26047.07,Cash,Corporate Fleet
TXN-20252471,2025-04-19,Hascol Faisalabad Hayatabad Filling Station,Hascol,Faisalabad,Punjab,CNG,217.76,119.35,25989.66,Debit Card,individual
TXN-20252472,10-Apr-26,Hascol Islamabad Ferozepur Road Pump,Hascol,Islamabad,Islamabad ICT,Super (92 Ron),284.13,71.56,20332.34,credit card,Corporate Fleet
TXN-20252473,2026-07-07,Shell Rawalpindi Karsaz Service Station,Shell,Rawalpindi,Punjab,Hi-Octane (97 Ron),324.03,11266.61,3650719.64,CASH,Individual
TXN-20252474,07/05/2025,Hascol Karachi Super Highway Station,Hascol,Karachi,Sindh,CNG,200.98,102.72,20644.67,Debit Card,individual
TXN-20252475,2026-03-21,Attock Petroleum Sialkot Saddar Filling Station,Attock Petroleum,Sialkot,Punjab,Hi-Octane (97 Ron),308.48,59.23,18271.27,EasyPaisa,Agriculture
TXN-20252476,15-Mar-25,Attock Petroleum Rawalpindi Industrial Area Pump,Attock Petroleum,Rawalpindi,Punjab,CNG,202.8,86.21,17483.39,cash,Individual
TXN-20252477,2026-05-31,Total Parco Multan Shahrah-e-Faisal Point,Total Parco,Multan,Punjab,High Speed Diesel,284.8,17.41,4958.37,JazzCash,Agriculture
TXN-20252478,2025-11-07,Cnergyico Multan Multan Road Filling Point,Cnergyico,Multan,Punjab,Super (92 Ron),275.69,50.15,13825.85,Mobile Wallet,Government
TXN-20252479,2026-05-03,Total Parco Sialkot Thokar Niaz Baig Station,Total Parco,Sialkot,Punjab,High Speed Diesel,288.83,117.85,34038.62,Debit Card,Corporate
TXN-20252480,2025-06-19,Hascol Karachi Ferozepur Road Pump,Hascol,Karachi,Sindh,CNG,219.64,20.38,4476.26,Mobile Wallet,Corporate
TXN-20252481,2026-05-07,Attock Petroleum Quetta Industrial Area Pump,Attock Petroleum,Quetta,Balochistan,High Speed Diesel,276.67,123.79,34248.98,Mobile Wallet,Government
TXN-20252482,2025-11-29,Shell Multan Karsaz Service Station,Shell,Multan,Punjab,Hi-Octane (97 Ron),299.74,5875.82,1761218.29,credit card,Individual
TXN-20252483,2026-02-10,Attock Petroleum Faisalabad Saddar Filling Station,Attock Petroleum,Faisalabad,Punjab,CNG,204.9,2744.88,562425.91,EasyPaisa,Corporate Fleet
TXN-20252484,2025-08-22,Attock Petroleum Multan Khyber Pass Pump,Attock Petroleum,Multan,Punjab,Hi-Octane (97 Ron),304.87,13.87,4228.55,Debit Card,Corporate
TXN-20252485,2025-11-22,Attock Petroleum Peshawar Industrial Area Pump,Attock Petroleum,Peshawar,KPK,Super (92 Ron),288.25,72.76,20973.07,JazzCash,individual
TXN-20252486,2025-03-19,Hascol Faisalabad Hayatabad Filling Station,Hascol,Faisalabad,Punjab,High Speed Diesel,295.97,90.89,26900.71,cash,Agriculture
TXN-20252487,2025-08-03,Hascol Islamabad Ferozepur Road Pump,Hascol,Islamabad,Islamabad ICT,Super (92 Ron),284.85,68.16,19415.38,Fleet Card,Individual
TXN-20252488,2026-07-31,Shell Sialkot Karsaz Service Station,Shell,Sialkot,Punjab,Super (92 Ron),272.71,8.33,2271.67,EasyPaisa,Agriculture
TXN-20252489,2026-08-19,PSO Multan GT Road Service,PSO,Multan,Punjab,Hi-Octane (97 Ron),314.88,102.29,32209.08,Fleet Card,individual
TXN-20252490,05-Mar-26,Total Parco Peshawar G-11 Markaz Station,Total Parco,Peshawar,KPK,High Speed Diesel,291.05,139.78,40682.97,Fleet Card,Individual
TXN-20252491,2026-05-20,Total Parco Islamabad G-11 Markaz Station,Total Parco,Islamabad,Islamabad ICT,High Speed Diesel,273.35,52.32,14301.67,EasyPaisa,Corporate Fleet
TXN-20252492,2026-02-06,Attock Petroleum Sialkot Motorway Service Area,Attock Petroleum,Sialkot,Punjab,High Speed Diesel,296.67,61.17,18147.3,cash,Individual
TXN-20252493,2025-03-08,Cnergyico Peshawar Murree Road Station,Cnergyico,Peshawar,KPK,High Speed Diesel,297.86,81.01,24129.64,cash,individual
TXN-20252494,2026-03-04,Shell Multan Mall Road Station,Shell,Multan,Punjab,Hi-Octane (97 Ron),313.91,121.28,38071.0,JazzCash,Government
TXN-20252495,2026-06-02,Hascol Sialkot Ferozepur Road Pump,Hascol,Sialkot,Punjab,High Speed Diesel,290.28,136.33,39573.87,cash,Corporate
TXN-20252496,27-Mar-25,Total Parco Rawalpindi G-11 Markaz Station,Total Parco,Rawalpindi,Punjab,Super (92 Ron),260.04,120.9,31438.84,Credit Card,Individual
TXN-20252497,2026-03-27,Shell Quetta F-7 Markaz Pump,Shell,Quetta,Balochistan,Super (92 Ron),282.04,2715.74,765947.31,credit card,individual
TXN-20252498,13-Jul-26,PSO Multan Defence Filling Point,PSO,Multan,Punjab,Super (92 Ron),268.84,35.18,9457.79,Mobile Wallet,individual
TXN-20252499,2026-03-10,PSO Multan Blue Area Station,PSO,Multan,Punjab,Hi-Octane (97 Ron),327.93,10101.6,3312617.69,Cash,individual
TXN-20252500,2025-03-07,Shell Islamabad Gulberg Station,Shell,Islamabad,Islamabad ICT,CNG,218.5,36.25,7920.62,credit card,Agriculture
TXN-20252501,2026-05-08,Hascol Peshawar Ferozepur Road Pump,Hascol,Peshawar,KPK,High Speed Diesel,270.93,7.19,1947.99,Cash,Agriculture
TXN-20252502,2025-10-26,Hascol Sialkot Ferozepur Road Pump,Hascol,Sialkot,Punjab,High Speed Diesel,275.69,139.83,38549.73,credit card,Corporate Fleet
TXN-20252503,2025-10-28,PSO Quetta Cantt Filling Point,PSO,Quetta,Balochistan,High Speed Diesel,272.37,38.28,10426.32,Debit Card,Corporate Fleet
TXN-20252504,05/02/2025,Shell Karachi Mall Road Station,Shell,Karachi,Sindh,High Speed Diesel,288.39,52.85,15241.41,JazzCash,Government
TXN-20252505,18/02/2026,Attock Petroleum Islamabad Industrial Area Pump,Attock Petroleum,Islamabad,Islamabad ICT,Super (92 Ron),282.88,97.12,27473.31,Debit Card,individual
TXN-20252506,2025-05-01,PSO Peshawar Cantt Filling Point,PSO,Peshawar,KPK,Hi-Octane (97 Ron),321.2,129.38,41556.86,JazzCash,Corporate
TXN-20252507,2025-07-14,Shell Multan University Road Pump,Shell,Multan,Punjab,CNG,216.45,125.65,27196.94,EasyPaisa,Corporate
TXN-20252508,2026-08-16,Attock Petroleum Rawalpindi Saddar Filling Station,Attock Petroleum,Rawalpindi,Punjab,High Speed Diesel,290.29,104.46,30323.69,credit card,individual
TXN-20252509,2025-07-16,Attock Petroleum Rawalpindi Saddar Filling Station,Attock Petroleum,Rawalpindi,Punjab,CNG,211.39,34.16,7221.08,credit card,individual
TXN-20252510,2026-01-21,Hascol Rawalpindi Hayatabad Filling Station,Hascol,Rawalpindi,Punjab,CNG,207.54,95.88,,Debit Card,Individual
TXN-20252511,2025-03-28,Total Parco Islamabad Thokar Niaz Baig Station,Total Parco,Islamabad,Islamabad ICT,Super (92 Ron),275.02,133.42,36693.17,JazzCash,Corporate
TXN-20252511,2025-03-28,Total Parco Islamabad Thokar Niaz Baig Station,Total Parco,Islamabad,Islamabad ICT,Super (92 Ron),275.02,133.42,36693.17,JazzCash,Corporate
TXN-20252512,25/11/2025,Hascol Rawalpindi Hayatabad Filling Station,Hascol,Rawalpindi,Punjab,High Speed Diesel,279.38,28.82,8051.73,Credit Card,Agriculture
TXN-20252513,2025-04-16,Shell Sialkot Gulberg Station,Shell,Sialkot,Punjab,Hi-Octane (97 Ron),296.04,69.91,20696.16,cash,individual
TXN-20252514,2025-08-23,Attock Petroleum Karachi Khyber Pass Pump,Attock Petroleum,Karachi,Sindh,CNG,206.57,140.12,28944.59,Credit Card,Government
TXN-20252515,2026-02-18,Hascol Quetta Ferozepur Road Pump,Hascol,Quetta,Balochistan,High Speed Diesel,270.35,105.5,28521.93,credit card,Individual
TXN-20252516,2025-06-07,Hascol Multan Hayatabad Filling Station,Hascol,Multan,Punjab,Super (92 Ron),275.69,11599.47,3197857.88,credit card,Corporate
TXN-20252517,2025-01-06,Shell Faisalabad Mall Road Station,Shell,Faisalabad,Punjab,Super (92 Ron),271.27,58.1,15760.79,JazzCash,Government
TXN-20252518,2025-11-10,Hascol Peshawar Hayatabad Filling Station,Hascol,Peshawar,KPK,High Speed Diesel,,99.61,,Mobile Wallet,individual
TXN-20252519,2026-05-27,Shell Faisalabad Karsaz Service Station,Shell,Faisalabad,Punjab,Hi-Octane (97 Ron),312.87,14.28,4467.78,,individual
TXN-20252520,07-Jun-25,Cnergyico Faisalabad Hub River Road Pump,Cnergyico,Faisalabad,Punjab,High Speed Diesel,297.69,78.24,23291.27,JazzCash,Corporate
TXN-20252521,26/03/2026,Cnergyico Rawalpindi Multan Road Filling Point,Cnergyico,Rawalpindi,Punjab,Super (92 Ron),278.91,49.09,13691.69,Cash,Corporate
TXN-20252522,06-Jul-25,Hascol Quetta Hayatabad Filling Station,Hascol,Quetta,Balochistan,Hi-Octane (97 Ron),329.56,138.42,45617.7,Credit Card,Individual
TXN-20252523,2025-02-16,PSO Lahore Defence Filling Point,PSO,Lahore,Punjab,Hi-Octane (97 Ron),317.54,,,JazzCash,Government
TXN-20252524,2026-02-26,PSO Peshawar Clifton Service Station,PSO,Peshawar,KPK,Super (92 Ron),279.25,117.93,32931.95,Debit Card,individual
TXN-20252525,12-Oct-25,Shell Sialkot F-7 Markaz Pump,Shell,Sialkot,Punjab,CNG,209.28,84.97,17782.52,credit card,Agriculture
TXN-20252526,2025-01-26,PSO Rawalpindi Cantt Filling Point,PSO,Rawalpindi,Punjab,Hi-Octane (97 Ron),,124.63,,Mobile Wallet,Corporate Fleet
TXN-20252527,28/08/2025,Total Parco Karachi Jail Road Petrol Pump,Total Parco,Karachi,Sindh,Hi-Octane (97 Ron),316.63,129.39,40968.76,Cash,Individual
TXN-20252528,2025-02-03,Attock Petroleum Sialkot Industrial Area Pump,Attock Petroleum,Sialkot,Punjab,CNG,207.23,10478.61,2171482.35,Cash,individual
TXN-20252529,2025-02-19,Cnergyico Karachi Multan Road Filling Point,Cnergyico,Karachi,Sindh,High Speed Diesel,302.11,11.39,3441.03,Fleet Card,Agriculture
TXN-20252530,2026-07-27,Cnergyico Peshawar Murree Road Station,Cnergyico,Peshawar,KPK,Hi-Octane (97 Ron),304.17,12.55,,Mobile Wallet,individual
TXN-20252531,19/11/2025,Cnergyico Peshawar Multan Road Filling Point,Cnergyico,Peshawar,KPK,Hi-Octane (97 Ron),313.84,86.71,27213.07,Cash,Individual
TXN-20252532,2025-08-23,Total Parco Multan Jail Road Petrol Pump,Total Parco,Multan,Punjab,Super (92 Ron),270.87,48.76,13207.62,JazzCash,Corporate
TXN-20252533,2026-06-17,Total Parco Lahore Jail Road Petrol Pump,Total Parco,Lahore,Punjab,CNG,201.83,115.06,23222.56,Mobile Wallet,Corporate
TXN-20252534,2026-08-04,Total Parco Rawalpindi G-11 Markaz Station,Total Parco,Rawalpindi,Punjab,CNG,216.51,127.37,27576.88,CASH,Individual
TXN-20252535,2026-06-27,Hascol Lahore Ferozepur Road Pump,Hascol,Lahore,Punjab,CNG,207.66,24.32,5050.29,EasyPaisa,Corporate
TXN-20252536,2025-10-09,Attock Petroleum Islamabad Khyber Pass Pump,Attock Petroleum,Islamabad,Islamabad ICT,High Speed Diesel,280.62,92.67,26005.06,Credit Card,Agriculture
TXN-20252537,2026-01-23,Total Parco Sialkot Shahrah-e-Faisal Point,Total Parco,Sialkot,Punjab,CNG,219.09,118.42,25944.64,Mobile Wallet,Corporate
TXN-20252538,2025-05-15,PSO Islamabad Clifton Service Station,PSO,Islamabad,Islamabad ICT,CNG,211.64,74.0,15661.36,Debit Card,individual
TXN-20252539,2025-01-22,PSO Peshawar Blue Area Station,PSO,Peshawar,KPK,Hi-Octane (97 Ron),313.44,131.64,41261.24,Mobile Wallet,Government
TXN-20252540,18-Sep-25,Total Parco Sialkot Thokar Niaz Baig Station,Total Parco,Sialkot,Punjab,High Speed Diesel,304.65,137.93,42020.37,Cash,Government
TXN-20252541,2025-03-09,Shell Peshawar Gulberg Station,Shell,Peshawar,KPK,High Speed Diesel,303.32,49.72,15081.07,cash,Government
TXN-20252542,2026-04-30,Shell Faisalabad F-7 Markaz Pump,Shell,Faisalabad,Punjab,CNG,217.61,85.04,18505.55,cash,Individual
TXN-20252543,16-Feb-25,Cnergyico Rawalpindi Hub River Road Pump,Cnergyico,Rawalpindi,Punjab,High Speed Diesel,296.35,104.48,30962.65,CASH,individual
TXN-20252544,08-Apr-26,PSO Quetta Blue Area Station,PSO,Quetta,Balochistan,CNG,208.66,59.14,12340.15,Debit Card,Corporate
TXN-20252545,2025-04-09,Shell Karachi Gulberg Station,Shell,Karachi,Sindh,CNG,207.69,98.95,20550.93,CASH,Agriculture
TXN-20252546,2026-04-19,Hascol Rawalpindi Super Highway Station,Hascol,Rawalpindi,Punjab,CNG,210.19,144.04,30275.77,Cash,Agriculture
TXN-20252547,21/11/2025,Cnergyico Multan Multan Road Filling Point,Cnergyico,Multan,Punjab,Hi-Octane (97 Ron),324.64,139.1,45157.42,credit card,Government
TXN-20252548,2025-06-02,Total Parco Lahore Shahrah-e-Faisal Point,Total Parco,Lahore,Punjab,Hi-Octane (97 Ron),297.24,88.74,26377.08,EasyPaisa,Corporate
TXN-20252549,2025-09-11,Total Parco Islamabad G-11 Markaz Station,Total Parco,Islamabad,Islamabad ICT,CNG,205.4,85.88,17639.75,JazzCash,Corporate
TXN-20252550,2026-05-18,Attock Petroleum Quetta Motorway Service Area,Attock Petroleum,Quetta,Balochistan,Hi-Octane (97 Ron),,107.64,,Debit Card,Agriculture
TXN-20252551,2026-08-17,Total Parco Karachi Thokar Niaz Baig Station,Total Parco,Karachi,Sindh,Hi-Octane (97 Ron),296.05,145.59,43101.92,Mobile Wallet,Agriculture
TXN-20252552,2026-07-10,Attock Petroleum Peshawar Saddar Filling Station,Attock Petroleum,Peshawar,KPK,CNG,200.63,120.64,24204.0,Debit Card,Government
TXN-20252553,19-Aug-25,Shell Rawalpindi Mall Road Station,Shell,Rawalpindi,Punjab,Hi-Octane (97 Ron),311.56,19.74,6150.19,Mobile Wallet,Individual
TXN-20252554,2026-02-08,Hascol Peshawar Hayatabad Filling Station,Hascol,Peshawar,KPK,Super (92 Ron),266.64,146.24,38993.43,credit card,Agriculture
TXN-20252555,2025-01-20,Attock Petroleum Sialkot Khyber Pass Pump,Attock Petroleum,Sialkot,Punjab,CNG,217.2,118.29,25692.59,cash,Government
TXN-20252556,2026-06-09,Cnergyico Multan Multan Road Filling Point,Cnergyico,Multan,Punjab,Super (92 Ron),280.73,14.14,,Cash,individual
TXN-20252557,2025-10-20,Hascol Quetta Super Highway Station,Hascol,Quetta,Balochistan,CNG,203.73,18.21,,Credit Card,Corporate Fleet
TXN-20252558,2025-11-30,Cnergyico Islamabad Murree Road Station,Cnergyico,Islamabad,Islamabad ICT,Hi-Octane (97 Ron),295.24,148.77,43922.85,JazzCash,Individual
TXN-20252559,2025-04-18,Total Parco Rawalpindi Thokar Niaz Baig Station,Total Parco,Rawalpindi,Punjab,Hi-Octane (97 Ron),320.83,91.9,29484.28,Credit Card,individual
TXN-20252560,2026-02-19,PSO Karachi Defence Filling Point,PSO,Karachi,Sindh,Hi-Octane (97 Ron),327.3,70.3,23009.19,Cash,Corporate Fleet
TXN-20252561,2026-08-02,PSO Islamabad Lytton Road Pump,PSO,Islamabad,Islamabad ICT,CNG,205.32,53.27,10937.4,EasyPaisa,Corporate Fleet
TXN-20252562,2025-04-22,Attock Petroleum Faisalabad Saddar Filling Station,Attock Petroleum,Faisalabad,Punjab,High Speed Diesel,276.2,,,Credit Card,Corporate
TXN-20252563,2025-08-28,Shell Islamabad Gulberg Station,Shell,Islamabad,Islamabad ICT,Super (92 Ron),273.16,81.33,22216.1,Credit Card,Corporate
TXN-20252564,2025-08-10,Hascol Multan Hayatabad Filling Station,Hascol,Multan,Punjab,Super (92 Ron),268.06,36.0,9650.16,cash,Agriculture
TXN-20252565,2025-11-11,PSO Faisalabad Clifton Service Station,PSO,Faisalabad,Punjab,Hi-Octane (97 Ron),297.01,127.52,37874.72,cash,Corporate Fleet
TXN-20252566,2025-01-17,Shell Lahore Karsaz Service Station,Shell,Lahore,Punjab,Hi-Octane (97 Ron),309.76,10.5,3252.48,JazzCash,Agriculture
TXN-20252567,03/06/2026,Hascol Peshawar Ferozepur Road Pump,Hascol,Peshawar,KPK,High Speed Diesel,297.09,57.74,17153.98,credit card,Agriculture
TXN-20252568,2025-08-27,Cnergyico Karachi Multan Road Filling Point,Cnergyico,Karachi,Sindh,Hi-Octane (97 Ron),322.83,,,cash,Individual
TXN-20252569,2025-01-24,PSO Lahore Clifton Service Station,PSO,Lahore,Punjab,CNG,201.25,133.42,26850.77,Mobile Wallet,Agriculture
TXN-20252570,2025-06-28,Shell Islamabad Gulberg Station,Shell,Islamabad,Islamabad ICT,Super (92 Ron),282.83,83.46,23604.99,Fleet Card,Agriculture
TXN-20252571,2025-05-27,PSO Multan Clifton Service Station,PSO,Multan,Punjab,High Speed Diesel,295.27,29.23,8630.74,credit card,Government
TXN-20252572,2026-03-06,Cnergyico Islamabad Hub River Road Pump,Cnergyico,Islamabad,Islamabad ICT,Hi-Octane (97 Ron),319.19,14.54,4641.02,Cash,Corporate Fleet
TXN-20252573,2025-07-31,Cnergyico Islamabad Murree Road Station,Cnergyico,Islamabad,Islamabad ICT,Hi-Octane (97 Ron),306.51,46.62,14289.5,Mobile Wallet,Agriculture
TXN-20252574,2025-12-11,Attock Petroleum Sialkot Saddar Filling Station,Attock Petroleum,Sialkot,Punjab,High Speed Diesel,295.13,142.06,41926.17,Debit Card,Corporate
TXN-20252575,2026-06-30,PSO Quetta Blue Area Station,PSO,Quetta,Balochistan,Super (92 Ron),264.09,132.94,35108.12,Credit Card,Corporate
TXN-20252576,2026-05-13,Hascol Peshawar Ferozepur Road Pump,Hascol,Peshawar,KPK,Super (92 Ron),286.48,94.57,27092.41,JazzCash,individual
TXN-20252577,2025-11-02,Total Parco Rawalpindi Thokar Niaz Baig Station,Total Parco,Rawalpindi,Punjab,Super (92 Ron),281.29,125.92,35420.04,CASH,Corporate Fleet
TXN-20252578,2025-10-02,Attock Petroleum Sialkot Saddar Filling Station,Attock Petroleum,Sialkot,Punjab,High Speed Diesel,276.59,90.55,25045.22,Fleet Card,Corporate Fleet
TXN-20252579,2025-07-12,PSO Peshawar Lytton Road Pump,PSO,Peshawar,KPK,Hi-Octane (97 Ron),299.0,,,Debit Card,Government
TXN-20252580,2026-05-01,Attock Petroleum Faisalabad Motorway Service Area,Attock Petroleum,Faisalabad,Punjab,High Speed Diesel,294.47,77.16,22721.31,Fleet Card,Corporate
TXN-20252581,2026-06-27,PSO Islamabad Blue Area Station,PSO,Islamabad,Islamabad ICT,Hi-Octane (97 Ron),295.39,5014.06,1481103.18,JazzCash,Corporate
TXN-20252582,2025-03-31,Attock Petroleum Faisalabad Industrial Area Pump,Attock Petroleum,Faisalabad,Punjab,Hi-Octane (97 Ron),310.83,63.06,19600.94,EasyPaisa,Individual
TXN-20252583,2025-10-04,PSO Peshawar Clifton Service Station,PSO,Peshawar,KPK,CNG,213.13,146.35,31191.58,,Government
TXN-20252584,2025-09-01,PSO Multan Clifton Service Station,PSO,Multan,Punjab,Super (92 Ron),275.44,15.19,4183.93,Mobile Wallet,Individual
TXN-20252585,2025-09-13,PSO Karachi Clifton Service Station,PSO,Karachi,Sindh,CNG,202.24,74.73,15113.4,cash,Corporate Fleet
TXN-20252586,2025-01-20,Cnergyico Sialkot Hub River Road Pump,Cnergyico,Sialkot,Punjab,Super (92 Ron),261.64,36.2,9471.37,CASH,Agriculture
TXN-20252587,2025-11-01,Total Parco Lahore Shahrah-e-Faisal Point,Total Parco,Lahore,Punjab,Hi-Octane (97 Ron),325.83,112.72,36727.56,EasyPaisa,Corporate
TXN-20252588,2026-01-30,Hascol Karachi Ferozepur Road Pump,Hascol,Karachi,Sindh,CNG,9999.0,3960.4,39600039.6,credit card,individual
TXN-20252589,2025-01-31,Cnergyico Quetta Hub River Road Pump,Cnergyico,Quetta,Balochistan,High Speed Diesel,300.01,55.73,16719.56,Fleet Card,Corporate
TXN-20252590,2025-12-27,Shell Peshawar University Road Pump,Shell,Peshawar,KPK,High Speed Diesel,304.54,120.79,36785.39,EasyPaisa,Corporate Fleet
TXN-20252591,09/02/2025,Shell Faisalabad University Road Pump,Shell,Faisalabad,Punjab,CNG,216.22,50.8,10983.98,credit card,individual
TXN-20252592,2025-06-28,Total Parco Faisalabad G-11 Markaz Station,Total Parco,Faisalabad,Punjab,CNG,210.61,110.83,23341.91,EasyPaisa,Corporate
TXN-20252592,2025-06-28,Total Parco Faisalabad G-11 Markaz Station,Total Parco,Faisalabad,Punjab,CNG,210.61,110.83,23341.91,EasyPaisa,Corporate
TXN-20252593,2025-07-19,Attock Petroleum Peshawar Khyber Pass Pump,Attock Petroleum,Peshawar,KPK,High Speed Diesel,281.85,11.54,3252.55,JazzCash,Individual
TXN-20252594,2025-12-12,Hascol Faisalabad Hayatabad Filling Station,Hascol,Faisalabad,Punjab,Super (92 Ron),276.03,76.26,21050.05,Fleet Card,Corporate Fleet
TXN-20252595,13-Mar-25,Total Parco Faisalabad Thokar Niaz Baig Station,Total Parco,Faisalabad,Punjab,Super (92 Ron),276.11,45.67,12609.94,CASH,Individual
TXN-20252596,2026-07-03,Attock Petroleum Karachi Industrial Area Pump,Attock Petroleum,Karachi,Sindh,Hi-Octane (97 Ron),327.44,51.3,16797.67,cash,Individual
TXN-20252597,2026-08-26,Cnergyico Rawalpindi Murree Road Station,Cnergyico,Rawalpindi,Punjab,High Speed Diesel,275.32,15.8,4350.06,Cash,individual
TXN-20252598,2025-07-22,Cnergyico Quetta Murree Road Station,Cnergyico,Quetta,Balochistan,Super (92 Ron),273.58,63.08,17257.43,Cash,Corporate Fleet
TXN-20252599,2025-06-15,PSO Karachi Cantt Filling Point,PSO,Karachi,Sindh,High Speed Diesel,298.49,46.88,13993.21,Credit Card,Agriculture
TXN-20252600,2025-07-15,Hascol Quetta Hayatabad Filling Station,Hascol,Quetta,Balochistan,High Speed Diesel,291.33,29.14,8489.36,Credit Card,Government
TXN-20252601,2025-11-26,Attock Petroleum Lahore Industrial Area Pump,Attock Petroleum,Lahore,Punjab,Super (92 Ron),275.06,12.32,3388.74,cash,Corporate
TXN-20252602,2026-02-18,Cnergyico Lahore Hub River Road Pump,Cnergyico,Lahore,Punjab,High Speed Diesel,292.15,11629.7,3397616.85,cash,Corporate Fleet
TXN-20252603,2025-04-10,Attock Petroleum Peshawar Saddar Filling Station,Attock Petroleum,Peshawar,KPK,Super (92 Ron),288.7,148.12,42762.24,Credit Card,Corporate
TXN-20252604,2026-05-11,Total Parco Multan Thokar Niaz Baig Station,Total Parco,Multan,Punjab,Super (92 Ron),269.42,1701.29,458361.55,Mobile Wallet,Agriculture
TXN-20252605,30-Mar-25,Hascol Rawalpindi Hayatabad Filling Station,Hascol,Rawalpindi,Punjab,CNG,209.17,8.47,1771.67,Cash,Agriculture
TXN-20252606,2025-02-19,Hascol Sialkot Ferozepur Road Pump,Hascol,Sialkot,Punjab,Super (92 Ron),288.13,31.16,8978.13,EasyPaisa,Individual
TXN-20252607,2025-02-01,Attock Petroleum Multan Khyber Pass Pump,Attock Petroleum,Multan,Punjab,Hi-Octane (97 Ron),319.17,65.85,21017.34,Credit Card,Corporate Fleet
TXN-20252608,2025-03-06,Attock Petroleum Sialkot Industrial Area Pump,Attock Petroleum,Sialkot,Punjab,Super (92 Ron),281.3,144.25,40577.53,Cash,individual
TXN-20252609,04/06/2026,Total Parco Karachi G-11 Markaz Station,Total Parco,Karachi,Sindh,High Speed Diesel,276.88,11404.17,3157586.59,EasyPaisa,individual
TXN-20252610,2025-05-28,Shell Faisalabad Karsaz Service Station,Shell,Faisalabad,Punjab,Hi-Octane (97 Ron),308.97,83.7,25860.79,credit card,Government
TXN-20252611,2025-05-24,Hascol Sialkot Super Highway Station,Hascol,Sialkot,Punjab,CNG,207.03,102.06,,Cash,Individual
TXN-20252612,2026-06-03,Cnergyico Lahore Hub River Road Pump,Cnergyico,Lahore,Punjab,High Speed Diesel,284.9,93.34,26592.57,Credit Card,Agriculture
TXN-20252613,2025-01-14,Total Parco Lahore Thokar Niaz Baig Station,Total Parco,Lahore,Punjab,CNG,200.87,27.63,5550.04,Fleet Card,Individual
TXN-20252614,15-Feb-25,Hascol Peshawar Super Highway Station,Hascol,Peshawar,KPK,High Speed Diesel,297.43,131.06,38981.18,Cash,Corporate
TXN-20252615,2025-04-19,Attock Petroleum Lahore Khyber Pass Pump,Attock Petroleum,Lahore,Punjab,CNG,203.96,74.45,15184.82,Credit Card,Government
TXN-20252616,20/08/2026,PSO Faisalabad Defence Filling Point,PSO,Faisalabad,Punjab,Super (92 Ron),-99.0,66.32,-6565.68,cash,Corporate Fleet
TXN-20252617,2025-04-15,Total Parco Sialkot Jail Road Petrol Pump,Total Parco,Sialkot,Punjab,Hi-Octane (97 Ron),298.29,10521.51,3138461.22,Cash,Corporate
TXN-20252618,2025-08-03,Cnergyico Faisalabad Hub River Road Pump,Cnergyico,Faisalabad,Punjab,Super (92 Ron),267.11,26.02,6950.2,credit card,Individual
TXN-20252619,2026-02-09,Total Parco Sialkot Thokar Niaz Baig Station,Total Parco,Sialkot,Punjab,Hi-Octane (97 Ron),298.93,23.55,7039.8,Debit Card,Agriculture
TXN-20252620,26-Feb-25,Hascol Karachi Hayatabad Filling Station,Hascol,Karachi,Sindh,Hi-Octane (97 Ron),308.88,111.93,34572.94,Fleet Card,individual
TXN-20252621,2025-12-10,Shell Quetta Gulberg Station,Shell,Quetta,Balochistan,CNG,211.5,37.53,7937.6,Cash,Agriculture
TXN-20252622,2026-04-19,Shell Quetta Mall Road Station,Shell,Quetta,Balochistan,Super (92 Ron),266.4,23.92,6372.29,CASH,Individual
TXN-20252623,2026-05-11,PSO Karachi Blue Area Station,PSO,Karachi,Sindh,High Speed Diesel,274.72,55.71,15304.65,credit card,Corporate Fleet
TXN-20252624,2025-09-03,PSO Lahore Lytton Road Pump,PSO,Lahore,Punjab,Super (92 Ron),287.37,109.91,31584.84,Fleet Card,Government
TXN-20252625,06-Feb-25,Shell Lahore F-7 Markaz Pump,Shell,Lahore,Punjab,Hi-Octane (97 Ron),295.08,51.17,15099.24,credit card,Corporate
TXN-20252626,09-May-25,PSO Islamabad GT Road Service,PSO,Islamabad,Islamabad ICT,High Speed Diesel,294.67,6734.81,1984546.46,Debit Card,Individual
TXN-20252627,2025-01-10,Hascol Rawalpindi Super Highway Station,Hascol,Rawalpindi,Punjab,Hi-Octane (97 Ron),316.77,74.68,23656.38,credit card,
TXN-20252628,2025-09-11,Attock Petroleum Rawalpindi Saddar Filling Station,Attock Petroleum,Rawalpindi,Punjab,High Speed Diesel,296.1,66.49,19687.69,Cash,Individual
TXN-20252629,2025-03-04,Total Parco Peshawar G-11 Markaz Station,Total Parco,Peshawar,KPK,Hi-Octane (97 Ron),314.02,57.13,17939.96,credit card,Corporate Fleet
TXN-20252630,2026-06-26,Total Parco Islamabad Jail Road Petrol Pump,Total Parco,Islamabad,Islamabad ICT,CNG,206.05,82.33,16964.1,cash,Government
TXN-20252631,30/07/2026,PSO Multan Blue Area Station,PSO,Multan,Punjab,High Speed Diesel,290.08,93.04,26989.04,,Corporate Fleet
TXN-20252632,2025-01-14,Total Parco Islamabad Shahrah-e-Faisal Point,Total Parco,Islamabad,Islamabad ICT,High Speed Diesel,270.8,131.85,,Cash,Individual
TXN-20252633,2026-08-15,Cnergyico Lahore Murree Road Station,Cnergyico,Lahore,Punjab,Super (92 Ron),260.87,11.37,2966.09,JazzCash,Corporate Fleet
TXN-20252634,11-Mar-25,Shell Peshawar Gulberg Station,Shell,Peshawar,KPK,High Speed Diesel,281.59,16.22,4567.39,cash,Corporate
TXN-20252635,2025-01-30,Shell Multan University Road Pump,Shell,Multan,Punjab,CNG,218.52,41.22,9007.39,CASH,Corporate Fleet
TXN-20252636,2026-08-27,Shell Quetta Gulberg Station,Shell,Quetta,Balochistan,Super (92 Ron),288.54,6706.77,1935171.42,Fleet Card,Individual
TXN-20252637,24-Jan-26,Cnergyico Lahore Hub River Road Pump,Cnergyico,Lahore,Punjab,CNG,216.98,31.37,6806.66,EasyPaisa,Government
TXN-20252638,2025-09-01,Hascol Faisalabad Hayatabad Filling Station,Hascol,Faisalabad,Punjab,Hi-Octane (97 Ron),296.39,102.38,30344.41,credit card,Individual
TXN-20252639,2026-03-11,Cnergyico Lahore Hub River Road Pump,Cnergyico,Lahore,Punjab,High Speed Diesel,276.93,21.64,5992.77,CASH,individual
TXN-20252640,2025-06-29,PSO Quetta GT Road Service,PSO,Quetta,Balochistan,Hi-Octane (97 Ron),296.5,112.29,33293.99,credit card,Government
TXN-20252641,03-Aug-26,Cnergyico Karachi Murree Road Station,Cnergyico,Karachi,Sindh,CNG,,144.38,,,Individual
TXN-20252642,2025-05-15,Attock Petroleum Sialkot Saddar Filling Station,Attock Petroleum,Sialkot,Punjab,CNG,212.03,16.28,3451.85,cash,Individual
TXN-20252643,03-Jun-25,Shell Islamabad Gulberg Station,Shell,Islamabad,Islamabad ICT,Super (92 Ron),265.27,90.73,24067.95,EasyPaisa,Individual
TXN-20252644,2026-04-29,Attock Petroleum Peshawar Saddar Filling Station,Attock Petroleum,Peshawar,KPK,Hi-Octane (97 Ron),322.55,134.82,43486.19,EasyPaisa,Corporate
TXN-20252645,10/01/2026,Attock Petroleum Faisalabad Industrial Area Pump,Attock Petroleum,Faisalabad,Punjab,CNG,200.79,29.55,5933.34,JazzCash,individual
TXN-20252646,02-Jul-26,Shell Sialkot Mall Road Station,Shell,Sialkot,Punjab,Super (92 Ron),269.2,148.47,39968.12,EasyPaisa,Agriculture
TXN-20252647,2025-07-27,PSO Faisalabad Cantt Filling Point,PSO,Faisalabad,Punjab,Hi-Octane (97 Ron),311.4,81.44,25360.42,cash,Individual
TXN-20252648,2025-03-10,PSO Sialkot Cantt Filling Point,PSO,Sialkot,Punjab,CNG,218.84,53.22,,credit card,Corporate
TXN-20252649,2025-02-09,Cnergyico Quetta Murree Road Station,Cnergyico,Quetta,Balochistan,Super (92 Ron),277.24,134.54,37299.87,cash,Corporate
TXN-20252650,2026-07-18,Attock Petroleum Islamabad Industrial Area Pump,Attock Petroleum,Islamabad,Islamabad ICT,High Speed Diesel,286.28,76.78,,EasyPaisa,Corporate Fleet
TXN-20252651,31-May-25,PSO Sialkot Clifton Service Station,PSO,Sialkot,Punjab,CNG,211.18,39.13,8263.47,credit card,Government
TXN-20252651,31-May-25,PSO Sialkot Clifton Service Station,PSO,Sialkot,Punjab,CNG,211.18,39.13,8263.47,credit card,Government
TXN-20252652,02-Dec-25,Shell Quetta Mall Road Station,Shell,Quetta,Balochistan,Super (92 Ron),268.45,45.62,12246.69,Mobile Wallet,Individual
TXN-20252653,2025-06-07,Hascol Karachi Super Highway Station,Hascol,Karachi,Sindh,Super (92 Ron),283.69,57.32,16261.11,CASH,Agriculture
TXN-20252654,2025-10-25,Hascol Peshawar Super Highway Station,Hascol,Peshawar,KPK,Hi-Octane (97 Ron),300.94,0.0,0.0,credit card,Agriculture
TXN-20252655,2025-03-11,PSO Lahore Blue Area Station,PSO,Lahore,Punjab,CNG,213.83,50.58,10815.52,credit card,Corporate Fleet
TXN-20252656,2026-07-20,PSO Rawalpindi Blue Area Station,PSO,Rawalpindi,Punjab,High Speed Diesel,289.37,102.93,29784.85,cash,Agriculture
TXN-20252657,27-Jan-25,Cnergyico Islamabad Murree Road Station,Cnergyico,Islamabad,Islamabad ICT,High Speed Diesel,,102.41,,cash,Corporate Fleet
TXN-20252658,08/08/2025,Hascol Sialkot Ferozepur Road Pump,Hascol,Sialkot,Punjab,Hi-Octane (97 Ron),307.68,8098.22,2491660.33,Credit Card,Individual
TXN-20252659,2025-12-25,Hascol Multan Ferozepur Road Pump,Hascol,Multan,Punjab,High Speed Diesel,298.37,136.28,40661.86,Fleet Card,Individual
TXN-20252660,2026-03-20,PSO Lahore Defence Filling Point,PSO,Lahore,Punjab,High Speed Diesel,285.96,127.34,36414.15,Cash,Corporate Fleet
TXN-20252661,2026-02-22,Cnergyico Peshawar Multan Road Filling Point,Cnergyico,Peshawar,KPK,Super (92 Ron),281.69,41.62,11723.94,Debit Card,Agriculture
TXN-20252662,14/04/2025,Cnergyico Quetta Hub River Road Pump,Cnergyico,Quetta,Balochistan,CNG,202.83,64.75,13133.24,Mobile Wallet,Government
TXN-20252663,2026-07-08,Hascol Multan Super Highway Station,Hascol,Multan,Punjab,CNG,212.05,31.94,6772.88,CASH,
TXN-20252664,2026-06-27,PSO Rawalpindi Clifton Service Station,PSO,Rawalpindi,Punjab,CNG,,142.3,,Credit Card,Individual
TXN-20252665,2025-08-28,PSO Islamabad Clifton Service Station,PSO,Islamabad,Islamabad ICT,CNG,200.48,18.94,3797.09,Credit Card,Corporate Fleet
TXN-20252666,2025-09-26,Attock Petroleum Multan Industrial Area Pump,Attock Petroleum,Multan,Punjab,Hi-Octane (97 Ron),321.84,4155.51,1337409.34,CASH,Government
TXN-20252667,2026-07-25,PSO Sialkot Cantt Filling Point,PSO,Sialkot,Punjab,Hi-Octane (97 Ron),308.84,117.42,36263.99,EasyPaisa,Corporate
TXN-20252668,2025-05-22,Attock Petroleum Quetta Khyber Pass Pump,Attock Petroleum,Quetta,Balochistan,Hi-Octane (97 Ron),326.92,1303.44,426120.6,Fleet Card,Individual
TXN-20252669,2025-11-13,Total Parco Islamabad Thokar Niaz Baig Station,Total Parco,Islamabad,Islamabad ICT,High Speed Diesel,9999.0,15.06,150584.94,cash,individual
TXN-20252670,2026-04-15,Hascol Peshawar Super Highway Station,Hascol,Peshawar,KPK,Super (92 Ron),284.69,10.07,,EasyPaisa,Agriculture
TXN-20252671,14-Nov-25,Attock Petroleum Lahore Motorway Service Area,Attock Petroleum,Lahore,Punjab,High Speed Diesel,293.91,79.92,23489.29,,Individual
TXN-20252672,2025-05-17,PSO Faisalabad Blue Area Station,PSO,Faisalabad,Punjab,Super (92 Ron),265.01,107.0,,CASH,Government
TXN-20252673,2025-09-23,Attock Petroleum Karachi Industrial Area Pump,Attock Petroleum,Karachi,Sindh,Hi-Octane (97 Ron),,56.02,,Debit Card,Individual
TXN-20252674,2026-06-27,Shell Faisalabad Gulberg Station,Shell,Faisalabad,Punjab,High Speed Diesel,273.59,60.79,16631.54,Credit Card,Government
TXN-20252675,2026-04-16,Attock Petroleum Karachi Saddar Filling Station,Attock Petroleum,Karachi,Sindh,High Speed Diesel,274.53,100.27,27527.12,Debit Card,individual
TXN-20252676,2025-04-08,Shell Faisalabad F-7 Markaz Pump,Shell,Faisalabad,Punjab,Hi-Octane (97 Ron),312.42,10.25,3202.31,JazzCash,Corporate Fleet
TXN-20252677,2026-07-09,Cnergyico Quetta Multan Road Filling Point,Cnergyico,Quetta,Balochistan,High Speed Diesel,,123.9,,Cash,Corporate Fleet
TXN-20252678,2026-04-24,Hascol Lahore Hayatabad Filling Station,Hascol,Lahore,Punjab,Super (92 Ron),283.99,26.58,7548.45,Mobile Wallet,individual
TXN-20252679,21-Sep-25,Shell Rawalpindi F-7 Markaz Pump,Shell,Rawalpindi,Punjab,High Speed Diesel,277.48,84.92,23563.6,Mobile Wallet,Agriculture
TXN-20252680,2025-01-16,PSO Faisalabad Cantt Filling Point,PSO,Faisalabad,Punjab,High Speed Diesel,278.3,148.75,41397.12,JazzCash,Corporate Fleet
TXN-20252681,2026-01-20,Attock Petroleum Peshawar Khyber Pass Pump,Attock Petroleum,Peshawar,KPK,High Speed Diesel,288.66,148.13,42759.21,Debit Card,Corporate Fleet
TXN-20252682,2025-09-03,Attock Petroleum Peshawar Motorway Service Area,Attock Petroleum,Peshawar,KPK,CNG,210.99,5149.98,1086594.28,CASH,Individual
TXN-20252683,2025-07-31,PSO Peshawar Blue Area Station,PSO,Peshawar,KPK,Super (92 Ron),273.02,79.7,,EasyPaisa,Corporate
TXN-20252684,2025-03-02,Attock Petroleum Lahore Motorway Service Area,Attock Petroleum,Lahore,Punjab,CNG,217.6,128.11,27876.74,JazzCash,individual
TXN-20252685,2026-05-11,Cnergyico Lahore Multan Road Filling Point,Cnergyico,Lahore,Punjab,Hi-Octane (97 Ron),298.94,98.24,29367.87,Mobile Wallet,Individual
TXN-20252686,2025-11-29,Cnergyico Sialkot Hub River Road Pump,Cnergyico,Sialkot,Punjab,CNG,211.69,135.74,28734.8,Cash,Corporate
TXN-20252687,2025-03-02,PSO Islamabad Defence Filling Point,PSO,Islamabad,Islamabad ICT,CNG,9999.0,144.17,1441555.83,Mobile Wallet,Corporate
TXN-20252688,21/01/2026,Attock Petroleum Karachi Motorway Service Area,Attock Petroleum,Karachi,Sindh,Hi-Octane (97 Ron),329.89,29.81,9834.02,Cash,Agriculture
TXN-20252689,2025-07-15,Hascol Quetta Ferozepur Road Pump,Hascol,Quetta,Balochistan,Super (92 Ron),266.01,135.53,,credit card,Government
TXN-20252690,2026-03-25,Cnergyico Quetta Multan Road Filling Point,Cnergyico,Quetta,Balochistan,Super (92 Ron),274.8,20.13,5531.72,credit card,Corporate Fleet
TXN-20252691,2026-05-05,PSO Lahore Defence Filling Point,PSO,Lahore,Punjab,High Speed Diesel,272.44,70.62,19239.71,Mobile Wallet,Individual
TXN-20252692,2026-06-19,PSO Faisalabad Defence Filling Point,PSO,Faisalabad,Punjab,Hi-Octane (97 Ron),315.49,115.49,36435.94,EasyPaisa,individual
TXN-20252693,2025-04-27,PSO Islamabad Cantt Filling Point,PSO,Islamabad,Islamabad ICT,Hi-Octane (97 Ron),298.64,38.91,11620.08,Fleet Card,individual
TXN-20252694,2026-07-19,Cnergyico Quetta Multan Road Filling Point,Cnergyico,Quetta,Balochistan,CNG,205.87,98.68,20315.25,JazzCash,Corporate Fleet
TXN-20252695,2025-06-06,PSO Quetta Clifton Service Station,PSO,Quetta,Balochistan,CNG,200.64,9145.46,1834945.09,JazzCash,Agriculture
TXN-20252696,2025-11-07,Shell Quetta Mall Road Station,Shell,Quetta,Balochistan,High Speed Diesel,293.39,7167.79,2102957.91,credit card,Agriculture
TXN-20252697,2025-08-18,Attock Petroleum Multan Saddar Filling Station,Attock Petroleum,Multan,Punjab,Hi-Octane (97 Ron),312.61,28.58,8934.39,EasyPaisa,Individual
TXN-20252698,2026-05-07,Cnergyico Quetta Murree Road Station,Cnergyico,Quetta,Balochistan,Hi-Octane (97 Ron),315.12,7.96,2508.36,JazzCash,Agriculture
TXN-20252699,08/10/2025,PSO Rawalpindi Clifton Service Station,PSO,Rawalpindi,Punjab,High Speed Diesel,284.63,128.43,36555.03,cash,Corporate
TXN-20252700,2026-07-18,Total Parco Lahore Thokar Niaz Baig Station,Total Parco,Lahore,Punjab,Hi-Octane (97 Ron),301.45,18.09,5453.23,Credit Card,Agriculture
TXN-20252701,2026-04-22,Cnergyico Lahore Hub River Road Pump,Cnergyico,Lahore,Punjab,High Speed Diesel,304.36,9568.42,2912244.31,Mobile Wallet,Individual
TXN-20252702,2025-05-17,Shell Rawalpindi University Road Pump,Shell,Rawalpindi,Punjab,Hi-Octane (97 Ron),304.86,,,EasyPaisa,Agriculture
TXN-20252703,10/09/2025,Shell Multan F-7 Markaz Pump,Shell,Multan,Punjab,High Speed Diesel,279.26,139.82,39046.13,Fleet Card,Corporate Fleet
TXN-20252704,08-Oct-25,Shell Peshawar Karsaz Service Station,Shell,Peshawar,KPK,CNG,210.67,131.17,27633.58,CASH,Individual
TXN-20252705,2025-10-06,Cnergyico Peshawar Multan Road Filling Point,Cnergyico,Peshawar,KPK,Super (92 Ron),265.0,110.42,35113.56,CASH,Government
TXN-20252706,2025-03-09,PSO Peshawar Defence Filling Point,PSO,Peshawar,KPK,CNG,216.01,113.16,24443.69,credit card,Corporate Fleet
TXN-20252706,2025-03-09,PSO Peshawar Defence Filling Point,PSO,Peshawar,KPK,CNG,216.01,113.16,24443.69,credit card,Corporate Fleet
TXN-20252707,2025-01-26,Total Parco Peshawar G-11 Markaz Station,Total Parco,Peshawar,KPK,Super (92 Ron),275.63,44.72,12326.17,Credit Card,Corporate Fleet
TXN-20252708,2025-01-23,Cnergyico Karachi Murree Road Station,Cnergyico,Karachi,Sindh,CNG,210.42,5816.37,1223880.58,Debit Card,Corporate Fleet
TXN-20252709,2025-01-08,Cnergyico Multan Murree Road Station,Cnergyico,Multan,Punjab,Hi-Octane (97 Ron),329.71,48.81,,EasyPaisa,Agriculture
TXN-20252710,2026-06-07,Cnergyico Sialkot Hub River Road Pump,Cnergyico,Sialkot,Punjab,High Speed Diesel,293.68,116.51,34216.66,Credit Card,Agriculture
TXN-20252711,2026-04-14,Hascol Rawalpindi Ferozepur Road Pump,Hascol,Rawalpindi,Punjab,CNG,208.4,145.71,30365.96,Fleet Card,individual
TXN-20252712,2026-01-01,Attock Petroleum Karachi Industrial Area Pump,Attock Petroleum,Karachi,Sindh,CNG,205.54,128.2,26350.23,credit card,Corporate
TXN-20252713,2025-06-20,Hascol Sialkot Super Highway Station,Hascol,Sialkot,Punjab,Hi-Octane (97 Ron),306.6,7.04,2158.46,Debit Card,Corporate
TXN-20252714,25/02/2025,PSO Rawalpindi Blue Area Station,PSO,Rawalpindi,Punjab,Hi-Octane (97 Ron),319.85,126.5,40461.03,Cash,individual
TXN-20252715,2026-06-14,Hascol Islamabad Ferozepur Road Pump,Hascol,Islamabad,Islamabad ICT,High Speed Diesel,272.9,28.01,7643.93,JazzCash,Individual
TXN-20252716,19-May-26,Total Parco Multan Shahrah-e-Faisal Point,Total Parco,Multan,Punjab,CNG,213.77,105.96,27181.28,credit card,Agriculture
TXN-20252717,08-Feb-25,Total Parco Multan Jail Road Petrol Pump,Total Parco,Multan,Punjab,High Speed Diesel,283.57,96.41,27338.98,Cash,Corporate Fleet
TXN-20252718,2026-02-19,Hascol Rawalpindi Super Highway Station,Hascol,Rawalpindi,Punjab,Hi-Octane (97 Ron),299.89,,,,Corporate
TXN-20252719,2026-04-30,Cnergyico Peshawar Murree Road Station,Cnergyico,Peshawar,KPK,CNG,208.48,145.4,30312.99,Mobile Wallet,individual
TXN-20252720,2026-08-13,Shell Islamabad Gulberg Station,Shell,Islamabad,Islamabad ICT,Super (92 Ron),262.46,59.56,15632.12,credit card,individual
TXN-20252721,2026-02-14,PSO Islamabad Lytton Road Pump,PSO,Islamabad,Islamabad ICT,Hi-Octane (97 Ron),303.46,71.88,21812.7,cash,individual
TXN-20252722,2025-08-14,PSO Rawalpindi Blue Area Station,PSO,Rawalpindi,Punjab,CNG,218.52,94.03,20547.44,JazzCash,Corporate Fleet
TXN-20252723,04/04/2025,Total Parco Karachi G-11 Markaz Station,Total Parco,Karachi,Sindh,CNG,210.06,144.83,30422.99,Credit Card,individual
TXN-20252724,19/07/2025,Cnergyico Rawalpindi Murree Road Station,Cnergyico,Rawalpindi,Punjab,Super (92 Ron),275.35,119.46,32893.31,credit card,Corporate
TXN-20252725,2025-03-04,Cnergyico Islamabad Hub River Road Pump,Cnergyico,Islamabad,Islamabad ICT,CNG,218.49,56.95,12443.01,CASH,Agriculture
TXN-20252726,2026-04-20,Shell Sialkot Mall Road Station,Shell,Sialkot,Punjab,Hi-Octane (97 Ron),320.7,87.76,28144.63,CASH,Agriculture
TXN-20252727,2026-08-25,Cnergyico Faisalabad Hub River Road Pump,Cnergyico,Faisalabad,Punjab,Hi-Octane (97 Ron),307.09,69.02,21195.35,CASH,Government
TXN-20252728,2026-07-03,Cnergyico Karachi Murree Road Station,Cnergyico,Karachi,Sindh,Hi-Octane (97 Ron),314.84,81.46,25646.87,Debit Card,Agriculture
TXN-20252729,2026-02-28,Cnergyico Quetta Murree Road Station,Cnergyico,Quetta,Balochistan,CNG,204.94,21.69,4445.15,Debit Card,individual
TXN-20252730,2025-02-08,Shell Karachi Mall Road Station,Shell,Karachi,Sindh,Super (92 Ron),262.66,19.83,5208.55,Debit Card,Individual
TXN-20252731,2025-10-27,Cnergyico Islamabad Multan Road Filling Point,Cnergyico,Islamabad,Islamabad ICT,CNG,213.93,57.33,12264.61,EasyPaisa,Corporate Fleet
TXN-20252732,2025-05-04,Total Parco Multan Shahrah-e-Faisal Point,Total Parco,Multan,Punjab,CNG,211.72,16.65,3525.14,Cash,Corporate
TXN-20252733,2025-01-07,PSO Rawalpindi Lytton Road Pump,PSO,Rawalpindi,Punjab,Super (92 Ron),287.19,127.78,36697.14,EasyPaisa,
TXN-20252734,2025-11-25,Total Parco Faisalabad G-11 Markaz Station,Total Parco,Faisalabad,Punjab,Super (92 Ron),266.13,4154.88,1105738.21,credit card,Corporate Fleet
TXN-20252735,2025-05-27,Total Parco Islamabad Jail Road Petrol Pump,Total Parco,Islamabad,Islamabad ICT,Hi-Octane (97 Ron),308.55,147.87,45625.29,cash,individual
TXN-20252736,2026-06-20,Hascol Karachi Ferozepur Road Pump,Hascol,Karachi,Sindh,CNG,211.55,22.32,4721.8,Mobile Wallet,Individual
TXN-20252737,2025-06-26,Attock Petroleum Karachi Khyber Pass Pump,Attock Petroleum,Karachi,Sindh,High Speed Diesel,289.79,127.68,37000.39,Credit Card,Corporate Fleet
TXN-20252738,2026-05-10,Attock Petroleum Rawalpindi Motorway Service Area,Attock Petroleum,Rawalpindi,Punjab,High Speed Diesel,298.61,11776.33,3516529.9,cash,Government
TXN-20252739,29-Jul-25,Total Parco Lahore G-11 Markaz Station,Total Parco,Lahore,Punjab,Hi-Octane (97 Ron),304.23,68.87,20952.32,CASH,Corporate Fleet
TXN-20252740,26/01/2026,Shell Lahore Karsaz Service Station,Shell,Lahore,Punjab,Hi-Octane (97 Ron),298.47,76.45,22818.03,CASH,Individual
TXN-20252741,2026-02-10,Attock Petroleum Lahore Saddar Filling Station,Attock Petroleum,Lahore,Punjab,Hi-Octane (97 Ron),315.72,59.06,18646.42,Fleet Card,Corporate
TXN-20252742,2026-06-05,Attock Petroleum Multan Saddar Filling Station,Attock Petroleum,Multan,Punjab,CNG,9999.0,147.03,1470152.97,CASH,Agriculture
TXN-20252743,2026-07-31,Hascol Karachi Super Highway Station,Hascol,Karachi,Sindh,CNG,208.93,7936.3,1658131.16,JazzCash,Government
TXN-20252744,2026-01-05,Shell Peshawar University Road Pump,Shell,Peshawar,KPK,Super (92 Ron),286.48,19.79,5669.44,credit card,individual
TXN-20252745,19-May-26,Total Parco Multan G-11 Markaz Station,Total Parco,Multan,Punjab,Hi-Octane (97 Ron),313.45,5436.69,2044956.58,,Agriculture
TXN-20252746,2025-05-18,Total Parco Lahore G-11 Markaz Station,Total Parco,Lahore,Punjab,High Speed Diesel,277.62,11.78,3270.36,EasyPaisa,Individual
TXN-20252747,01-Nov-25,PSO Lahore GT Road Service,PSO,Lahore,Punjab,Hi-Octane (97 Ron),322.46,131.05,42258.38,CASH,individual
TXN-20252748,2025-01-27,PSO Sialkot GT Road Service,PSO,Sialkot,Punjab,CNG,209.58,0.0,0.0,EasyPaisa,Corporate Fleet
TXN-20252749,2026-04-09,Attock Petroleum Faisalabad Khyber Pass Pump,Attock Petroleum,Faisalabad,Punjab,Hi-Octane (97 Ron),327.47,19.58,6411.86,Debit Card,Government
TXN-20252750,2025-01-08,Hascol Faisalabad Ferozepur Road Pump,Hascol,Faisalabad,Punjab,Hi-Octane (97 Ron),315.37,69.11,21795.22,credit card,Government
TXN-20252751,2026-05-04,Attock Petroleum Lahore Saddar Filling Station,Attock Petroleum,Lahore,Punjab,High Speed Diesel,300.1,78.13,23446.81,JazzCash,Government
TXN-20252752,2026-07-30,Total Parco Quetta Thokar Niaz Baig Station,Total Parco,Quetta,Balochistan,Hi-Octane (97 Ron),327.16,14.75,4825.61,CASH,individual
TXN-20252753,2026-01-09,PSO Multan Defence Filling Point,PSO,Multan,Punjab,Hi-Octane (97 Ron),309.09,145.04,44830.41,EasyPaisa,Agriculture
TXN-20252754,2025-04-16,Shell Peshawar Gulberg Station,Shell,Peshawar,KPK,Hi-Octane (97 Ron),307.38,95.14,,JazzCash,Corporate
TXN-20252755,2026-01-11,PSO Karachi Blue Area Station,PSO,Karachi,Sindh,High Speed Diesel,303.43,64.95,19707.78,credit card,individual
TXN-20252756,2025-08-26,Total Parco Karachi G-11 Markaz Station,Total Parco,Karachi,Sindh,High Speed Diesel,289.82,112.75,32677.2,CASH,Agriculture
TXN-20252757,2025-05-18,PSO Sialkot Defence Filling Point,PSO,Sialkot,Punjab,High Speed Diesel,280.81,106.81,,cash,Agriculture
TXN-20252757,2025-05-18,PSO Sialkot Defence Filling Point,PSO,Sialkot,Punjab,High Speed Diesel,280.81,106.81,,cash,Agriculture
TXN-20252758,2026-05-21,Cnergyico Islamabad Murree Road Station,Cnergyico,Islamabad,Islamabad ICT,Super (92 Ron),,85.0,,Mobile Wallet,Government
TXN-20252759,28/03/2026,Total Parco Quetta Jail Road Petrol Pump,Total Parco,Quetta,Balochistan,Super (92 Ron),287.26,33.93,,Fleet Card,Corporate Fleet
TXN-20252760,2026-07-22,Shell Peshawar F-7 Markaz Pump,Shell,Peshawar,KPK,Hi-Octane (97 Ron),326.01,6.16,2008.22,JazzCash,Government
TXN-20252761,2025-05-13,Attock Petroleum Peshawar Saddar Filling Station,Attock Petroleum,Peshawar,KPK,Super (92 Ron),278.5,124.9,34784.65,CASH,individual
TXN-20252762,15-Jun-26,Cnergyico Islamabad Hub River Road Pump,Cnergyico,Islamabad,Islamabad ICT,Super (92 Ron),272.72,5825.63,1588765.81,Credit Card,individual
TXN-20252763,2025-01-25,PSO Sialkot Blue Area Station,PSO,Sialkot,Punjab,CNG,201.51,59.74,12038.21,Fleet Card,Corporate Fleet
TXN-20252764,2026-04-22,Hascol Multan Hayatabad Filling Station,Hascol,Multan,Punjab,CNG,203.57,81.79,16649.99,Cash,Corporate
TXN-20252765,2025-02-19,Total Parco Faisalabad Thokar Niaz Baig Station,Total Parco,Faisalabad,Punjab,Super (92 Ron),266.87,127.39,33996.57,Credit Card,Agriculture
TXN-20252766,2025-12-01,Hascol Lahore Super Highway Station,Hascol,Lahore,Punjab,Super (92 Ron),282.73,41.75,11803.98,EasyPaisa,Government
TXN-20252767,2026-01-31,Total Parco Islamabad Shahrah-e-Faisal Point,Total Parco,Islamabad,Islamabad ICT,CNG,208.76,21.57,,EasyPaisa,individual
TXN-20252768,2026-02-01,Total Parco Peshawar Jail Road Petrol Pump,Total Parco,Peshawar,KPK,Super (92 Ron),263.08,75.12,19762.57,JazzCash,Corporate
TXN-20252769,21-Aug-26,Total Parco Lahore Shahrah-e-Faisal Point,Total Parco,Lahore,Punjab,High Speed Diesel,300.5,77.21,23201.6,EasyPaisa,Corporate
TXN-20252770,2026-08-20,Shell Peshawar Mall Road Station,Shell,Peshawar,KPK,CNG,215.71,19.08,4115.75,credit card,individual
TXN-20252771,2026-05-31,Total Parco Karachi Jail Road Petrol Pump,Total Parco,Karachi,Sindh,Hi-Octane (97 Ron),322.9,13.66,4410.81,Mobile Wallet,Corporate Fleet
TXN-20252772,2025-06-22,Shell Peshawar University Road Pump,Shell,Peshawar,KPK,High Speed Diesel,276.49,141.52,39128.86,Debit Card,Agriculture
TXN-20252773,2025-11-24,Total Parco Quetta Shahrah-e-Faisal Point,Total Parco,Quetta,Balochistan,Super (92 Ron),268.94,47.89,12879.54,credit card,Corporate
TXN-20252774,2026-05-09,Shell Quetta University Road Pump,Shell,Quetta,Balochistan,Super (92 Ron),273.15,94.99,25946.52,Debit Card,Agriculture
TXN-20252775,2025-04-23,Hascol Quetta Ferozepur Road Pump,Hascol,Quetta,Balochistan,CNG,212.06,89.15,18905.15,Credit Card,Government
TXN-20252776,29-Sep-25,PSO Islamabad GT Road Service,PSO,Islamabad,Islamabad ICT,CNG,202.79,97.61,19794.33,Mobile Wallet,Agriculture
TXN-20252777,2025-11-01,Cnergyico Faisalabad Murree Road Station,Cnergyico,Faisalabad,Punjab,CNG,215.06,78.62,16908.02,EasyPaisa,individual
TXN-20252778,2026-01-27,Total Parco Sialkot Thokar Niaz Baig Station,Total Parco,Sialkot,Punjab,CNG,201.87,,,Mobile Wallet,Corporate
TXN-20252779,2025-10-24,Cnergyico Sialkot Multan Road Filling Point,Cnergyico,Sialkot,Punjab,Super (92 Ron),288.46,87.54,25251.79,Credit Card,Corporate
TXN-20252780,2025-09-26,Total Parco Rawalpindi Jail Road Petrol Pump,Total Parco,Rawalpindi,Punjab,Hi-Octane (97 Ron),321.9,129.92,41821.25,CASH,Corporate
TXN-20252781,2026-02-17,Shell Islamabad Karsaz Service Station,Shell,Islamabad,Islamabad ICT,CNG,212.53,71.65,15227.77,Debit Card,Agriculture
TXN-20252782,2025-08-21,Shell Lahore Karsaz Service Station,Shell,Lahore,Punjab,Hi-Octane (97 Ron),317.94,139.18,,Credit Card,Corporate Fleet
TXN-20252783,2026-04-06,Hascol Islamabad Hayatabad Filling Station,Hascol,Islamabad,Islamabad ICT,CNG,201.47,47.35,9539.6,CASH,Government
TXN-20252784,2025-11-25,Cnergyico Rawalpindi Multan Road Filling Point,Cnergyico,Rawalpindi,Punjab,CNG,207.38,70.08,14533.19,credit card,Corporate
TXN-20252785,2025-03-17,PSO Rawalpindi GT Road Service,PSO,Rawalpindi,Punjab,Hi-Octane (97 Ron),317.88,42.45,13494.01,CASH,Agriculture
TXN-20252786,14/01/2026,Attock Petroleum Quetta Motorway Service Area,Attock Petroleum,Quetta,Balochistan,CNG,212.49,131.46,27933.94,Debit Card,individual
TXN-20252787,2025-02-07,Cnergyico Faisalabad Multan Road Filling Point,Cnergyico,Faisalabad,Punjab,High Speed Diesel,298.09,130.08,38775.55,CASH,individual
TXN-20252788,2025-06-27,Attock Petroleum Rawalpindi Khyber Pass Pump,Attock Petroleum,Rawalpindi,Punjab,CNG,216.79,149.78,32470.81,EasyPaisa,Corporate Fleet
TXN-20252789,2026-04-12,Hascol Islamabad Hayatabad Filling Station,Hascol,Islamabad,Islamabad ICT,Super (92 Ron),276.41,119.98,33163.67,Fleet Card,Corporate Fleet
TXN-20252790,2026-07-11,Hascol Sialkot Ferozepur Road Pump,Hascol,Sialkot,Punjab,Hi-Octane (97 Ron),324.1,55.39,17951.9,Debit Card,individual
TXN-20252791,2026-04-12,PSO Peshawar Clifton Service Station,PSO,Peshawar,KPK,Hi-Octane (97 Ron),326.7,11591.56,3786962.65,Credit Card,Corporate Fleet
TXN-20252792,12-Jul-25,PSO Karachi GT Road Service,PSO,Karachi,Sindh,CNG,215.0,67.27,14463.05,Debit Card,Individual
TXN-20252793,24-Jul-26,Cnergyico Peshawar Multan Road Filling Point,Cnergyico,Peshawar,KPK,Super (92 Ron),275.53,40.58,11181.01,Mobile Wallet,Corporate
TXN-20252794,2025-01-20,Shell Sialkot Gulberg Station,Shell,Sialkot,Punjab,CNG,201.76,1371.4,276693.66,Credit Card,Individual
TXN-20252795,2026-03-28,Cnergyico Quetta Murree Road Station,Cnergyico,Quetta,Balochistan,Hi-Octane (97 Ron),321.65,123.41,39694.83,cash,Individual
TXN-20252796,2025-10-14,Total Parco Peshawar Thokar Niaz Baig Station,Total Parco,Peshawar,KPK,Super (92 Ron),263.6,52.72,13896.99,Mobile Wallet,Individual
TXN-20252797,2025-02-25,Cnergyico Lahore Hub River Road Pump,Cnergyico,Lahore,Punjab,CNG,200.91,110.69,22238.73,Credit Card,Individual
TXN-20252798,2025-02-12,PSO Multan Blue Area Station,PSO,Multan,Punjab,CNG,207.56,0.0,0.0,Mobile Wallet,Corporate
TXN-20252799,2025-01-17,Hascol Islamabad Super Highway Station,Hascol,Islamabad,Islamabad ICT,Super (92 Ron),265.96,114.84,30542.85,JazzCash,Individual
TXN-20252800,2026-05-04,Cnergyico Peshawar Multan Road Filling Point,Cnergyico,Peshawar,KPK,CNG,207.3,46.61,9662.25,Credit Card,Corporate
TXN-20252801,15/08/2025,Total Parco Rawalpindi Shahrah-e-Faisal Point,Total Parco,Rawalpindi,Punjab,High Speed Diesel,302.06,4463.72,,cash,individual
TXN-20252802,2026-01-03,Hascol Sialkot Hayatabad Filling Station,Hascol,Sialkot,Punjab,High Speed Diesel,300.43,97.66,29339.99,credit card,individual
TXN-20252803,2025-10-29,Hascol Rawalpindi Hayatabad Filling Station,Hascol,Rawalpindi,Punjab,CNG,,122.61,,Cash,Individual
TXN-20252804,2025-03-27,Attock Petroleum Lahore Industrial Area Pump,Attock Petroleum,Lahore,Punjab,High Speed Diesel,290.32,57.65,16736.95,,Government
TXN-20252805,2025-12-13,Cnergyico Quetta Hub River Road Pump,Cnergyico,Quetta,Balochistan,High Speed Diesel,283.8,,,JazzCash,individual
TXN-20252806,2025-03-18,Shell Karachi Karsaz Service Station,Shell,Karachi,Sindh,CNG,206.3,1172.04,241791.85,credit card,Agriculture
TXN-20252807,2026-07-13,Attock Petroleum Rawalpindi Saddar Filling Station,Attock Petroleum,Rawalpindi,Punjab,High Speed Diesel,296.11,146.37,43341.62,EasyPaisa,Corporate
TXN-20252808,2025-10-11,Attock Petroleum Faisalabad Saddar Filling Station,Attock Petroleum,Faisalabad,Punjab,Super (92 Ron),287.72,30.18,8683.39,credit card,Corporate
TXN-20252809,2025-11-02,Hascol Faisalabad Super Highway Station,Hascol,Faisalabad,Punjab,High Speed Diesel,285.73,46.47,13277.87,cash,Government
TXN-20252810,2026-08-05,PSO Sialkot Lytton Road Pump,PSO,Sialkot,Punjab,Hi-Octane (97 Ron),305.14,8.54,2605.9,Credit Card,Agriculture
TXN-20252811,2025-09-05,Shell Multan Gulberg Station,Shell,Multan,Punjab,Hi-Octane (97 Ron),295.6,7650.15,2261384.34,Cash,Corporate Fleet
TXN-20252812,22-May-26,Hascol Karachi Ferozepur Road Pump,Hascol,Karachi,Sindh,Hi-Octane (97 Ron),306.48,12.23,3748.25,Debit Card,Individual
TXN-20252813,2025-08-12,Attock Petroleum Rawalpindi Saddar Filling Station,Attock Petroleum,Rawalpindi,Punjab,Super (92 Ron),269.06,66.09,17782.18,CASH,Corporate
TXN-20252814,2025-08-01,Cnergyico Islamabad Murree Road Station,Cnergyico,Islamabad,Islamabad ICT,CNG,201.04,4289.29,862318.86,Debit Card,Corporate Fleet
TXN-20252815,01-Feb-26,PSO Islamabad Cantt Filling Point,PSO,Islamabad,Islamabad ICT,Hi-Octane (97 Ron),295.9,90.02,26636.92,JazzCash,Individual
TXN-20252816,2026-03-20,Hascol Lahore Ferozepur Road Pump,Hascol,Lahore,Punjab,High Speed Diesel,303.08,8989.41,2724510.38,credit card,individual
TXN-20252817,2025-04-23,Total Parco Islamabad Jail Road Petrol Pump,Total Parco,Islamabad,Islamabad ICT,Hi-Octane (97 Ron),313.69,80.11,25129.71,CASH,Government
TXN-20252818,2026-05-03,Cnergyico Quetta Multan Road Filling Point,Cnergyico,Quetta,Balochistan,CNG,218.48,136.14,,JazzCash,Agriculture
TXN-20252819,2025-07-20,Shell Sialkot Gulberg Station,Shell,Sialkot,Punjab,Hi-Octane (97 Ron),328.92,136.82,45002.83,Debit Card,Individual
TXN-20252820,2025-08-09,Attock Petroleum Islamabad Saddar Filling Station,Attock Petroleum,Islamabad,Islamabad ICT,Hi-Octane (97 Ron),308.88,143.08,44194.55,Mobile Wallet,Agriculture
TXN-20252821,05/12/2025,Attock Petroleum Peshawar Industrial Area Pump,Attock Petroleum,Peshawar,KPK,High Speed Diesel,282.25,92.04,25978.29,CASH,Corporate
TXN-20252822,2025-11-30,Attock Petroleum Rawalpindi Khyber Pass Pump,Attock Petroleum,Rawalpindi,Punjab,High Speed Diesel,298.71,122.93,36720.42,JazzCash,Individual
TXN-20252823,2025-10-01,Cnergyico Rawalpindi Multan Road Filling Point,Cnergyico,Rawalpindi,Punjab,High Speed Diesel,293.69,17.23,5060.28,Cash,Agriculture
TXN-20252824,2025-11-20,Hascol Multan Super Highway Station,Hascol,Multan,Punjab,CNG,210.39,2345.42,493452.91,JazzCash,Agriculture
TXN-20252825,2026-08-21,PSO Faisalabad Defence Filling Point,PSO,Faisalabad,Punjab,CNG,206.52,144.56,29854.53,cash,Individual
TXN-20252826,2025-01-31,Attock Petroleum Quetta Khyber Pass Pump,Attock Petroleum,Quetta,Balochistan,Super (92 Ron),288.64,122.05,35228.51,,Government
TXN-20252827,2026-05-16,PSO Peshawar GT Road Service,PSO,Peshawar,KPK,Super (92 Ron),284.26,0.0,0.0,Mobile Wallet,Government
TXN-20252828,2026-06-13,Hascol Multan Super Highway Station,Hascol,Multan,Punjab,Hi-Octane (97 Ron),9999.0,109.97,1099590.03,JazzCash,individual
TXN-20252829,2026-03-11,PSO Quetta Blue Area Station,PSO,Quetta,Balochistan,Hi-Octane (97 Ron),296.77,75.52,22412.07,credit card,Individual
TXN-20252830,2026-07-21,PSO Rawalpindi Clifton Service Station,PSO,Rawalpindi,Punjab,Hi-Octane (97 Ron),310.89,0.0,0.0,cash,Corporate
TXN-20252831,2025-06-29,PSO Multan Cantt Filling Point,PSO,Multan,Punjab,High Speed Diesel,280.44,28.03,7860.73,Cash,Agriculture
TXN-20252832,2026-07-31,Attock Petroleum Peshawar Motorway Service Area,Attock Petroleum,Peshawar,KPK,CNG,203.39,127.37,25905.78,EasyPaisa,Government
TXN-20252833,20/06/2025,Shell Islamabad Karsaz Service Station,Shell,Islamabad,Islamabad ICT,Super (92 Ron),276.43,71.09,19651.41,Fleet Card,Government
TXN-20252834,2026-01-28,Hascol Rawalpindi Hayatabad Filling Station,Hascol,Rawalpindi,Punjab,High Speed Diesel,302.94,121.9,36928.39,Fleet Card,individual
TXN-20252835,2025-08-03,Total Parco Quetta G-11 Markaz Station,Total Parco,Quetta,Balochistan,Hi-Octane (97 Ron),300.24,57.53,17272.81,,individual
TXN-20252836,2026-08-10,Cnergyico Quetta Murree Road Station,Cnergyico,Quetta,Balochistan,High Speed Diesel,282.99,122.15,34567.23,EasyPaisa,Government
TXN-20252837,2025-11-18,Shell Lahore Gulberg Station,Shell,Lahore,Punjab,Hi-Octane (97 Ron),315.52,127.61,40263.51,Credit Card,Agriculture
TXN-20252838,2025-06-23,Total Parco Rawalpindi Shahrah-e-Faisal Point,Total Parco,Rawalpindi,Punjab,High Speed Diesel,277.0,5134.37,1422220.49,credit card,Agriculture
TXN-20252839,2025-09-29,Hascol Islamabad Super Highway Station,Hascol,Islamabad,Islamabad ICT,Hi-Octane (97 Ron),321.72,108.99,35064.26,EasyPaisa,Corporate
TXN-20252840,16/02/2025,Total Parco Peshawar Thokar Niaz Baig Station,Total Parco,Peshawar,KPK,Hi-Octane (97 Ron),323.82,33.39,,EasyPaisa,Agriculture
TXN-20252841,2025-01-03,Cnergyico Quetta Hub River Road Pump,Cnergyico,Quetta,Balochistan,CNG,215.36,58.17,12527.49,JazzCash,Corporate Fleet
TXN-20252842,2026-01-11,Attock Petroleum Quetta Khyber Pass Pump,Attock Petroleum,Quetta,Balochistan,CNG,201.52,109.97,22161.15,Credit Card,Agriculture
TXN-20252843,16-Sep-25,Attock Petroleum Rawalpindi Saddar Filling Station,Attock Petroleum,Rawalpindi,Punjab,CNG,211.95,68.65,14550.37,CASH,individual
TXN-20252844,2026-05-20,Hascol Faisalabad Hayatabad Filling Station,Hascol,Faisalabad,Punjab,Hi-Octane (97 Ron),298.56,56.81,16961.19,credit card,Corporate
TXN-20252845,2025-10-26,Total Parco Rawalpindi Jail Road Petrol Pump,Total Parco,Rawalpindi,Punjab,Hi-Octane (97 Ron),311.13,10604.21,3299287.86,EasyPaisa,Corporate
TXN-20252846,2025-11-18,Attock Petroleum Peshawar Khyber Pass Pump,Attock Petroleum,Peshawar,KPK,Super (92 Ron),283.31,53.46,15145.75,CASH,Corporate Fleet
TXN-20252847,2026-05-13,PSO Karachi Defence Filling Point,PSO,Karachi,Sindh,Super (92 Ron),278.02,113.18,31466.3,CASH,Agriculture
TXN-20252848,2025-10-01,Total Parco Rawalpindi Thokar Niaz Baig Station,Total Parco,Rawalpindi,Punjab,Hi-Octane (97 Ron),329.59,90.3,,EasyPaisa,Agriculture
TXN-20252849,2025-07-26,Shell Sialkot F-7 Markaz Pump,Shell,Sialkot,Punjab,High Speed Diesel,300.17,129.14,38763.95,Debit Card,Corporate Fleet
TXN-20252850,01/05/2026,Cnergyico Karachi Murree Road Station,Cnergyico,Karachi,Sindh,CNG,216.76,138.62,30047.27,Credit Card,Individual
TXN-20252851,2025-01-04,Cnergyico Lahore Murree Road Station,Cnergyico,Lahore,Punjab,CNG,202.39,127.04,25711.63,cash,Agriculture
TXN-20252852,2026-03-21,Hascol Peshawar Ferozepur Road Pump,Hascol,Peshawar,KPK,CNG,201.65,95.21,19199.1,Fleet Card,individual
TXN-20252853,2026-07-23,Cnergyico Rawalpindi Hub River Road Pump,Cnergyico,Rawalpindi,Punjab,High Speed Diesel,297.5,25.91,7708.23,Debit Card,Government
TXN-20252854,2026-03-28,Attock Petroleum Islamabad Motorway Service Area,Attock Petroleum,Islamabad,Islamabad ICT,CNG,213.21,97.51,20790.11,cash,individual
TXN-20252855,29/03/2026,Total Parco Karachi G-11 Markaz Station,Total Parco,Karachi,Sindh,Hi-Octane (97 Ron),306.58,120.58,36967.42,Debit Card,Corporate Fleet
TXN-20252856,2025-11-05,Hascol Faisalabad Super Highway Station,Hascol,Faisalabad,Punjab,Super (92 Ron),276.39,71.56,19778.47,EasyPaisa,Individual
TXN-20252857,2026-05-18,Shell Lahore Gulberg Station,Shell,Lahore,Punjab,High Speed Diesel,297.22,34.68,10307.59,cash,Government
TXN-20252858,2026-06-12,Attock Petroleum Faisalabad Motorway Service Area,Attock Petroleum,Faisalabad,Punjab,High Speed Diesel,282.84,138.96,39303.45,Fleet Card,Agriculture
TXN-20252859,2025-03-12,PSO Islamabad GT Road Service,PSO,Islamabad,Islamabad ICT,Super (92 Ron),261.66,104.39,27314.69,Cash,Corporate
TXN-20252860,2025-03-13,Hascol Rawalpindi Super Highway Station,Hascol,Rawalpindi,Punjab,CNG,202.38,0.0,0.0,EasyPaisa,Corporate Fleet
TXN-20252861,2026-01-24,Hascol Rawalpindi Hayatabad Filling Station,Hascol,Rawalpindi,Punjab,CNG,209.82,42.23,8860.7,Fleet Card,Corporate Fleet
TXN-20252862,2026-08-12,Shell Sialkot Gulberg Station,Shell,Sialkot,Punjab,Super (92 Ron),263.23,6969.29,1834526.21,Credit Card,Corporate
TXN-20252863,2025-06-08,Total Parco Sialkot G-11 Markaz Station,Total Parco,Sialkot,Punjab,Hi-Octane (97 Ron),301.51,136.08,41029.48,credit card,Corporate
TXN-20252864,05/03/2026,PSO Karachi GT Road Service,PSO,Karachi,Sindh,Hi-Octane (97 Ron),317.19,90.2,28610.54,credit card,Government
TXN-20252865,2025-06-15,PSO Islamabad Lytton Road Pump,PSO,Islamabad,Islamabad ICT,Hi-Octane (97 Ron),327.97,32.54,10672.14,Debit Card,Corporate Fleet
TXN-20252866,2025-05-03,Total Parco Sialkot Thokar Niaz Baig Station,Total Parco,Sialkot,Punjab,High Speed Diesel,287.6,145.8,41932.08,Credit Card,Agriculture
TXN-20252867,06-Apr-26,Shell Sialkot Mall Road Station,Shell,Sialkot,Punjab,Super (92 Ron),278.32,148.04,41202.49,cash,Agriculture
TXN-20252868,2025-03-21,Hascol Quetta Hayatabad Filling Station,Hascol,Quetta,Balochistan,Hi-Octane (97 Ron),327.67,33.29,10908.13,cash,Corporate Fleet
TXN-20252869,2025-04-07,Hascol Islamabad Ferozepur Road Pump,Hascol,Islamabad,Islamabad ICT,CNG,216.06,100.46,21705.39,Fleet Card,Corporate
TXN-20252870,2026-07-22,Cnergyico Quetta Multan Road Filling Point,Cnergyico,Quetta,Balochistan,CNG,202.6,84.14,17046.76,EasyPaisa,Individual
TXN-20252871,2025-10-01,Attock Petroleum Peshawar Khyber Pass Pump,Attock Petroleum,Peshawar,KPK,CNG,204.77,58.57,11993.38,EasyPaisa,Agriculture
TXN-20252872,2025-12-21,Hascol Peshawar Ferozepur Road Pump,Hascol,Peshawar,KPK,Hi-Octane (97 Ron),325.23,134.9,43873.53,Credit Card,Agriculture
TXN-20252873,2025-09-06,Hascol Quetta Hayatabad Filling Station,Hascol,Quetta,Balochistan,Hi-Octane (97 Ron),327.52,54.01,17689.36,Mobile Wallet,Corporate
TXN-20252874,25-Mar-25,Attock Petroleum Rawalpindi Motorway Service Area,Attock Petroleum,Rawalpindi,Punjab,Super (92 Ron),284.5,21.33,6068.38,Debit Card,Individual
TXN-20252875,19-Mar-26,PSO Quetta Cantt Filling Point,PSO,Quetta,Balochistan,High Speed Diesel,294.91,50.17,14795.63,Credit Card,individual
TXN-20252876,2025-06-28,PSO Faisalabad Blue Area Station,PSO,Faisalabad,Punjab,Hi-Octane (97 Ron),296.32,98.23,29107.51,Credit Card,Corporate
TXN-20252877,2025-12-14,PSO Karachi Defence Filling Point,PSO,Karachi,Sindh,CNG,204.13,620.56,126674.91,Debit Card,Corporate Fleet
TXN-20252878,2026-02-04,Attock Petroleum Karachi Industrial Area Pump,Attock Petroleum,Karachi,Sindh,High Speed Diesel,298.09,24.82,7398.59,Cash,Government
TXN-20252879,2025-12-15,Cnergyico Faisalabad Hub River Road Pump,Cnergyico,Faisalabad,Punjab,Super (92 Ron),273.72,78.23,21413.12,JazzCash,individual
TXN-20252880,2026-02-21,Attock Petroleum Quetta Khyber Pass Pump,Attock Petroleum,Quetta,Balochistan,Super (92 Ron),264.79,60.09,15911.23,credit card,Individual
TXN-20252881,2025-12-31,PSO Karachi Lytton Road Pump,PSO,Karachi,Sindh,Hi-Octane (97 Ron),310.95,134.73,41894.29,Fleet Card,Individual
TXN-20252882,2025-10-06,Total Parco Islamabad Jail Road Petrol Pump,Total Parco,Islamabad,Islamabad ICT,Hi-Octane (97 Ron),298.4,26.32,7853.89,cash,Government
TXN-20252883,2026-01-22,PSO Quetta Clifton Service Station,PSO,Quetta,Balochistan,CNG,203.65,56.41,11487.9,credit card,individual
TXN-20252884,2025-12-06,PSO Quetta Lytton Road Pump,PSO,Quetta,Balochistan,High Speed Diesel,277.06,52.3,14490.24,Mobile Wallet,Corporate Fleet
TXN-20252885,2025-01-12,PSO Sialkot Cantt Filling Point,PSO,Sialkot,Punjab,CNG,210.29,29.62,6228.79,Cash,Corporate Fleet
TXN-20252886,2025-09-23,PSO Quetta Cantt Filling Point,PSO,Quetta,Balochistan,Hi-Octane (97 Ron),302.02,53.42,16133.91,Debit Card,individual
TXN-20252887,2025-03-05,PSO Karachi Cantt Filling Point,PSO,Karachi,Sindh,Hi-Octane (97 Ron),303.35,,,Cash,Corporate Fleet
TXN-20252888,2025-10-30,PSO Sialkot Blue Area Station,PSO,Sialkot,Punjab,CNG,205.11,77.38,15871.41,EasyPaisa,Corporate
TXN-20252889,2026-07-08,PSO Rawalpindi Defence Filling Point,PSO,Rawalpindi,Punjab,Super (92 Ron),287.25,78.1,22434.22,Credit Card,individual
TXN-20252890,2025-08-13,Total Parco Rawalpindi Jail Road Petrol Pump,Total Parco,Rawalpindi,Punjab,CNG,209.72,82.54,17310.29,Debit Card,Corporate
TXN-20252891,2026-05-29,Attock Petroleum Multan Industrial Area Pump,Attock Petroleum,Multan,Punjab,Super (92 Ron),283.63,130.56,37030.73,Cash,individual
TXN-20252892,2025-03-24,PSO Faisalabad Lytton Road Pump,PSO,Faisalabad,Punjab,Super (92 Ron),273.26,9.62,2628.76,EasyPaisa,Corporate
TXN-20252893,13-Oct-25,Attock Petroleum Multan Industrial Area Pump,Attock Petroleum,Multan,Punjab,Super (92 Ron),281.8,85.27,24029.09,EasyPaisa,individual
TXN-20252894,2025-03-11,Total Parco Peshawar Jail Road Petrol Pump,Total Parco,Peshawar,KPK,High Speed Diesel,296.16,41.29,12228.45,Cash,Individual
TXN-20252895,2025-08-20,Cnergyico Lahore Hub River Road Pump,Cnergyico,Lahore,Punjab,Hi-Octane (97 Ron),321.17,74.68,23984.98,credit card,individual
TXN-20252896,19-Oct-25,PSO Multan Clifton Service Station,PSO,Multan,Punjab,High Speed Diesel,297.59,7548.48,2246352.16,Debit Card,Agriculture
TXN-20252897,2026-07-09,Cnergyico Peshawar Murree Road Station,Cnergyico,Peshawar,KPK,Super (92 Ron),270.71,7038.99,1905524.98,Credit Card,individual
TXN-20252898,18-Sep-25,PSO Multan Blue Area Station,PSO,Multan,Punjab,Super (92 Ron),265.73,45.26,12026.94,,Corporate Fleet
TXN-20252899,2026-04-02,Shell Peshawar Gulberg Station,Shell,Peshawar,KPK,CNG,215.61,12.07,2602.41,cash,Government
TXN-20252900,2026-02-11,Hascol Rawalpindi Super Highway Station,Hascol,Rawalpindi,Punjab,High Speed Diesel,293.54,109.22,,cash,Corporate
TXN-20252901,2025-04-09,Cnergyico Lahore Hub River Road Pump,Cnergyico,Lahore,Punjab,High Speed Diesel,301.0,28.8,8668.8,Fleet Card,Corporate Fleet
TXN-20252902,2025-06-15,Total Parco Karachi Thokar Niaz Baig Station,Total Parco,Karachi,Sindh,Super (92 Ron),267.06,55.43,14803.14,Cash,Corporate Fleet
TXN-20252903,2025-05-01,Cnergyico Rawalpindi Murree Road Station,Cnergyico,Rawalpindi,Punjab,CNG,209.67,65.08,13645.32,Credit Card,Individual
TXN-20252904,2026-06-01,Attock Petroleum Islamabad Khyber Pass Pump,Attock Petroleum,Islamabad,Islamabad ICT,High Speed Diesel,303.57,137.6,41771.23,CASH,Corporate
TXN-20252905,2026-06-19,Hascol Rawalpindi Super Highway Station,Hascol,Rawalpindi,Punjab,Super (92 Ron),286.93,48.27,13850.11,CASH,Individual
TXN-20252906,2026-08-01,PSO Quetta Blue Area Station,PSO,Quetta,Balochistan,High Speed Diesel,277.92,14.88,4962.54,cash,Individual
TXN-20252907,06-Jun-25,Shell Peshawar Gulberg Station,Shell,Peshawar,KPK,Super (92 Ron),262.71,117.35,30829.02,Fleet Card,Corporate Fleet
TXN-20252908,29/08/2025,Shell Rawalpindi Gulberg Station,Shell,Rawalpindi,Punjab,Hi-Octane (97 Ron),306.18,135.87,41600.68,JazzCash,individual
TXN-20252909,2025-01-31,Attock Petroleum Peshawar Industrial Area Pump,Attock Petroleum,Peshawar,KPK,Hi-Octane (97 Ron),300.58,9289.14,2792129.7,EasyPaisa,Corporate Fleet
TXN-20252910,2025-11-11,Attock Petroleum Lahore Saddar Filling Station,Attock Petroleum,Lahore,Punjab,Super (92 Ron),274.43,143.45,39366.98,Credit Card,Corporate
TXN-20252911,2025-09-11,Hascol Sialkot Ferozepur Road Pump,Hascol,Sialkot,Punjab,High Speed Diesel,291.69,1146.33,334373.0,JazzCash,individual
TXN-20252912,24-Jun-26,Cnergyico Faisalabad Hub River Road Pump,Cnergyico,Faisalabad,Punjab,CNG,216.69,35.07,7599.32,cash,individual
TXN-20252913,06/11/2025,PSO Multan Lytton Road Pump,PSO,Multan,Punjab,High Speed Diesel,302.34,53.75,16250.77,credit card,Government
TXN-20252914,2025-04-13,Attock Petroleum Quetta Saddar Filling Station,Attock Petroleum,Quetta,Balochistan,High Speed Diesel,271.89,126.36,34356.02,Credit Card,Individual
TXN-20252915,2026-08-09,Hascol Lahore Super Highway Station,Hascol,Lahore,Punjab,Hi-Octane (97 Ron),315.14,97.22,30637.91,EasyPaisa,Individual
TXN-20252916,2025-05-22,PSO Rawalpindi Defence Filling Point,PSO,Rawalpindi,Punjab,Super (92 Ron),264.21,49.34,13036.12,Fleet Card,Corporate Fleet
TXN-20252917,18/07/2026,Hascol Islamabad Ferozepur Road Pump,Hascol,Islamabad,Islamabad ICT,Super (92 Ron),269.37,28.51,7679.74,EasyPaisa,
TXN-20252918,2025-06-19,Cnergyico Islamabad Multan Road Filling Point,Cnergyico,Islamabad,Islamabad ICT,High Speed Diesel,289.17,65.0,18796.05,Fleet Card,Individual
TXN-20252919,2026-02-22,Total Parco Islamabad Jail Road Petrol Pump,Total Parco,Islamabad,Islamabad ICT,Super (92 Ron),265.37,141.02,37422.48,Cash,Individual
TXN-20252920,2026-04-06,PSO Rawalpindi GT Road Service,PSO,Rawalpindi,Punjab,Hi-Octane (97 Ron),318.07,3278.4,1042760.69,Fleet Card,Government
TXN-20252921,2025-06-24,Attock Petroleum Multan Industrial Area Pump,Attock Petroleum,Multan,Punjab,Super (92 Ron),274.33,61.82,16959.08,EasyPaisa,Individual
TXN-20252922,2025-11-27,Attock Petroleum Rawalpindi Khyber Pass Pump,Attock Petroleum,Rawalpindi,Punjab,High Speed Diesel,284.07,78.34,,Fleet Card,individual
TXN-20252923,2026-08-01,Shell Lahore University Road Pump,Shell,Lahore,Punjab,CNG,215.83,101.14,21829.05,Mobile Wallet,Corporate
TXN-20252924,2025-10-11,Cnergyico Rawalpindi Murree Road Station,Cnergyico,Rawalpindi,Punjab,CNG,215.89,10.29,,EasyPaisa,Corporate
TXN-20252925,20-Sep-25,Hascol Rawalpindi Hayatabad Filling Station,Hascol,Rawalpindi,Punjab,CNG,211.69,130.1,,EasyPaisa,Government
TXN-20252926,2025-10-15,Shell Peshawar Mall Road Station,Shell,Peshawar,KPK,Hi-Octane (97 Ron),,80.71,,cash,individual
TXN-20252927,2026-01-12,Cnergyico Rawalpindi Murree Road Station,Cnergyico,Rawalpindi,Punjab,CNG,210.12,72.93,15324.05,Cash,Corporate
TXN-20252928,2025-04-23,Total Parco Peshawar G-11 Markaz Station,Total Parco,Peshawar,KPK,Hi-Octane (97 Ron),296.94,89.12,26463.29,Cash,individual
TXN-20252929,16-Nov-25,Shell Karachi Mall Road Station,Shell,Karachi,Sindh,Hi-Octane (97 Ron),312.18,141.91,44301.46,JazzCash,Agriculture
TXN-20252930,22-Jul-25,Shell Islamabad University Road Pump,Shell,Islamabad,Islamabad ICT,Hi-Octane (97 Ron),302.06,112.86,34090.49,Fleet Card,Government
TXN-20252931,2026-08-18,Shell Multan F-7 Markaz Pump,Shell,Multan,Punjab,CNG,206.89,87.83,18171.15,Mobile Wallet,Individual
TXN-20252932,2025-07-02,Attock Petroleum Multan Motorway Service Area,Attock Petroleum,Multan,Punjab,High Speed Diesel,283.41,11.7,3979.08,CASH,Individual
TXN-20252933,2025-03-28,Hascol Islamabad Super Highway Station,Hascol,Islamabad,Islamabad ICT,CNG,213.89,43.12,9222.94,Cash,Corporate
TXN-20252934,2026-07-30,Attock Petroleum Multan Industrial Area Pump,Attock Petroleum,Multan,Punjab,High Speed Diesel,303.07,124.96,37871.63,JazzCash,Individual
TXN-20252935,2025-11-01,Hascol Karachi Ferozepur Road Pump,Hascol,Karachi,Sindh,High Speed Diesel,279.59,53.96,15086.68,CASH,individual
TXN-20252936,26-Mar-25,Hascol Islamabad Super Highway Station,Hascol,Islamabad,Islamabad ICT,Hi-Octane (97 Ron),323.63,5914.34,1914057.85,Cash,individual
TXN-20252937,2025-09-17,Cnergyico Quetta Murree Road Station,Cnergyico,Quetta,Balochistan,Super (92 Ron),289.82,121.19,35123.29,Cash,Corporate Fleet
TXN-20252938,2025-12-20,Hascol Islamabad Hayatabad Filling Station,Hascol,Islamabad,Islamabad ICT,Super (92 Ron),272.23,109.13,29708.46,Credit Card,Government
TXN-20252939,2025-02-18,Attock Petroleum Lahore Motorway Service Area,Attock Petroleum,Lahore,Punjab,CNG,217.14,121.77,26441.14,JazzCash,Individual
TXN-20252940,2025-07-14,Cnergyico Islamabad Hub River Road Pump,Cnergyico,Islamabad,Islamabad ICT,Hi-Octane (97 Ron),322.71,56.13,,JazzCash,Corporate
TXN-20252941,2026-05-24,Attock Petroleum Lahore Khyber Pass Pump,Attock Petroleum,Lahore,Punjab,Hi-Octane (97 Ron),307.8,89.77,27631.21,EasyPaisa,Corporate
TXN-20252942,2025-10-13,Attock Petroleum Islamabad Motorway Service Area,Attock Petroleum,Islamabad,Islamabad ICT,CNG,-99.0,84.77,-8392.23,EasyPaisa,Corporate Fleet
TXN-20252942,2025-10-13,Attock Petroleum Islamabad Motorway Service Area,Attock Petroleum,Islamabad,Islamabad ICT,CNG,-99.0,84.77,-8392.23,EasyPaisa,Corporate Fleet
TXN-20252943,2025-08-24,Hascol Rawalpindi Hayatabad Filling Station,Hascol,Rawalpindi,Punjab,CNG,203.81,131.09,26717.45,Mobile Wallet,Corporate
TXN-20252944,2025-11-06,PSO Quetta Cantt Filling Point,PSO,Quetta,Balochistan,CNG,204.61,6.02,1231.75,CASH,Individual
TXN-20252945,2025-02-12,Shell Islamabad Karsaz Service Station,Shell,Islamabad,Islamabad ICT,CNG,209.4,8128.93,,CASH,Agriculture
TXN-20252946,2026-04-08,Cnergyico Karachi Multan Road Filling Point,Cnergyico,Karachi,Sindh,CNG,215.1,5192.51,1116908.9,CASH,Government
TXN-20252947,11/03/2026,Attock Petroleum Multan Motorway Service Area,Attock Petroleum,Multan,Punjab,Hi-Octane (97 Ron),329.82,68.8,22691.62,Cash,Corporate
TXN-20252948,2025-03-24,Cnergyico Multan Multan Road Filling Point,Cnergyico,Multan,Punjab,Hi-Octane (97 Ron),319.29,147.02,46942.02,Fleet Card,Agriculture
TXN-20252949,2025-07-25,PSO Islamabad Clifton Service Station,PSO,Islamabad,Islamabad ICT,CNG,201.45,10.17,2048.75,credit card,Agriculture
TXN-20252950,2026-01-03,PSO Peshawar Defence Filling Point,PSO,Peshawar,KPK,High Speed Diesel,272.21,58.9,16033.17,Credit Card,Corporate Fleet
TXN-20252951,2026-02-02,Total Parco Sialkot Thokar Niaz Baig Station,Total Parco,Sialkot,Punjab,High Speed Diesel,298.82,9831.8,2937938.48,Cash,individual
TXN-20252952,10/11/2025,Attock Petroleum Peshawar Khyber Pass Pump,Attock Petroleum,Peshawar,KPK,Super (92 Ron),275.07,9.51,2615.92,Debit Card,individual
TXN-20252953,2025-07-21,Cnergyico Peshawar Murree Road Station,Cnergyico,Peshawar,KPK,High Speed Diesel,293.48,32.99,9681.91,Cash,Corporate Fleet
TXN-20252954,2026-03-01,Cnergyico Quetta Hub River Road Pump,Cnergyico,Quetta,Balochistan,Hi-Octane (97 Ron),321.21,55.85,17939.58,Credit Card,Government
TXN-20252955,2025-05-01,PSO Quetta Blue Area Station,PSO,Quetta,Balochistan,Super (92 Ron),270.72,37.07,10035.59,EasyPaisa,Agriculture
TXN-20252956,2025-12-16,Attock Petroleum Peshawar Motorway Service Area,Attock Petroleum,Peshawar,KPK,Super (92 Ron),276.94,5.36,1484.4,credit card,individual
TXN-20252957,20-Jan-26,Hascol Karachi Ferozepur Road Pump,Hascol,Karachi,Sindh,Super (92 Ron),267.58,0.0,,CASH,Individual
TXN-20252958,2026-04-19,Shell Karachi Mall Road Station,Shell,Karachi,Sindh,Hi-Octane (97 Ron),306.17,74.05,22671.89,credit card,individual
TXN-20252959,2026-08-20,Attock Petroleum Rawalpindi Khyber Pass Pump,Attock Petroleum,Rawalpindi,Punjab,Super (92 Ron),272.22,113.74,,Credit Card,Agriculture
TXN-20252960,2026-01-17,Cnergyico Karachi Hub River Road Pump,Cnergyico,Karachi,Sindh,Hi-Octane (97 Ron),299.96,117.24,35167.31,Fleet Card,Government
TXN-20252961,2025-01-25,Total Parco Rawalpindi Thokar Niaz Baig Station,Total Parco,Rawalpindi,Punjab,High Speed Diesel,296.22,89.27,31732.27,Mobile Wallet,Individual
TXN-20252962,2026-04-27,PSO Karachi Clifton Service Station,PSO,Karachi,Sindh,CNG,213.13,2490.0,530693.7,CASH,Government
TXN-20252963,2026-02-01,Shell Peshawar Karsaz Service Station,Shell,Peshawar,KPK,High Speed Diesel,276.23,113.83,31443.26,JazzCash,Agriculture
TXN-20252964,2025-07-22,Hascol Karachi Ferozepur Road Pump,Hascol,Karachi,Sindh,Super (92 Ron),284.74,5.48,1560.38,cash,Corporate
TXN-20252965,05-Jun-26,Attock Petroleum Karachi Motorway Service Area,Attock Petroleum,Karachi,Sindh,Super (92 Ron),283.74,72.81,,Cash,Corporate
TXN-20252966,2026-02-07,PSO Sialkot Blue Area Station,PSO,Sialkot,Punjab,CNG,213.3,13.88,2960.6,Cash,Agriculture
TXN-20252967,23-Apr-25,Hascol Multan Hayatabad Filling Station,Hascol,Multan,Punjab,Super (92 Ron),266.33,79.88,21274.44,Fleet Card,Government
TXN-20252968,2025-08-01,Shell Multan University Road Pump,Shell,Multan,Punjab,Hi-Octane (97 Ron),312.54,124.72,38979.99,JazzCash,Agriculture
TXN-20252969,2026-05-16,Shell Lahore Mall Road Station,Shell,Lahore,Punjab,Hi-Octane (97 Ron),310.65,132.6,41192.19,Credit Card,individual
TXN-20252970,2026-07-08,PSO Lahore Defence Filling Point,PSO,Lahore,Punjab,CNG,219.66,104.52,22958.86,CASH,Government
TXN-20252971,2025-02-11,Total Parco Islamabad Shahrah-e-Faisal Point,Total Parco,Islamabad,Islamabad ICT,High Speed Diesel,273.13,99.54,27187.36,Debit Card,Corporate
TXN-20252972,2026-05-03,Total Parco Multan G-11 Markaz Station,Total Parco,Multan,Punjab,High Speed Diesel,272.24,45.85,12482.2,EasyPaisa,Corporate
TXN-20252973,2025-01-12,Total Parco Lahore Jail Road Petrol Pump,Total Parco,Lahore,Punjab,Super (92 Ron),267.11,57.25,15292.05,CASH,Individual
TXN-20252974,2026-05-01,PSO Rawalpindi GT Road Service,PSO,Rawalpindi,Punjab,CNG,213.75,127.95,27349.31,cash,individual
TXN-20252975,2025-10-27,Total Parco Multan G-11 Markaz Station,Total Parco,Multan,Punjab,Hi-Octane (97 Ron),310.3,11473.09,3560099.83,cash,Agriculture
TXN-20252976,2026-01-11,Total Parco Lahore Thokar Niaz Baig Station,Total Parco,Lahore,Punjab,Super (92 Ron),281.35,145.25,40866.09,JazzCash,Agriculture
TXN-20252977,2025-11-16,Hascol Peshawar Ferozepur Road Pump,Hascol,Peshawar,KPK,Hi-Octane (97 Ron),329.84,140.93,46484.35,Credit Card,Corporate Fleet
TXN-20252978,2026-08-04,PSO Islamabad GT Road Service,PSO,Islamabad,Islamabad ICT,High Speed Diesel,288.05,132.1,38051.4,Credit Card,individual
TXN-20252979,2025-08-24,Hascol Karachi Hayatabad Filling Station,Hascol,Karachi,Sindh,CNG,205.45,99.85,20514.18,JazzCash,Corporate
TXN-20252980,2026-02-06,Cnergyico Quetta Hub River Road Pump,Cnergyico,Quetta,Balochistan,Super (92 Ron),274.21,104.35,28613.81,Fleet Card,Agriculture
TXN-20252981,2026-02-26,PSO Rawalpindi Blue Area Station,PSO,Rawalpindi,Punjab,High Speed Diesel,285.71,136.39,38967.99,Debit Card,individual
TXN-20252982,2026-01-07,Hascol Rawalpindi Hayatabad Filling Station,Hascol,Rawalpindi,Punjab,Super (92 Ron),279.01,124.91,34851.14,,Corporate Fleet
TXN-20252983,2025-07-25,Attock Petroleum Karachi Industrial Area Pump,Attock Petroleum,Karachi,Sindh,CNG,201.81,100.1,20201.18,JazzCash,Corporate
TXN-20252984,09-Oct-25,Attock Petroleum Lahore Industrial Area Pump,Attock Petroleum,Lahore,Punjab,CNG,219.17,92.55,20284.18,Debit Card,Agriculture
TXN-20252985,18-Aug-26,PSO Faisalabad Cantt Filling Point,PSO,Faisalabad,Punjab,Hi-Octane (97 Ron),313.73,88.06,27627.06,CASH,individual
TXN-20252986,2025-12-25,Shell Karachi Karsaz Service Station,Shell,Karachi,Sindh,High Speed Diesel,283.57,12.06,3419.85,Credit Card,Corporate Fleet
TXN-20252987,2026-06-17,PSO Lahore Cantt Filling Point,PSO,Lahore,Punjab,Super (92 Ron),284.61,80.64,22950.95,Fleet Card,Corporate Fleet
TXN-20252988,2025-12-08,Attock Petroleum Multan Khyber Pass Pump,Attock Petroleum,Multan,Punjab,Hi-Octane (97 Ron),308.0,15.09,4647.72,Fleet Card,Agriculture
TXN-20252989,2026-08-14,Cnergyico Lahore Multan Road Filling Point,Cnergyico,Lahore,Punjab,High Speed Diesel,285.19,105.45,30073.29,CASH,Individual
TXN-20252989,2026-08-14,Cnergyico Lahore Multan Road Filling Point,Cnergyico,Lahore,Punjab,High Speed Diesel,285.19,105.45,30073.29,CASH,Individual
TXN-20252990,2025-05-26,Hascol Quetta Super Highway Station,Hascol,Quetta,Balochistan,High Speed Diesel,294.94,86.61,25544.75,Credit Card,individual
TXN-20252991,2026-03-10,Attock Petroleum Multan Saddar Filling Station,Attock Petroleum,Multan,Punjab,Super (92 Ron),275.92,41.66,11494.83,Credit Card,Government
TXN-20252992,2026-05-08,Shell Rawalpindi Mall Road Station,Shell,Rawalpindi,Punjab,Hi-Octane (97 Ron),295.26,131.26,38755.83,Cash,individual
TXN-20252993,2026-08-04,Hascol Lahore Ferozepur Road Pump,Hascol,Lahore,Punjab,High Speed Diesel,272.64,93.4,25464.58,CASH,Corporate
TXN-20252994,14/11/2025,Cnergyico Sialkot Multan Road Filling Point,Cnergyico,Sialkot,Punjab,CNG,215.82,124.63,26897.65,JazzCash,Individual
TXN-20252995,2026-06-07,Attock Petroleum Faisalabad Motorway Service Area,Attock Petroleum,Faisalabad,Punjab,Hi-Octane (97 Ron),316.84,62.46,19789.83,,Corporate
TXN-20252996,2026-07-01,PSO Karachi Blue Area Station,PSO,Karachi,Sindh,Hi-Octane (97 Ron),312.33,104.01,32485.44,CASH,Government
TXN-20252997,2026-05-24,Shell Sialkot University Road Pump,Shell,Sialkot,Punjab,High Speed Diesel,290.75,82.4,23957.8,EasyPaisa,Individual
TXN-20252998,23/06/2025,Attock Petroleum Faisalabad Saddar Filling Station,Attock Petroleum,Faisalabad,Punjab,Hi-Octane (97 Ron),325.36,21.04,6845.57,CASH,Government
TXN-20252999,2025-12-09,Hascol Sialkot Ferozepur Road Pump,Hascol,Sialkot,Punjab,Hi-Octane (97 Ron),320.67,6.01,1927.23,credit card,individual
TXN-20253000,2025-02-03,Attock Petroleum Quetta Saddar Filling Station,Attock Petroleum,Quetta,Balochistan,Super (92 Ron),-99.0,22.33,-2210.67,cash,Individual
TXN-20253001,2026-03-10,Total Parco Faisalabad G-11 Markaz Station,Total Parco,Faisalabad,Punjab,Super (92 Ron),261.1,145.12,37890.83,Cash,Corporate
TXN-20253002,2025-07-27,Hascol Rawalpindi Super Highway Station,Hascol,Rawalpindi,Punjab,Super (92 Ron),283.74,36.02,10220.31,EasyPaisa,Agriculture
TXN-20253003,2025-03-13,Hascol Faisalabad Hayatabad Filling Station,Hascol,Faisalabad,Punjab,High Speed Diesel,282.3,25.07,7077.26,Credit Card,Corporate
TXN-20253004,2025-07-03,Shell Karachi Karsaz Service Station,Shell,Karachi,Sindh,High Speed Diesel,277.51,32.37,8983.0,cash,Agriculture
TXN-20253005,2025-07-31,Shell Karachi Mall Road Station,Shell,Karachi,Sindh,CNG,204.84,8.32,1704.27,Mobile Wallet,Agriculture
TXN-20253006,29/04/2025,Total Parco Peshawar Shahrah-e-Faisal Point,Total Parco,Peshawar,KPK,CNG,203.03,86.55,17572.25,credit card,Corporate
TXN-20253007,2025-09-22,Hascol Peshawar Hayatabad Filling Station,Hascol,Peshawar,KPK,Hi-Octane (97 Ron),303.07,54.65,16562.78,Debit Card,Agriculture
TXN-20253008,2025-02-14,Attock Petroleum Karachi Industrial Area Pump,Attock Petroleum,Karachi,Sindh,Hi-Octane (97 Ron),320.28,119.77,38359.94,Fleet Card,Agriculture
TXN-20253009,2025-07-25,Total Parco Islamabad Thokar Niaz Baig Station,Total Parco,Islamabad,Islamabad ICT,High Speed Diesel,275.71,70.61,19467.88,Credit Card,Corporate
TXN-20253010,2025-08-14,Attock Petroleum Faisalabad Motorway Service Area,Attock Petroleum,Faisalabad,Punjab,Super (92 Ron),272.7,138.53,37777.13,JazzCash,Government
TXN-20253011,23/08/2025,Total Parco Karachi G-11 Markaz Station,Total Parco,Karachi,Sindh,Hi-Octane (97 Ron),307.3,42.96,15841.93,Cash,Individual
TXN-20253012,2025-11-06,Attock Petroleum Islamabad Industrial Area Pump,Attock Petroleum,Islamabad,Islamabad ICT,Super (92 Ron),284.4,0.0,,Cash,Corporate Fleet
TXN-20253013,2025-01-02,PSO Lahore GT Road Service,PSO,Lahore,Punjab,Super (92 Ron),262.99,28.62,7526.77,CASH,
TXN-20253014,08/07/2026,Shell Multan University Road Pump,Shell,Multan,Punjab,Super (92 Ron),272.56,95.12,25925.91,Debit Card,individual
TXN-20253015,2026-03-05,Hascol Rawalpindi Hayatabad Filling Station,Hascol,Rawalpindi,Punjab,CNG,,141.07,,Cash,Corporate Fleet
TXN-20253016,2026-06-30,Attock Petroleum Faisalabad Industrial Area Pump,Attock Petroleum,Faisalabad,Punjab,Hi-Octane (97 Ron),310.45,133.81,,Credit Card,individual
TXN-20253017,2025-10-25,Shell Peshawar University Road Pump,Shell,Peshawar,KPK,Super (92 Ron),263.82,18.75,4946.62,EasyPaisa,Corporate Fleet
TXN-20253018,2025-07-24,Hascol Quetta Ferozepur Road Pump,Hascol,Quetta,Balochistan,Super (92 Ron),275.89,37.79,10425.88,Debit Card,Corporate
TXN-20253019,29/03/2026,Hascol Rawalpindi Super Highway Station,Hascol,Rawalpindi,Punjab,Hi-Octane (97 Ron),311.65,147.49,45965.26,Mobile Wallet,Individual
TXN-20253020,2026-02-27,Hascol Faisalabad Ferozepur Road Pump,Hascol,Faisalabad,Punjab,Super (92 Ron),285.73,45.93,13123.58,EasyPaisa,Government
TXN-20253021,2025-03-16,Total Parco Peshawar Thokar Niaz Baig Station,Total Parco,Peshawar,KPK,Hi-Octane (97 Ron),295.46,1582.6,467595.0,credit card,Individual
TXN-20253022,2025-08-09,Hascol Faisalabad Hayatabad Filling Station,Hascol,Faisalabad,Punjab,Super (92 Ron),262.27,123.0,32259.21,EasyPaisa,Corporate
TXN-20253023,2025-06-27,Hascol Multan Ferozepur Road Pump,Hascol,Multan,Punjab,CNG,217.33,117.13,25455.86,EasyPaisa,Corporate Fleet
TXN-20253024,2026-01-14,PSO Sialkot Lytton Road Pump,PSO,Sialkot,Punjab,Super (92 Ron),271.0,54.58,14791.18,JazzCash,Corporate Fleet
TXN-20253025,2025-07-26,PSO Faisalabad Defence Filling Point,PSO,Faisalabad,Punjab,High Speed Diesel,277.0,107.24,29705.48,cash,individual
TXN-20253026,2025-06-18,Hascol Islamabad Ferozepur Road Pump,Hascol,Islamabad,Islamabad ICT,CNG,211.58,126.82,26832.58,JazzCash,individual
TXN-20253027,2025-05-16,PSO Peshawar Blue Area Station,PSO,Peshawar,KPK,Super (92 Ron),262.09,116.08,30423.41,Debit Card,individual
TXN-20253028,2025-02-06,Attock Petroleum Multan Industrial Area Pump,Attock Petroleum,Multan,Punjab,Super (92 Ron),265.95,121.79,32390.05,Cash,Corporate Fleet
TXN-20253029,2026-02-15,Hascol Islamabad Super Highway Station,Hascol,Islamabad,Islamabad ICT,High Speed Diesel,292.75,88.93,26034.26,Debit Card,Agriculture
TXN-20253030,26-Jan-25,Total Parco Islamabad Jail Road Petrol Pump,Total Parco,Islamabad,Islamabad ICT,High Speed Diesel,282.15,19.4,5473.71,Debit Card,Individual
TXN-20253031,2026-04-01,PSO Lahore Defence Filling Point,PSO,Lahore,Punjab,CNG,217.76,39.89,8686.45,Mobile Wallet,Agriculture
TXN-20253032,2025-05-28,Shell Quetta Karsaz Service Station,Shell,Quetta,Balochistan,Super (92 Ron),279.82,54.4,15222.21,credit card,Individual
TXN-20253033,2026-06-25,Cnergyico Peshawar Multan Road Filling Point,Cnergyico,Peshawar,KPK,High Speed Diesel,302.54,91.56,27700.56,Mobile Wallet,Government
TXN-20253034,2026-05-18,Shell Lahore Gulberg Station,Shell,Lahore,Punjab,High Speed Diesel,274.38,19.45,5336.69,CASH,Individual
TXN-20253035,2026-06-29,Hascol Quetta Ferozepur Road Pump,Hascol,Quetta,Balochistan,CNG,211.15,46.65,9850.15,credit card,Corporate Fleet
TXN-20253036,2025-02-24,Attock Petroleum Peshawar Motorway Service Area,Attock Petroleum,Peshawar,KPK,Hi-Octane (97 Ron),324.17,35.97,,CASH,Individual
TXN-20253037,2026-06-20,PSO Islamabad Blue Area Station,PSO,Islamabad,Islamabad ICT,Hi-Octane (97 Ron),,41.58,,CASH,Individual
TXN-20253038,2025-11-14,Hascol Karachi Super Highway Station,Hascol,Karachi,Sindh,High Speed Diesel,283.54,48.05,13624.1,JazzCash,individual
TXN-20253039,2025-06-02,Cnergyico Quetta Murree Road Station,Cnergyico,Quetta,Balochistan,Super (92 Ron),276.5,61.8,17087.7,Credit Card,individual
TXN-20253040,2026-04-27,PSO Multan Lytton Road Pump,PSO,Multan,Punjab,Super (92 Ron),264.71,8639.99,2287091.75,EasyPaisa,Individual
TXN-20253041,2026-05-01,Attock Petroleum Faisalabad Khyber Pass Pump,Attock Petroleum,Faisalabad,Punjab,Hi-Octane (97 Ron),316.03,91.64,28960.99,Credit Card,Individual
TXN-20253042,27-Sep-25,Attock Petroleum Karachi Saddar Filling Station,Attock Petroleum,Karachi,Sindh,High Speed Diesel,303.1,63.13,19134.7,Debit Card,Corporate
TXN-20253043,2025-10-12,Hascol Lahore Super Highway Station,Hascol,Lahore,Punjab,CNG,213.1,69.2,14746.52,credit card,Corporate Fleet
TXN-20253044,2026-04-25,Shell Rawalpindi Mall Road Station,Shell,Rawalpindi,Punjab,CNG,211.27,15.16,3202.85,Cash,individual
TXN-20253045,2025-07-11,PSO Quetta Blue Area Station,PSO,Quetta,Balochistan,Hi-Octane (97 Ron),317.4,109.56,34774.34,,Agriculture
TXN-20253046,2026-01-31,PSO Rawalpindi Cantt Filling Point,PSO,Rawalpindi,Punjab,Super (92 Ron),265.82,7575.89,2013823.08,EasyPaisa,Individual
TXN-20253047,2025-10-31,Total Parco Quetta Jail Road Petrol Pump,Total Parco,Quetta,Balochistan,Super (92 Ron),283.44,32.97,9345.02,Mobile Wallet,Agriculture
TXN-20253048,2025-08-31,Attock Petroleum Rawalpindi Saddar Filling Station,Attock Petroleum,Rawalpindi,Punjab,Super (92 Ron),271.01,111.73,30279.95,JazzCash,individual
TXN-20253049,2026-06-15,PSO Islamabad Clifton Service Station,PSO,Islamabad,Islamabad ICT,Super (92 Ron),261.5,106.8,27928.2,Mobile Wallet,Government
TXN-20253050,2025-09-15,Total Parco Peshawar Shahrah-e-Faisal Point,Total Parco,Peshawar,KPK,Hi-Octane (97 Ron),307.05,23.35,7169.62,JazzCash,Government
TXN-20253051,2025-01-28,Cnergyico Lahore Hub River Road Pump,Cnergyico,Lahore,Punjab,Super (92 Ron),280.04,2476.36,693479.85,Credit Card,Individual
TXN-20253052,19/02/2026,Attock Petroleum Multan Khyber Pass Pump,Attock Petroleum,Multan,Punjab,High Speed Diesel,276.34,41.22,11390.73,EasyPaisa,Individual
TXN-20253053,2026-06-13,Cnergyico Karachi Multan Road Filling Point,Cnergyico,Karachi,Sindh,Hi-Octane (97 Ron),315.89,43.98,13892.84,,individual
TXN-20253054,2026-03-18,Total Parco Peshawar Thokar Niaz Baig Station,Total Parco,Peshawar,KPK,Super (92 Ron),271.92,26.06,7086.24,Mobile Wallet,Corporate
TXN-20253055,2026-08-29,Shell Multan University Road Pump,Shell,Multan,Punjab,Super (92 Ron),279.86,127.11,35573.0,Mobile Wallet,Individual
TXN-20253056,2025-02-15,Total Parco Islamabad Shahrah-e-Faisal Point,Total Parco,Islamabad,Islamabad ICT,Hi-Octane (97 Ron),318.95,145.57,46429.55,JazzCash,Government
TXN-20253057,2026-07-09,Cnergyico Karachi Multan Road Filling Point,Cnergyico,Karachi,Sindh,Super (92 Ron),270.7,92.85,25134.49,cash,Corporate
TXN-20253058,2026-06-24,PSO Karachi Cantt Filling Point,PSO,Karachi,Sindh,Hi-Octane (97 Ron),316.57,9447.46,2990782.41,credit card,Individual
TXN-20253059,2025-02-11,Cnergyico Rawalpindi Murree Road Station,Cnergyico,Rawalpindi,Punjab,High Speed Diesel,277.22,125.64,34829.92,cash,Government
TXN-20253060,2025-01-27,Shell Sialkot F-7 Markaz Pump,Shell,Sialkot,Punjab,Hi-Octane (97 Ron),328.1,44.64,14646.38,EasyPaisa,Agriculture
TXN-20253061,2025-05-23,Hascol Karachi Super Highway Station,Hascol,Karachi,Sindh,High Speed Diesel,285.68,54.0,15426.72,CASH,Government
TXN-20253062,09-Apr-26,Shell Lahore Karsaz Service Station,Shell,Lahore,Punjab,High Speed Diesel,279.36,97.36,27198.49,Cash,Corporate Fleet
TXN-20253063,2026-02-26,Hascol Rawalpindi Hayatabad Filling Station,Hascol,Rawalpindi,Punjab,CNG,218.63,5.42,1184.97,cash,Corporate
TXN-20253064,2025-05-21,Cnergyico Lahore Hub River Road Pump,Cnergyico,Lahore,Punjab,Hi-Octane (97 Ron),296.62,147.86,43858.23,Debit Card,individual
TXN-20253065,22/05/2025,Shell Karachi Karsaz Service Station,Shell,Karachi,Sindh,Super (92 Ron),289.81,127.98,37089.88,JazzCash,Individual
TXN-20253066,2025-06-06,Hascol Faisalabad Ferozepur Road Pump,Hascol,Faisalabad,Punjab,Hi-Octane (97 Ron),327.02,119.31,46820.11,Credit Card,Corporate Fleet
TXN-20253067,21-Feb-26,Hascol Multan Super Highway Station,Hascol,Multan,Punjab,CNG,218.11,94.38,20585.22,Fleet Card,individual
TXN-20253068,08-Mar-26,Shell Sialkot Gulberg Station,Shell,Sialkot,Punjab,CNG,210.14,15.9,3341.23,Fleet Card,individual
TXN-20253069,2025-11-23,PSO Sialkot Defence Filling Point,PSO,Sialkot,Punjab,Super (92 Ron),276.64,10903.3,3016288.91,Debit Card,Agriculture
TXN-20253070,04/08/2025,Total Parco Karachi Jail Road Petrol Pump,Total Parco,Karachi,Sindh,Hi-Octane (97 Ron),315.38,86.38,27242.52,Fleet Card,Agriculture
TXN-20253071,2025-11-03,PSO Lahore Lytton Road Pump,PSO,Lahore,Punjab,Hi-Octane (97 Ron),320.53,92.39,29613.77,Mobile Wallet,Corporate
TXN-20253072,2026-06-01,Total Parco Islamabad Thokar Niaz Baig Station,Total Parco,Islamabad,Islamabad ICT,High Speed Diesel,284.14,142.94,40614.97,EasyPaisa,individual
TXN-20253073,2025-09-08,Total Parco Quetta G-11 Markaz Station,Total Parco,Quetta,Balochistan,Hi-Octane (97 Ron),311.87,27.92,8707.41,Debit Card,Government
TXN-20253074,2025-11-28,Total Parco Islamabad Shahrah-e-Faisal Point,Total Parco,Islamabad,Islamabad ICT,CNG,206.97,135.34,28011.32,JazzCash,Corporate
TXN-20253075,2025-06-26,Attock Petroleum Quetta Khyber Pass Pump,Attock Petroleum,Quetta,Balochistan,Hi-Octane (97 Ron),328.92,85.52,28129.24,Mobile Wallet,Agriculture
TXN-20253076,12-May-25,Cnergyico Peshawar Hub River Road Pump,Cnergyico,Peshawar,KPK,Hi-Octane (97 Ron),305.13,140.03,42727.35,credit card,Individual
TXN-20253077,2025-08-29,Hascol Lahore Ferozepur Road Pump,Hascol,Lahore,Punjab,Super (92 Ron),271.81,11033.79,2999094.46,Credit Card,Corporate Fleet
TXN-20253078,2026-01-18,PSO Peshawar Lytton Road Pump,PSO,Peshawar,KPK,Super (92 Ron),263.05,59.08,15540.99,Debit Card,Agriculture
TXN-20253079,2026-05-27,Hascol Quetta Ferozepur Road Pump,Hascol,Quetta,Balochistan,Hi-Octane (97 Ron),323.15,2759.14,891616.09,credit card,Corporate Fleet
TXN-20253080,2026-03-20,Attock Petroleum Sialkot Khyber Pass Pump,Attock Petroleum,Sialkot,Punjab,High Speed Diesel,289.14,10128.68,2928606.54,credit card,Individual
TXN-20253081,2026-04-16,Cnergyico Sialkot Hub River Road Pump,Cnergyico,Sialkot,Punjab,CNG,209.01,43.96,9188.08,Cash,Government
TXN-20253082,2025-08-14,Hascol Sialkot Super Highway Station,Hascol,Sialkot,Punjab,High Speed Diesel,278.72,7738.29,2156816.19,Debit Card,Corporate
TXN-20253083,2025-03-18,Hascol Rawalpindi Super Highway Station,Hascol,Rawalpindi,Punjab,CNG,210.02,83.0,17431.66,cash,Corporate
TXN-20253084,2025-05-15,PSO Faisalabad Cantt Filling Point,PSO,Faisalabad,Punjab,High Speed Diesel,289.26,61.41,,CASH,Corporate
TXN-20253085,2025-04-12,Cnergyico Multan Murree Road Station,Cnergyico,Multan,Punjab,CNG,211.23,81.35,17183.56,Credit Card,Agriculture
TXN-20253086,2025-05-26,Attock Petroleum Faisalabad Khyber Pass Pump,Attock Petroleum,Faisalabad,Punjab,CNG,202.34,129.54,26211.12,CASH,Corporate
TXN-20253087,2026-04-19,Cnergyico Peshawar Hub River Road Pump,Cnergyico,Peshawar,KPK,High Speed Diesel,270.02,76.71,20713.23,Fleet Card,Corporate
TXN-20253088,2025-05-04,Hascol Islamabad Hayatabad Filling Station,Hascol,Islamabad,Islamabad ICT,CNG,214.6,7263.87,1558826.5,Debit Card,individual
TXN-20253089,2026-04-15,Attock Petroleum Quetta Motorway Service Area,Attock Petroleum,Quetta,Balochistan,Hi-Octane (97 Ron),297.5,106.8,31773.0,Debit Card,individual
TXN-20253090,2025-12-06,Shell Rawalpindi Mall Road Station,Shell,Rawalpindi,Punjab,High Speed Diesel,302.51,105.54,31926.91,Fleet Card,Corporate Fleet
TXN-20253091,2025-01-19,Cnergyico Karachi Hub River Road Pump,Cnergyico,Karachi,Sindh,CNG,207.33,76.83,15929.16,cash,individual
TXN-20253092,19-Jun-25,Total Parco Faisalabad Jail Road Petrol Pump,Total Parco,Faisalabad,Punjab,Hi-Octane (97 Ron),308.67,2913.9,899433.51,cash,Agriculture
TXN-20253092,19-Jun-25,Total Parco Faisalabad Jail Road Petrol Pump,Total Parco,Faisalabad,Punjab,Hi-Octane (97 Ron),308.67,2913.9,899433.51,cash,Agriculture
TXN-20253093,2025-02-21,Shell Islamabad University Road Pump,Shell,Islamabad,Islamabad ICT,High Speed Diesel,293.67,22.05,6475.42,Fleet Card,Corporate Fleet
TXN-20253094,12/07/2026,Cnergyico Faisalabad Multan Road Filling Point,Cnergyico,Faisalabad,Punjab,Hi-Octane (97 Ron),315.24,109.8,34613.35,EasyPaisa,Government
TXN-20253095,2026-08-23,PSO Peshawar Cantt Filling Point,PSO,Peshawar,KPK,High Speed Diesel,,28.12,,Cash,Government
TXN-20253096,14/01/2025,Hascol Lahore Super Highway Station,Hascol,Lahore,Punjab,Super (92 Ron),271.11,49.94,13539.23,Debit Card,Corporate
TXN-20253097,15/04/2026,PSO Peshawar Lytton Road Pump,PSO,Peshawar,KPK,CNG,207.23,69.8,14464.65,credit card,Government
TXN-20253098,2025-06-15,Hascol Rawalpindi Ferozepur Road Pump,Hascol,Rawalpindi,Punjab,Hi-Octane (97 Ron),297.54,57.8,17197.81,Debit Card,Corporate
TXN-20253099,04-Nov-25,Hascol Sialkot Super Highway Station,Hascol,Sialkot,Punjab,High Speed Diesel,288.42,75.67,21824.74,Cash,Individual
TXN-20253100,05-Feb-26,PSO Karachi Lytton Road Pump,PSO,Karachi,Sindh,CNG,213.81,118.92,25426.29,Cash,Corporate Fleet
TXN-20253101,2025-03-13,Cnergyico Faisalabad Murree Road Station,Cnergyico,Faisalabad,Punjab,CNG,216.14,81.09,17526.79,Mobile Wallet,Agriculture
TXN-20253102,15-Aug-25,Shell Rawalpindi University Road Pump,Shell,Rawalpindi,Punjab,Super (92 Ron),288.04,143.63,41371.19,JazzCash,individual
TXN-20253103,21-Dec-25,Shell Karachi University Road Pump,Shell,Karachi,Sindh,High Speed Diesel,278.35,114.68,38305.41,cash,Agriculture
TXN-20253104,26-Jul-26,PSO Quetta Defence Filling Point,PSO,Quetta,Balochistan,Super (92 Ron),280.7,101.79,28572.45,Debit Card,individual
TXN-20253105,2026-02-24,Total Parco Faisalabad Thokar Niaz Baig Station,Total Parco,Faisalabad,Punjab,Super (92 Ron),262.9,94.92,24954.47,Debit Card,individual
TXN-20253106,2025-06-09,PSO Multan GT Road Service,PSO,Multan,Punjab,CNG,200.23,10.1,2022.32,Mobile Wallet,individual
TXN-20253107,2025-08-28,PSO Islamabad Defence Filling Point,PSO,Islamabad,Islamabad ICT,CNG,207.2,98.12,20330.46,cash,Individual
TXN-20253108,2026-07-27,Hascol Lahore Super Highway Station,Hascol,Lahore,Punjab,High Speed Diesel,301.4,40.34,12158.48,cash,Corporate Fleet
TXN-20253109,2026-02-23,Attock Petroleum Peshawar Industrial Area Pump,Attock Petroleum,Peshawar,KPK,Hi-Octane (97 Ron),299.49,133.57,40002.88,CASH,individual
TXN-20253110,2026-04-01,Cnergyico Faisalabad Multan Road Filling Point,Cnergyico,Faisalabad,Punjab,High Speed Diesel,280.83,58.31,16375.2,Fleet Card,Government
TXN-20253111,2026-07-18,Hascol Lahore Hayatabad Filling Station,Hascol,Lahore,Punjab,High Speed Diesel,291.54,12.42,3620.93,Debit Card,Government
TXN-20253112,2025-08-08,Cnergyico Islamabad Multan Road Filling Point,Cnergyico,Islamabad,Islamabad ICT,High Speed Diesel,298.28,12.49,3725.52,Fleet Card,Corporate Fleet
TXN-20253113,2025-09-07,Cnergyico Lahore Hub River Road Pump,Cnergyico,Lahore,Punjab,CNG,213.28,46.06,9823.68,credit card,Government
TXN-20253114,2025-11-07,Attock Petroleum Islamabad Industrial Area Pump,Attock Petroleum,Islamabad,Islamabad ICT,Hi-Octane (97 Ron),295.95,107.31,31758.39,Mobile Wallet,Corporate Fleet
TXN-20253115,08/03/2025,Hascol Rawalpindi Ferozepur Road Pump,Hascol,Rawalpindi,Punjab,CNG,209.46,47.76,10003.81,Credit Card,Corporate
TXN-20253116,2025-08-13,Total Parco Quetta Thokar Niaz Baig Station,Total Parco,Quetta,Balochistan,Super (92 Ron),281.23,11240.31,3161112.38,cash,individual
TXN-20253117,2025-04-25,Shell Islamabad F-7 Markaz Pump,Shell,Islamabad,Islamabad ICT,CNG,219.02,60.19,13182.81,Mobile Wallet,Government
TXN-20253118,2026-08-24,Total Parco Islamabad G-11 Markaz Station,Total Parco,Islamabad,Islamabad ICT,High Speed Diesel,285.48,84.69,24177.3,Debit Card,Individual
TXN-20253118,2026-08-24,Total Parco Islamabad G-11 Markaz Station,Total Parco,Islamabad,Islamabad ICT,High Speed Diesel,285.48,84.69,24177.3,Debit Card,Individual
TXN-20253119,2026-03-03,Cnergyico Sialkot Multan Road Filling Point,Cnergyico,Sialkot,Punjab,Super (92 Ron),274.47,24.91,6837.05,JazzCash,Government
TXN-20253120,16-Jul-25,Shell Sialkot Karsaz Service Station,Shell,Sialkot,Punjab,CNG,212.85,105.29,22410.98,Mobile Wallet,Corporate
TXN-20253121,2025-09-05,Hascol Multan Super Highway Station,Hascol,Multan,Punjab,High Speed Diesel,273.75,93.12,25491.6,Credit Card,Corporate
TXN-20253122,2025-03-27,PSO Karachi Defence Filling Point,PSO,Karachi,Sindh,Super (92 Ron),262.38,13.56,3557.87,credit card,individual
TXN-20253123,2025-10-22,Hascol Lahore Super Highway Station,Hascol,Lahore,Punjab,CNG,210.07,8950.17,1880162.21,CASH,Government
TXN-20253124,2025-08-13,Total Parco Rawalpindi Thokar Niaz Baig Station,Total Parco,Rawalpindi,Punjab,Super (92 Ron),266.71,103.37,,Mobile Wallet,Corporate
TXN-20253125,2025-08-24,PSO Multan Clifton Service Station,PSO,Multan,Punjab,Hi-Octane (97 Ron),324.23,36.55,11850.61,CASH,Corporate
TXN-20253126,2025-09-18,Total Parco Karachi Thokar Niaz Baig Station,Total Parco,Karachi,Sindh,Hi-Octane (97 Ron),303.68,97.01,29460.0,JazzCash,Government
TXN-20253127,2026-04-03,Cnergyico Lahore Hub River Road Pump,Cnergyico,Lahore,Punjab,CNG,201.33,4204.54,846500.04,JazzCash,Individual
TXN-20253128,2025-10-05,PSO Sialkot Cantt Filling Point,PSO,Sialkot,Punjab,CNG,211.31,25.82,5456.02,Credit Card,individual
TXN-20253129,2025-03-17,Shell Karachi University Road Pump,Shell,Karachi,Sindh,CNG,209.4,90.45,18940.23,cash,Corporate Fleet
TXN-20253130,2026-05-22,Hascol Multan Hayatabad Filling Station,Hascol,Multan,Punjab,High Speed Diesel,296.7,122.41,36319.05,Debit Card,individual
TXN-20253131,24-Sep-25,Hascol Karachi Ferozepur Road Pump,Hascol,Karachi,Sindh,High Speed Diesel,279.61,54.66,15283.48,JazzCash,Government
TXN-20253132,2025-07-25,Shell Multan University Road Pump,Shell,Multan,Punjab,Super (92 Ron),275.32,36.97,10178.58,cash,individual
TXN-20253133,2026-07-18,Cnergyico Quetta Multan Road Filling Point,Cnergyico,Quetta,Balochistan,High Speed Diesel,285.6,23.95,6840.12,Cash,Corporate
TXN-20253134,2025-04-13,Attock Petroleum Rawalpindi Khyber Pass Pump,Attock Petroleum,Rawalpindi,Punjab,Super (92 Ron),284.32,104.53,29719.97,JazzCash,individual
TXN-20253135,2025-10-13,Cnergyico Karachi Hub River Road Pump,Cnergyico,Karachi,Sindh,Super (92 Ron),265.54,149.01,39568.12,JazzCash,Corporate
TXN-20253136,21/02/2026,Hascol Multan Ferozepur Road Pump,Hascol,Multan,Punjab,Hi-Octane (97 Ron),311.6,24.62,7671.59,cash,Individual
TXN-20253137,2026-01-12,PSO Sialkot Blue Area Station,PSO,Sialkot,Punjab,High Speed Diesel,304.87,110.49,33685.09,Credit Card,individual
TXN-20253138,2025-04-20,Shell Peshawar Mall Road Station,Shell,Peshawar,KPK,CNG,210.32,147.54,31030.61,cash,Corporate
TXN-20253139,2026-07-30,Attock Petroleum Faisalabad Motorway Service Area,Attock Petroleum,Faisalabad,Punjab,High Speed Diesel,279.47,65.9,18417.07,cash,Agriculture
TXN-20253140,2026-02-26,Hascol Multan Super Highway Station,Hascol,Multan,Punjab,CNG,,141.92,,Fleet Card,individual
TXN-20253141,02-Jul-25,Attock Petroleum Faisalabad Motorway Service Area,Attock Petroleum,Faisalabad,Punjab,High Speed Diesel,302.24,,,Cash,Corporate
TXN-20253142,2025-06-03,Hascol Peshawar Super Highway Station,Hascol,Peshawar,KPK,Super (92 Ron),266.79,118.21,31537.25,CASH,Government
TXN-20253143,2026-04-09,PSO Multan Defence Filling Point,PSO,Multan,Punjab,Super (92 Ron),270.01,143.53,38754.54,JazzCash,Corporate
TXN-20253144,2025-10-21,Shell Peshawar Gulberg Station,Shell,Peshawar,KPK,CNG,201.37,133.16,26814.43,cash,Agriculture
TXN-20253145,2026-05-21,Hascol Islamabad Super Highway Station,Hascol,Islamabad,Islamabad ICT,High Speed Diesel,295.58,103.85,30695.98,Credit Card,individual
TXN-20253146,2025-12-25,Cnergyico Karachi Multan Road Filling Point,Cnergyico,Karachi,Sindh,Hi-Octane (97 Ron),310.72,58.66,18226.84,,Individual
TXN-20253147,24/07/2026,PSO Rawalpindi GT Road Service,PSO,Rawalpindi,Punjab,CNG,205.07,86.59,17757.01,Mobile Wallet,Individual
TXN-20253148,2026-04-26,Attock Petroleum Faisalabad Saddar Filling Station,Attock Petroleum,Faisalabad,Punjab,Hi-Octane (97 Ron),301.05,81.83,24634.92,Mobile Wallet,Government
TXN-20253149,2025-01-23,Cnergyico Peshawar Hub River Road Pump,Cnergyico,Peshawar,KPK,High Speed Diesel,273.84,47.62,13040.26,JazzCash,Corporate
TXN-20253150,2025-05-04,Attock Petroleum Lahore Motorway Service Area,Attock Petroleum,Lahore,Punjab,Hi-Octane (97 Ron),303.89,18.74,6833.88,cash,Agriculture
TXN-20253151,2025-05-03,Shell Sialkot F-7 Markaz Pump,Shell,Sialkot,Punjab,CNG,217.48,113.54,24692.68,Debit Card,Individual
TXN-20253152,2025-07-17,Cnergyico Lahore Murree Road Station,Cnergyico,Lahore,Punjab,Hi-Octane (97 Ron),326.2,10274.29,3351473.4,Credit Card,Government
TXN-20253153,2025-08-24,Total Parco Faisalabad Jail Road Petrol Pump,Total Parco,Faisalabad,Punjab,Hi-Octane (97 Ron),321.08,122.41,39303.4,EasyPaisa,Government
TXN-20253154,2025-06-13,Hascol Faisalabad Ferozepur Road Pump,Hascol,Faisalabad,Punjab,CNG,201.71,107.26,21635.41,Mobile Wallet,Individual
TXN-20253155,2025-11-03,Cnergyico Multan Multan Road Filling Point,Cnergyico,Multan,Punjab,Hi-Octane (97 Ron),308.48,124.46,38393.42,credit card,individual
TXN-20253156,2026-01-20,Shell Multan University Road Pump,Shell,Multan,Punjab,CNG,210.61,113.41,23885.28,JazzCash,Agriculture
TXN-20253157,02-Feb-25,Shell Faisalabad Gulberg Station,Shell,Faisalabad,Punjab,CNG,203.95,4006.33,817091.0,Fleet Card,individual
TXN-20253158,2026-05-24,Hascol Sialkot Super Highway Station,Hascol,Sialkot,Punjab,Super (92 Ron),282.84,65.65,18568.45,credit card,Corporate
TXN-20253159,2025-04-29,Total Parco Karachi Shahrah-e-Faisal Point,Total Parco,Karachi,Sindh,CNG,211.99,50.95,10800.89,Debit Card,Corporate Fleet
TXN-20253160,2025-08-24,Hascol Peshawar Super Highway Station,Hascol,Peshawar,KPK,CNG,206.57,135.76,28043.94,Cash,individual
TXN-20253161,2025-11-17,Cnergyico Rawalpindi Murree Road Station,Cnergyico,Rawalpindi,Punjab,Super (92 Ron),286.24,59.63,,Mobile Wallet,Corporate
TXN-20253162,2026-03-01,Total Parco Karachi Jail Road Petrol Pump,Total Parco,Karachi,Sindh,High Speed Diesel,281.7,92.32,26006.54,Fleet Card,Corporate
TXN-20253163,2026-04-06,Hascol Multan Ferozepur Road Pump,Hascol,Multan,Punjab,High Speed Diesel,285.93,16.97,4852.23,EasyPaisa,Government
TXN-20253164,2025-08-24,PSO Faisalabad Clifton Service Station,PSO,Faisalabad,Punjab,High Speed Diesel,290.34,60.2,17478.47,Credit Card,Individual
TXN-20253165,2025-05-09,Shell Quetta Gulberg Station,Shell,Quetta,Balochistan,CNG,205.89,32.51,6693.48,Credit Card,
TXN-20253166,2026-05-09,Shell Peshawar Karsaz Service Station,Shell,Peshawar,KPK,Super (92 Ron),287.86,115.76,33322.67,credit card,Agriculture
TXN-20253167,2026-02-21,PSO Karachi Cantt Filling Point,PSO,Karachi,Sindh,Hi-Octane (97 Ron),315.95,31.78,10040.89,Mobile Wallet,Corporate Fleet
TXN-20253168,27/01/2026,Shell Faisalabad Karsaz Service Station,Shell,Faisalabad,Punjab,High Speed Diesel,295.48,11064.5,3269338.46,Cash,Agriculture
TXN-20253169,2026-04-19,Attock Petroleum Sialkot Saddar Filling Station,Attock Petroleum,Sialkot,Punjab,CNG,217.19,140.15,30439.18,Mobile Wallet,Individual
TXN-20253170,2025-05-25,Cnergyico Faisalabad Murree Road Station,Cnergyico,Faisalabad,Punjab,Hi-Octane (97 Ron),303.23,118.54,35944.88,Credit Card,individual
TXN-20253171,19-Sep-25,Cnergyico Rawalpindi Hub River Road Pump,Cnergyico,Rawalpindi,Punjab,Super (92 Ron),268.1,10573.98,,,individual
TXN-20253172,2026-06-11,PSO Rawalpindi Lytton Road Pump,PSO,Rawalpindi,Punjab,Super (92 Ron),271.27,133.29,36157.58,cash,Corporate Fleet
TXN-20253173,2025-08-30,Hascol Lahore Ferozepur Road Pump,Hascol,Lahore,Punjab,Hi-Octane (97 Ron),320.54,0.0,0.0,JazzCash,Agriculture
TXN-20253174,2026-08-01,Total Parco Karachi Shahrah-e-Faisal Point,Total Parco,Karachi,Sindh,CNG,201.91,102.73,20742.21,JazzCash,Corporate
TXN-20253175,2025-05-28,Shell Faisalabad Gulberg Station,Shell,Faisalabad,Punjab,Hi-Octane (97 Ron),310.5,112.07,34797.74,JazzCash,Individual
TXN-20253176,2025-05-12,Hascol Multan Hayatabad Filling Station,Hascol,Multan,Punjab,High Speed Diesel,302.44,98.0,29639.12,EasyPaisa,Individual
TXN-20253177,2025-07-15,Cnergyico Peshawar Murree Road Station,Cnergyico,Peshawar,KPK,Super (92 Ron),273.29,142.12,38839.97,EasyPaisa,Government
TXN-20253178,02-Jul-26,Shell Peshawar F-7 Markaz Pump,Shell,Peshawar,KPK,Hi-Octane (97 Ron),319.14,33.84,10799.7,credit card,individual
TXN-20253179,25-Aug-25,Total Parco Faisalabad Shahrah-e-Faisal Point,Total Parco,Faisalabad,Punjab,CNG,211.5,19.51,4126.37,CASH,Government
TXN-20253180,2025-06-27,Hascol Faisalabad Hayatabad Filling Station,Hascol,Faisalabad,Punjab,High Speed Diesel,292.27,41.67,12178.89,CASH,Corporate
TXN-20253181,08-Mar-26,Cnergyico Quetta Multan Road Filling Point,Cnergyico,Quetta,Balochistan,Hi-Octane (97 Ron),317.6,37.71,11976.7,EasyPaisa,Government
TXN-20253182,2025-10-20,PSO Islamabad GT Road Service,PSO,Islamabad,Islamabad ICT,High Speed Diesel,295.4,148.86,43973.24,EasyPaisa,Corporate Fleet
TXN-20253183,2025-06-23,PSO Peshawar Blue Area Station,PSO,Peshawar,KPK,High Speed Diesel,285.48,76.98,21976.25,Cash,Agriculture
TXN-20253184,2026-02-09,Hascol Rawalpindi Hayatabad Filling Station,Hascol,Rawalpindi,Punjab,High Speed Diesel,290.75,6.59,1916.04,EasyPaisa,Individual
TXN-20253185,2026-02-24,Shell Multan Karsaz Service Station,Shell,Multan,Punjab,Hi-Octane (97 Ron),9999.0,0.0,0.0,credit card,Government
TXN-20253186,2026-03-02,PSO Islamabad GT Road Service,PSO,Islamabad,Islamabad ICT,Super (92 Ron),266.99,9569.52,2554966.14,credit card,Corporate Fleet
TXN-20253187,2025-05-30,Shell Lahore F-7 Markaz Pump,Shell,Lahore,Punjab,Super (92 Ron),264.44,106.21,28086.17,Debit Card,Individual
TXN-20253188,2025-04-11,Attock Petroleum Islamabad Industrial Area Pump,Attock Petroleum,Islamabad,Islamabad ICT,High Speed Diesel,275.25,131.47,36187.12,Mobile Wallet,Corporate Fleet
TXN-20253189,2026-07-09,Cnergyico Multan Murree Road Station,Cnergyico,Multan,Punjab,CNG,218.28,144.23,31482.52,credit card,individual
TXN-20253189,2026-07-09,Cnergyico Multan Murree Road Station,Cnergyico,Multan,Punjab,CNG,218.28,144.23,31482.52,credit card,individual
TXN-20253190,2026-07-08,Shell Lahore Gulberg Station,Shell,Lahore,Punjab,CNG,,113.14,,CASH,Government
TXN-20253191,2025-09-23,PSO Peshawar Defence Filling Point,PSO,Peshawar,KPK,CNG,209.72,95.55,20038.75,CASH,Agriculture
TXN-20253192,2025-07-06,Shell Quetta Karsaz Service Station,Shell,Quetta,Balochistan,CNG,203.57,109.47,22284.81,Mobile Wallet,individual
TXN-20253193,2025-04-26,PSO Quetta Clifton Service Station,PSO,Quetta,Balochistan,High Speed Diesel,280.24,0.0,0.0,EasyPaisa,Corporate
TXN-20253194,2025-11-09,Cnergyico Multan Murree Road Station,Cnergyico,Multan,Punjab,Hi-Octane (97 Ron),320.39,6444.34,2064702.09,JazzCash,Individual
TXN-20253195,2026-03-17,PSO Islamabad Clifton Service Station,PSO,Islamabad,Islamabad ICT,CNG,216.08,90.06,19460.16,credit card,Corporate Fleet
TXN-20253196,2025-12-26,Cnergyico Lahore Multan Road Filling Point,Cnergyico,Lahore,Punjab,CNG,210.01,25.31,5315.35,Fleet Card,Corporate Fleet
TXN-20253197,2026-01-24,PSO Sialkot Cantt Filling Point,PSO,Sialkot,Punjab,Hi-Octane (97 Ron),311.41,49.91,15542.47,EasyPaisa,Corporate
TXN-20253198,2026-05-04,Hascol Islamabad Ferozepur Road Pump,Hascol,Islamabad,Islamabad ICT,High Speed Diesel,287.1,23.54,6758.33,Cash,Corporate Fleet
TXN-20253199,2025-01-10,Shell Karachi F-7 Markaz Pump,Shell,Karachi,Sindh,High Speed Diesel,289.2,57.81,16718.65,Cash,Agriculture
TXN-20253200,11-Sep-25,Cnergyico Lahore Multan Road Filling Point,Cnergyico,Lahore,Punjab,Hi-Octane (97 Ron),314.52,84.47,26567.5,CASH,Agriculture
TXN-20253201,2025-10-03,PSO Quetta Cantt Filling Point,PSO,Quetta,Balochistan,Super (92 Ron),286.43,66.11,18935.89,Fleet Card,Corporate Fleet
TXN-20253202,2025-03-03,Attock Petroleum Karachi Industrial Area Pump,Attock Petroleum,Karachi,Sindh,Hi-Octane (97 Ron),314.15,135.65,42614.45,CASH,individual
TXN-20253203,2025-11-20,Cnergyico Islamabad Murree Road Station,Cnergyico,Islamabad,Islamabad ICT,Super (92 Ron),9999.0,77.71,777022.29,Debit Card,Government
TXN-20253204,02/03/2025,Cnergyico Islamabad Multan Road Filling Point,Cnergyico,Islamabad,Islamabad ICT,Hi-Octane (97 Ron),297.16,782.67,232578.22,credit card,Corporate
TXN-20253205,2025-07-14,Attock Petroleum Lahore Saddar Filling Station,Attock Petroleum,Lahore,Punjab,CNG,201.25,84.33,16971.41,Credit Card,Agriculture
TXN-20253206,2026-06-26,Cnergyico Karachi Murree Road Station,Cnergyico,Karachi,Sindh,CNG,211.35,109.67,23178.75,Fleet Card,Agriculture
TXN-20253207,2025-02-06,Hascol Multan Super Highway Station,Hascol,Multan,Punjab,Super (92 Ron),287.05,20.29,5824.24,Credit Card,Corporate
TXN-20253208,2025-11-29,Cnergyico Peshawar Murree Road Station,Cnergyico,Peshawar,KPK,Super (92 Ron),261.63,33.79,8840.48,cash,Government
TXN-20253209,2026-03-08,Total Parco Islamabad Jail Road Petrol Pump,Total Parco,Islamabad,Islamabad ICT,Super (92 Ron),267.34,59.52,15912.08,Debit Card,individual
TXN-20253210,09-Jun-25,Total Parco Faisalabad Shahrah-e-Faisal Point,Total Parco,Faisalabad,Punjab,Hi-Octane (97 Ron),310.6,117.8,36588.68,Fleet Card,Corporate Fleet
TXN-20253211,2026-02-20,Cnergyico Quetta Multan Road Filling Point,Cnergyico,Quetta,Balochistan,Hi-Octane (97 Ron),9999.0,7.18,71792.82,credit card,Agriculture
TXN-20253212,03-Aug-26,Cnergyico Faisalabad Hub River Road Pump,Cnergyico,Faisalabad,Punjab,CNG,211.09,21.95,4633.43,Credit Card,Government
TXN-20253213,2026-04-03,PSO Lahore Clifton Service Station,PSO,Lahore,Punjab,Hi-Octane (97 Ron),321.3,64.26,20646.74,Credit Card,Corporate Fleet
TXN-20253214,2026-03-31,Total Parco Rawalpindi Thokar Niaz Baig Station,Total Parco,Rawalpindi,Punjab,High Speed Diesel,304.15,4125.81,1254865.11,CASH,Individual
TXN-20253215,2025-02-17,Total Parco Karachi Thokar Niaz Baig Station,Total Parco,Karachi,Sindh,High Speed Diesel,291.77,44.26,12913.74,Credit Card,Corporate Fleet
TXN-20253216,2025-09-27,Attock Petroleum Lahore Saddar Filling Station,Attock Petroleum,Lahore,Punjab,Super (92 Ron),271.97,10.04,,Fleet Card,Agriculture
TXN-20253217,2026-08-04,PSO Karachi Cantt Filling Point,PSO,Karachi,Sindh,Super (92 Ron),260.19,64.56,16797.87,Fleet Card,Agriculture
TXN-20253218,2025-01-07,Shell Sialkot University Road Pump,Shell,Sialkot,Punjab,Hi-Octane (97 Ron),324.85,40.58,13182.41,EasyPaisa,Corporate Fleet
TXN-20253219,2025-08-24,Cnergyico Faisalabad Multan Road Filling Point,Cnergyico,Faisalabad,Punjab,Hi-Octane (97 Ron),318.3,107.63,34258.63,credit card,Corporate Fleet
TXN-20253220,2026-08-15,PSO Faisalabad Lytton Road Pump,PSO,Faisalabad,Punjab,CNG,200.55,10.18,2041.6,JazzCash,Corporate Fleet
TXN-20253221,2026-06-30,Shell Lahore Mall Road Station,Shell,Lahore,Punjab,High Speed Diesel,297.56,78.07,23230.51,Mobile Wallet,individual
TXN-20253222,2025-02-03,Hascol Islamabad Hayatabad Filling Station,Hascol,Islamabad,Islamabad ICT,High Speed Diesel,277.85,65.66,,EasyPaisa,Corporate
TXN-20253223,2026-05-24,Hascol Rawalpindi Ferozepur Road Pump,Hascol,Rawalpindi,Punjab,Hi-Octane (97 Ron),323.71,23.15,7493.89,Fleet Card,Corporate
TXN-20253224,16-May-25,Shell Rawalpindi F-7 Markaz Pump,Shell,Rawalpindi,Punjab,Super (92 Ron),283.75,20.02,5680.68,EasyPaisa,Individual
TXN-20253225,2025-07-08,PSO Quetta Clifton Service Station,PSO,Quetta,Balochistan,Hi-Octane (97 Ron),317.49,67.45,21414.7,Fleet Card,Corporate
TXN-20253226,2026-06-03,Attock Petroleum Multan Motorway Service Area,Attock Petroleum,Multan,Punjab,Hi-Octane (97 Ron),312.78,126.35,39519.75,Credit Card,Individual
TXN-20253227,2025-11-12,Hascol Multan Ferozepur Road Pump,Hascol,Multan,Punjab,High Speed Diesel,283.83,50.46,14322.06,Credit Card,Government
TXN-20253228,2025-03-20,Total Parco Peshawar Thokar Niaz Baig Station,Total Parco,Peshawar,KPK,Super (92 Ron),284.47,19.19,5458.98,Debit Card,individual
TXN-20253229,2025-06-09,Total Parco Multan G-11 Markaz Station,Total Parco,Multan,Punjab,CNG,202.25,108.73,21990.64,Fleet Card,individual
TXN-20253230,2025-05-06,PSO Islamabad GT Road Service,PSO,Islamabad,Islamabad ICT,High Speed Diesel,273.55,7679.12,2100623.28,Credit Card,individual
TXN-20253231,2026-07-28,Attock Petroleum Karachi Industrial Area Pump,Attock Petroleum,Karachi,Sindh,Hi-Octane (97 Ron),320.65,7.66,2456.18,EasyPaisa,Corporate Fleet
TXN-20253232,2026-02-09,Total Parco Lahore G-11 Markaz Station,Total Parco,Lahore,Punjab,Super (92 Ron),262.09,8.36,2191.07,EasyPaisa,Government
TXN-20253233,2025-11-10,PSO Sialkot Blue Area Station,PSO,Sialkot,Punjab,CNG,201.61,7800.93,1572745.5,Debit Card,Corporate
TXN-20253234,20-Dec-25,Attock Petroleum Islamabad Motorway Service Area,Attock Petroleum,Islamabad,Islamabad ICT,Super (92 Ron),267.8,78.23,20949.99,Debit Card,Individual
TXN-20253235,2025-01-09,Hascol Quetta Super Highway Station,Hascol,Quetta,Balochistan,Hi-Octane (97 Ron),322.55,84.25,27174.84,cash,Government
TXN-20253236,2025-09-26,Total Parco Islamabad Thokar Niaz Baig Station,Total Parco,Islamabad,Islamabad ICT,Hi-Octane (97 Ron),301.32,,,credit card,Corporate
TXN-20253237,2025-09-02,Cnergyico Sialkot Hub River Road Pump,Cnergyico,Sialkot,Punjab,Hi-Octane (97 Ron),321.79,37.03,11915.88,Credit Card,individual
TXN-20253238,13-Dec-25,Hascol Rawalpindi Super Highway Station,Hascol,Rawalpindi,Punjab,CNG,208.92,73.17,15286.68,CASH,Individual
TXN-20253239,13-Mar-25,Total Parco Quetta Shahrah-e-Faisal Point,Total Parco,Quetta,Balochistan,Hi-Octane (97 Ron),329.21,113.07,37223.77,CASH,Agriculture
TXN-20253240,2025-06-03,Hascol Islamabad Hayatabad Filling Station,Hascol,Islamabad,Islamabad ICT,Hi-Octane (97 Ron),305.33,19.86,6063.85,EasyPaisa,individual
TXN-20253241,15/06/2026,Shell Peshawar University Road Pump,Shell,Peshawar,KPK,High Speed Diesel,297.27,39.05,11608.39,EasyPaisa,Corporate Fleet
TXN-20253242,2025-11-11,Cnergyico Karachi Multan Road Filling Point,Cnergyico,Karachi,Sindh,Hi-Octane (97 Ron),295.45,87.59,25878.47,JazzCash,individual
TXN-20253243,12/04/2025,Total Parco Islamabad G-11 Markaz Station,Total Parco,Islamabad,Islamabad ICT,Hi-Octane (97 Ron),328.03,143.08,46934.53,credit card,Individual
TXN-20253244,2025-01-19,Attock Petroleum Karachi Industrial Area Pump,Attock Petroleum,Karachi,Sindh,Hi-Octane (97 Ron),302.94,12.33,3735.25,Mobile Wallet,Corporate
TXN-20253245,2025-11-30,Hascol Lahore Ferozepur Road Pump,Hascol,Lahore,Punjab,CNG,210.63,6.31,1329.08,credit card,Agriculture
TXN-20253246,2026-05-07,Shell Faisalabad Mall Road Station,Shell,Faisalabad,Punjab,CNG,219.75,26.73,5873.92,Debit Card,Individual
TXN-20253247,2026-01-05,Cnergyico Islamabad Hub River Road Pump,Cnergyico,Islamabad,Islamabad ICT,High Speed Diesel,289.97,12.37,3586.93,CASH,individual
TXN-20253248,2026-01-02,Shell Karachi F-7 Markaz Pump,Shell,Karachi,Sindh,CNG,203.45,83.17,16920.94,JazzCash,Agriculture
TXN-20253249,2025-01-14,Hascol Sialkot Ferozepur Road Pump,Hascol,Sialkot,Punjab,High Speed Diesel,279.49,90.05,25168.07,Fleet Card,Corporate Fleet
TXN-20253250,29-Jan-26,Cnergyico Karachi Multan Road Filling Point,Cnergyico,Karachi,Sindh,Hi-Octane (97 Ron),302.91,122.0,36955.02,cash,Corporate
TXN-20253251,2026-08-04,Shell Lahore Gulberg Station,Shell,Lahore,Punjab,Hi-Octane (97 Ron),299.8,102.92,30855.42,EasyPaisa,Corporate
TXN-20253252,2026-04-11,Attock Petroleum Quetta Khyber Pass Pump,Attock Petroleum,Quetta,Balochistan,Super (92 Ron),278.59,134.4,37442.5,cash,Individual
TXN-20253253,2026-05-04,Cnergyico Peshawar Hub River Road Pump,Cnergyico,Peshawar,KPK,Super (92 Ron),282.94,142.88,40426.47,Fleet Card,Government
TXN-20253254,2025-04-07,Total Parco Rawalpindi G-11 Markaz Station,Total Parco,Rawalpindi,Punjab,CNG,210.26,52.59,11057.57,Fleet Card,Individual
TXN-20253255,2026-03-01,Total Parco Rawalpindi G-11 Markaz Station,Total Parco,Rawalpindi,Punjab,Hi-Octane (97 Ron),308.88,19.56,6041.69,Debit Card,Agriculture
TXN-20253256,2026-06-26,Hascol Multan Hayatabad Filling Station,Hascol,Multan,Punjab,CNG,204.16,10125.26,2067173.08,Credit Card,Corporate
TXN-20253257,2025-12-24,Total Parco Rawalpindi Shahrah-e-Faisal Point,Total Parco,Rawalpindi,Punjab,High Speed Diesel,271.53,41.1,11159.88,Credit Card,individual
TXN-20253258,26-May-25,Cnergyico Faisalabad Multan Road Filling Point,Cnergyico,Faisalabad,Punjab,Super (92 Ron),285.24,50.91,14521.57,JazzCash,Individual
TXN-20253259,2025-05-29,Hascol Quetta Hayatabad Filling Station,Hascol,Quetta,Balochistan,CNG,210.21,4187.91,880340.56,Cash,Agriculture
TXN-20253260,2025-04-28,Shell Faisalabad University Road Pump,Shell,Faisalabad,Punjab,Super (92 Ron),278.54,43.95,12241.83,Cash,Individual
TXN-20253261,2025-11-17,Cnergyico Multan Multan Road Filling Point,Cnergyico,Multan,Punjab,Hi-Octane (97 Ron),325.27,79.53,25868.72,cash,Corporate
TXN-20253262,2025-08-13,Hascol Peshawar Super Highway Station,Hascol,Peshawar,KPK,Super (92 Ron),275.0,13.44,,Cash,Government
TXN-20253263,2026-05-21,Cnergyico Quetta Hub River Road Pump,Cnergyico,Quetta,Balochistan,High Speed Diesel,299.78,31.51,9446.07,Credit Card,Government
TXN-20253264,2026-05-13,Hascol Rawalpindi Ferozepur Road Pump,Hascol,Rawalpindi,Punjab,Super (92 Ron),279.72,26.72,7474.12,Debit Card,Corporate Fleet
TXN-20253265,2026-05-26,Attock Petroleum Lahore Saddar Filling Station,Attock Petroleum,Lahore,Punjab,High Speed Diesel,275.68,143.73,39623.49,cash,Corporate
TXN-20253266,2026-06-15,Attock Petroleum Islamabad Industrial Area Pump,Attock Petroleum,Islamabad,Islamabad ICT,CNG,216.67,122.72,26589.74,Cash,individual
TXN-20253267,2025-03-14,Cnergyico Lahore Hub River Road Pump,Cnergyico,Lahore,Punjab,CNG,216.08,15.68,3388.13,Debit Card,Corporate
TXN-20253268,2025-11-26,Hascol Islamabad Super Highway Station,Hascol,Islamabad,Islamabad ICT,Hi-Octane (97 Ron),303.55,73.4,22280.57,Credit Card,Individual
TXN-20253269,10-Mar-25,Hascol Karachi Super Highway Station,Hascol,Karachi,Sindh,CNG,218.39,105.54,23048.88,Debit Card,Corporate
TXN-20253270,2025-10-17,PSO Multan Blue Area Station,PSO,Multan,Punjab,Hi-Octane (97 Ron),310.42,77.1,23933.38,Mobile Wallet,Government
TXN-20253271,2026-04-07,PSO Quetta Blue Area Station,PSO,Quetta,Balochistan,Hi-Octane (97 Ron),328.86,91.3,30024.92,Mobile Wallet,Corporate
TXN-20253272,2025-02-18,Hascol Faisalabad Super Highway Station,Hascol,Faisalabad,Punjab,CNG,212.35,51.76,10991.24,Fleet Card,Corporate
TXN-20253273,2026-07-22,Total Parco Peshawar G-11 Markaz Station,Total Parco,Peshawar,KPK,Super (92 Ron),278.27,56.02,15588.69,CASH,Individual
TXN-20253274,08/07/2026,Shell Multan Gulberg Station,Shell,Multan,Punjab,Hi-Octane (97 Ron),305.68,48.46,14813.25,EasyPaisa,Government
TXN-20253275,2025-06-04,Shell Multan Mall Road Station,Shell,Multan,Punjab,Hi-Octane (97 Ron),-99.0,68.92,-6823.08,Credit Card,individual
TXN-20253276,2026-02-10,Hascol Rawalpindi Super Highway Station,Hascol,Rawalpindi,Punjab,High Speed Diesel,292.92,133.35,39060.88,EasyPaisa,Individual
TXN-20253277,2026-07-05,Attock Petroleum Karachi Motorway Service Area,Attock Petroleum,Karachi,Sindh,High Speed Diesel,278.77,5010.95,1396902.53,Cash,Government
TXN-20253278,21/01/2025,PSO Sialkot Lytton Road Pump,PSO,Sialkot,Punjab,Hi-Octane (97 Ron),299.2,54.3,16246.56,Debit Card,Corporate
TXN-20253279,2025-09-21,PSO Lahore GT Road Service,PSO,Lahore,Punjab,High Speed Diesel,271.08,22.05,5977.31,credit card,Individual
TXN-20253280,2025-04-01,PSO Quetta Clifton Service Station,PSO,Quetta,Balochistan,Super (92 Ron),278.75,56.87,15852.51,CASH,
TXN-20253281,2026-03-07,PSO Karachi Cantt Filling Point,PSO,Karachi,Sindh,Super (92 Ron),272.78,39.22,10698.43,Mobile Wallet,Agriculture
TXN-20253282,2025-07-15,Attock Petroleum Peshawar Motorway Service Area,Attock Petroleum,Peshawar,KPK,High Speed Diesel,300.17,114.66,34417.49,EasyPaisa,Individual
TXN-20253283,2025-04-20,Total Parco Islamabad Jail Road Petrol Pump,Total Parco,Islamabad,Islamabad ICT,Super (92 Ron),277.92,82.26,22861.7,CASH,individual
TXN-20253284,2026-01-18,Cnergyico Karachi Multan Road Filling Point,Cnergyico,Karachi,Sindh,High Speed Diesel,287.51,147.99,42548.6,Credit Card,Corporate Fleet
TXN-20253285,15-Aug-26,Cnergyico Karachi Murree Road Station,Cnergyico,Karachi,Sindh,CNG,207.33,102.46,21243.03,EasyPaisa,Agriculture
TXN-20253286,2025-12-20,Cnergyico Lahore Hub River Road Pump,Cnergyico,Lahore,Punjab,High Speed Diesel,304.07,144.61,43971.56,CASH,Corporate
TXN-20253287,2026-07-11,Total Parco Quetta G-11 Markaz Station,Total Parco,Quetta,Balochistan,Hi-Octane (97 Ron),298.13,138.14,41183.68,cash,Corporate Fleet
TXN-20253288,2025-07-24,Hascol Multan Ferozepur Road Pump,Hascol,Multan,Punjab,High Speed Diesel,276.65,9.65,2669.67,EasyPaisa,Agriculture
TXN-20253289,2025-10-14,Shell Faisalabad Karsaz Service Station,Shell,Faisalabad,Punjab,Super (92 Ron),260.37,44.31,11536.99,credit card,Corporate Fleet
TXN-20253290,23/08/2026,Attock Petroleum Quetta Khyber Pass Pump,Attock Petroleum,Quetta,Balochistan,Super (92 Ron),286.46,122.88,35200.2,Mobile Wallet,Corporate Fleet
TXN-20253291,20-Aug-25,PSO Rawalpindi Defence Filling Point,PSO,Rawalpindi,Punjab,Super (92 Ron),286.03,23.11,6610.15,EasyPaisa,Corporate Fleet
TXN-20253292,2025-03-28,PSO Rawalpindi Cantt Filling Point,PSO,Rawalpindi,Punjab,Hi-Octane (97 Ron),327.24,54.42,17808.4,Cash,individual
TXN-20253293,2026-01-14,Cnergyico Islamabad Murree Road Station,Cnergyico,Islamabad,Islamabad ICT,Super (92 Ron),271.43,10097.36,2740726.42,CASH,Government
TXN-20253294,2026-04-08,PSO Sialkot Blue Area Station,PSO,Sialkot,Punjab,CNG,208.74,101.9,21270.61,Debit Card,Government
TXN-20253295,2025-01-18,Cnergyico Lahore Multan Road Filling Point,Cnergyico,Lahore,Punjab,Super (92 Ron),284.96,112.03,31924.07,CASH,Individual
TXN-20253296,2025-04-10,Cnergyico Sialkot Multan Road Filling Point,Cnergyico,Sialkot,Punjab,Hi-Octane (97 Ron),303.06,148.22,44919.55,EasyPaisa,Corporate
TXN-20253297,2026-08-27,Hascol Faisalabad Hayatabad Filling Station,Hascol,Faisalabad,Punjab,Super (92 Ron),281.54,103.28,29077.45,CASH,individual
TXN-20253298,2025-04-21,Shell Islamabad University Road Pump,Shell,Islamabad,Islamabad ICT,Hi-Octane (97 Ron),311.67,59.52,18550.6,Mobile Wallet,Individual
TXN-20253299,2025-02-28,Attock Petroleum Karachi Khyber Pass Pump,Attock Petroleum,Karachi,Sindh,CNG,205.09,13.53,2774.87,cash,Individual
TXN-20253300,2026-04-09,PSO Peshawar Cantt Filling Point,PSO,Peshawar,KPK,Hi-Octane (97 Ron),327.83,110.74,36303.89,Cash,individual
TXN-20253301,2025-07-28,Cnergyico Islamabad Hub River Road Pump,Cnergyico,Islamabad,Islamabad ICT,High Speed Diesel,273.53,9461.7,2588058.8,EasyPaisa,Agriculture
TXN-20253302,2025-04-18,Attock Petroleum Multan Khyber Pass Pump,Attock Petroleum,Multan,Punjab,Hi-Octane (97 Ron),326.81,25.96,8483.99,Mobile Wallet,Corporate Fleet
TXN-20253303,2026-05-06,PSO Faisalabad Defence Filling Point,PSO,Faisalabad,Punjab,CNG,202.3,3444.67,696856.74,Cash,Corporate
TXN-20253304,2026-06-06,Shell Karachi University Road Pump,Shell,Karachi,Sindh,Super (92 Ron),280.61,10.13,2842.58,EasyPaisa,Government
TXN-20253305,25-Jul-26,PSO Lahore Clifton Service Station,PSO,Lahore,Punjab,High Speed Diesel,293.61,23.11,6785.33,cash,Agriculture
TXN-20253306,2025-10-02,Shell Karachi F-7 Markaz Pump,Shell,Karachi,Sindh,CNG,204.86,69.59,14256.21,Fleet Card,Individual
TXN-20253307,2025-06-07,Cnergyico Islamabad Murree Road Station,Cnergyico,Islamabad,Islamabad ICT,High Speed Diesel,285.81,133.16,,Credit Card,Corporate Fleet
TXN-20253308,2025-11-06,Attock Petroleum Sialkot Motorway Service Area,Attock Petroleum,Sialkot,Punjab,Super (92 Ron),263.96,76.02,20066.24,Debit Card,Agriculture
TXN-20253309,2026-04-08,Cnergyico Quetta Multan Road Filling Point,Cnergyico,Quetta,Balochistan,Hi-Octane (97 Ron),303.97,96.46,29320.95,Mobile Wallet,individual
TXN-20253310,11-Jul-25,Cnergyico Karachi Multan Road Filling Point,Cnergyico,Karachi,Sindh,CNG,204.81,129.21,26463.5,Debit Card,Individual
TXN-20253311,2025-06-20,Hascol Quetta Hayatabad Filling Station,Hascol,Quetta,Balochistan,CNG,201.61,33.44,6741.84,Credit Card,Individual
TXN-20253312,03/02/2026,Hascol Islamabad Ferozepur Road Pump,Hascol,Islamabad,Islamabad ICT,High Speed Diesel,297.5,74.28,22098.3,credit card,Corporate
TXN-20253313,2025-04-05,Total Parco Multan Shahrah-e-Faisal Point,Total Parco,Multan,Punjab,Hi-Octane (97 Ron),319.64,12.08,3861.25,Mobile Wallet,Agriculture
TXN-20253314,2025-10-30,Attock Petroleum Lahore Motorway Service Area,Attock Petroleum,Lahore,Punjab,High Speed Diesel,275.74,125.81,34690.85,Mobile Wallet,Individual
TXN-20253315,2026-05-24,Shell Peshawar Gulberg Station,Shell,Peshawar,KPK,CNG,212.71,4293.55,913281.02,CASH,Corporate
TXN-20253316,2025-02-10,Hascol Faisalabad Hayatabad Filling Station,Hascol,Faisalabad,Punjab,High Speed Diesel,301.8,75.76,22864.37,Fleet Card,Agriculture
TXN-20253317,2025-07-10,Shell Quetta Karsaz Service Station,Shell,Quetta,Balochistan,High Speed Diesel,300.03,5.27,1581.16,credit card,Corporate Fleet
TXN-20253318,2025-08-30,PSO Peshawar Blue Area Station,PSO,Peshawar,KPK,Super (92 Ron),274.26,9.95,2728.89,Fleet Card,Government
TXN-20253319,2025-03-15,Hascol Faisalabad Super Highway Station,Hascol,Faisalabad,Punjab,High Speed Diesel,300.05,100.34,30107.02,Fleet Card,Corporate
TXN-20253320,2025-06-01,Total Parco Quetta Shahrah-e-Faisal Point,Total Parco,Quetta,Balochistan,CNG,211.52,7991.07,1690271.13,JazzCash,Agriculture
TXN-20253321,2025-03-13,Hascol Multan Hayatabad Filling Station,Hascol,Multan,Punjab,Super (92 Ron),262.27,83.62,21931.02,credit card,Government
TXN-20253322,31-Jan-26,Shell Multan University Road Pump,Shell,Multan,Punjab,Super (92 Ron),277.55,110.35,30627.64,JazzCash,Government
TXN-20253323,2025-08-27,PSO Peshawar Cantt Filling Point,PSO,Peshawar,KPK,CNG,210.6,3498.51,736786.21,,Government
TXN-20253324,2026-04-17,Total Parco Sialkot G-11 Markaz Station,Total Parco,Sialkot,Punjab,Super (92 Ron),267.91,84.76,22708.05,Debit Card,Individual
TXN-20253325,2026-04-04,PSO Islamabad Blue Area Station,PSO,Islamabad,Islamabad ICT,Super (92 Ron),288.72,45.37,13099.23,,Government
TXN-20253326,2025-05-12,Hascol Sialkot Ferozepur Road Pump,Hascol,Sialkot,Punjab,High Speed Diesel,280.05,40.85,11440.04,Mobile Wallet,Agriculture
TXN-20253327,2025-08-27,Attock Petroleum Rawalpindi Khyber Pass Pump,Attock Petroleum,Rawalpindi,Punjab,High Speed Diesel,292.81,5398.57,1580755.28,Debit Card,Corporate Fleet
TXN-20253328,19/08/2025,PSO Faisalabad Blue Area Station,PSO,Faisalabad,Punjab,Hi-Octane (97 Ron),318.88,2349.64,749253.2,,Corporate
TXN-20253329,2025-07-28,Shell Sialkot Gulberg Station,Shell,Sialkot,Punjab,Super (92 Ron),274.04,131.97,36165.06,CASH,Government
TXN-20253330,30/07/2026,Shell Islamabad University Road Pump,Shell,Islamabad,Islamabad ICT,CNG,213.49,25.55,5454.67,EasyPaisa,Government
TXN-20253331,2026-08-18,PSO Rawalpindi Blue Area Station,PSO,Rawalpindi,Punjab,CNG,208.98,973.93,203531.89,Mobile Wallet,Corporate Fleet
TXN-20253332,2025-07-19,Cnergyico Sialkot Hub River Road Pump,Cnergyico,Sialkot,Punjab,High Speed Diesel,280.22,,,EasyPaisa,Corporate Fleet
TXN-20253333,2025-12-14,Shell Karachi Mall Road Station,Shell,Karachi,Sindh,Hi-Octane (97 Ron),318.44,7.92,2522.04,EasyPaisa,Agriculture
TXN-20253334,18/04/2026,Total Parco Faisalabad Jail Road Petrol Pump,Total Parco,Faisalabad,Punjab,Hi-Octane (97 Ron),305.3,142.01,43355.65,Debit Card,Individual
TXN-20253335,2025-08-13,PSO Islamabad Defence Filling Point,PSO,Islamabad,Islamabad ICT,CNG,201.31,59.2,11917.55,EasyPaisa,individual
TXN-20253336,2025-09-28,Shell Lahore University Road Pump,Shell,Lahore,Punjab,Super (92 Ron),260.64,25.42,6625.47,cash,individual
TXN-20253337,08/03/2026,Attock Petroleum Peshawar Khyber Pass Pump,Attock Petroleum,Peshawar,KPK,CNG,219.32,126.26,27691.34,,Government
TXN-20253338,2026-05-07,PSO Peshawar Blue Area Station,PSO,Peshawar,KPK,CNG,210.31,48.56,10212.65,CASH,Corporate
TXN-20253339,2025-06-03,Total Parco Islamabad Thokar Niaz Baig Station,Total Parco,Islamabad,Islamabad ICT,Hi-Octane (97 Ron),321.26,38.75,12448.82,Debit Card,individual
TXN-20253340,2025-01-09,Cnergyico Sialkot Murree Road Station,Cnergyico,Sialkot,Punjab,CNG,217.8,131.4,28618.92,Mobile Wallet,Individual
TXN-20253341,2026-03-26,PSO Rawalpindi Clifton Service Station,PSO,Rawalpindi,Punjab,Hi-Octane (97 Ron),321.93,98.91,31842.1,Cash,Agriculture
TXN-20253342,2025-08-05,Total Parco Multan Thokar Niaz Baig Station,Total Parco,Multan,Punjab,High Speed Diesel,287.4,100.63,28921.06,Mobile Wallet,Corporate Fleet
TXN-20253343,2026-03-26,Total Parco Lahore Thokar Niaz Baig Station,Total Parco,Lahore,Punjab,High Speed Diesel,282.2,9640.23,2720472.91,cash,individual
TXN-20253344,2026-03-18,Attock Petroleum Quetta Industrial Area Pump,Attock Petroleum,Quetta,Balochistan,CNG,219.25,34.67,7601.4,credit card,Individual
TXN-20253345,13-Apr-25,Shell Peshawar Mall Road Station,Shell,Peshawar,KPK,Super (92 Ron),265.08,34.02,9018.02,JazzCash,Government
TXN-20253346,2025-11-05,Shell Sialkot Mall Road Station,Shell,Sialkot,Punjab,Hi-Octane (97 Ron),322.13,7.47,2406.31,Credit Card,Individual
TXN-20253347,2025-05-20,Hascol Karachi Super Highway Station,Hascol,Karachi,Sindh,Super (92 Ron),263.09,90.96,23930.67,Debit Card,Agriculture
TXN-20253348,03-Feb-25,PSO Multan Lytton Road Pump,PSO,Multan,Punjab,CNG,210.66,102.61,21615.82,CASH,Corporate Fleet
TXN-20253349,2025-06-01,Shell Peshawar Gulberg Station,Shell,Peshawar,KPK,Hi-Octane (97 Ron),316.11,51.73,16352.37,credit card,Corporate
TXN-20253350,2025-10-18,Attock Petroleum Peshawar Motorway Service Area,Attock Petroleum,Peshawar,KPK,Hi-Octane (97 Ron),314.08,121.89,38283.21,credit card,Agriculture
TXN-20253351,2025-04-30,Total Parco Faisalabad Thokar Niaz Baig Station,Total Parco,Faisalabad,Punjab,Hi-Octane (97 Ron),326.84,60.01,19613.67,JazzCash,Corporate
TXN-20253352,2025-04-11,PSO Multan Cantt Filling Point,PSO,Multan,Punjab,High Speed Diesel,284.26,29.5,8385.67,Fleet Card,Agriculture
TXN-20253353,2026-08-28,Total Parco Lahore Shahrah-e-Faisal Point,Total Parco,Lahore,Punjab,CNG,213.85,93.98,20097.62,CASH,Corporate Fleet
TXN-20253354,2026-07-02,PSO Sialkot GT Road Service,PSO,Sialkot,Punjab,CNG,213.49,6337.26,1352941.64,JazzCash,Agriculture
TXN-20253355,2026-07-18,PSO Lahore Clifton Service Station,PSO,Lahore,Punjab,Hi-Octane (97 Ron),328.28,75.5,,Credit Card,Agriculture
TXN-20253356,2026-01-22,Total Parco Peshawar Jail Road Petrol Pump,Total Parco,Peshawar,KPK,Super (92 Ron),289.49,44.76,12957.57,Fleet Card,Government
TXN-20253357,2025-02-04,Shell Peshawar F-7 Markaz Pump,Shell,Peshawar,KPK,Hi-Octane (97 Ron),300.53,87.15,26191.19,Fleet Card,Government
TXN-20253358,2026-03-25,Attock Petroleum Islamabad Khyber Pass Pump,Attock Petroleum,Islamabad,Islamabad ICT,Super (92 Ron),283.27,105.97,30018.12,Fleet Card,Individual
TXN-20253359,2025-10-23,Attock Petroleum Multan Motorway Service Area,Attock Petroleum,Multan,Punjab,CNG,214.19,114.72,24571.88,Debit Card,Corporate Fleet
TXN-20253360,2026-05-12,PSO Sialkot Clifton Service Station,PSO,Sialkot,Punjab,Hi-Octane (97 Ron),301.18,75.89,22856.55,cash,Individual
TXN-20253361,04/06/2026,Attock Petroleum Multan Saddar Filling Station,Attock Petroleum,Multan,Punjab,High Speed Diesel,304.47,56.02,17056.41,Cash,Agriculture
TXN-20253362,2025-08-25,Total Parco Quetta Shahrah-e-Faisal Point,Total Parco,Quetta,Balochistan,Hi-Octane (97 Ron),305.3,,,Cash,Government
TXN-20253363,2026-07-28,Cnergyico Sialkot Murree Road Station,Cnergyico,Sialkot,Punjab,High Speed Diesel,285.18,9909.34,2825945.58,Credit Card,Corporate Fleet
TXN-20253364,2025-09-25,Cnergyico Quetta Hub River Road Pump,Cnergyico,Quetta,Balochistan,High Speed Diesel,290.47,99.23,28823.34,Credit Card,Corporate
TXN-20253365,2026-04-30,Shell Sialkot University Road Pump,Shell,Sialkot,Punjab,High Speed Diesel,294.9,29.04,8563.9,Credit Card,Agriculture
TXN-20253366,2026-05-11,Attock Petroleum Multan Industrial Area Pump,Attock Petroleum,Multan,Punjab,High Speed Diesel,274.51,34.63,9506.28,Cash,Individual
TXN-20253367,2026-02-07,Total Parco Rawalpindi Jail Road Petrol Pump,Total Parco,Rawalpindi,Punjab,Hi-Octane (97 Ron),308.16,78.14,24079.62,Mobile Wallet,Individual
TXN-20253368,2025-09-12,Total Parco Sialkot G-11 Markaz Station,Total Parco,Sialkot,Punjab,CNG,209.77,8018.93,1682130.95,EasyPaisa,Individual
TXN-20253369,2026-03-02,Attock Petroleum Rawalpindi Motorway Service Area,Attock Petroleum,Rawalpindi,Punjab,CNG,207.44,56.33,,EasyPaisa,Government
TXN-20253370,2025-06-02,Cnergyico Lahore Murree Road Station,Cnergyico,Lahore,Punjab,Super (92 Ron),9999.0,22.86,228577.14,JazzCash,Agriculture
TXN-20253371,06/05/2026,Total Parco Karachi G-11 Markaz Station,Total Parco,Karachi,Sindh,High Speed Diesel,294.6,26.53,7815.74,JazzCash,Agriculture
TXN-20253372,05-Jul-26,Total Parco Multan G-11 Markaz Station,Total Parco,Multan,Punjab,Super (92 Ron),289.66,80.15,23216.25,JazzCash,individual
TXN-20253373,19/05/2026,Total Parco Lahore G-11 Markaz Station,Total Parco,Lahore,Punjab,High Speed Diesel,280.56,115.3,32348.57,Fleet Card,Corporate Fleet
TXN-20253374,2025-08-17,Total Parco Rawalpindi Shahrah-e-Faisal Point,Total Parco,Rawalpindi,Punjab,Super (92 Ron),287.58,107.82,31006.88,Cash,individual
TXN-20253375,2026-03-12,Total Parco Multan G-11 Markaz Station,Total Parco,Multan,Punjab,High Speed Diesel,273.95,122.63,33594.49,Credit Card,Individual
TXN-20253376,2026-01-07,Hascol Quetta Hayatabad Filling Station,Hascol,Quetta,Balochistan,Super (92 Ron),275.62,61.92,17066.39,credit card,Corporate
TXN-20253377,2026-02-25,Shell Islamabad Karsaz Service Station,Shell,Islamabad,Islamabad ICT,High Speed Diesel,292.64,11653.33,3410230.49,cash,Individual
TXN-20253378,2025-05-31,Total Parco Rawalpindi Jail Road Petrol Pump,Total Parco,Rawalpindi,Punjab,CNG,214.06,117.6,25173.46,Fleet Card,individual
TXN-20253379,2025-05-08,Cnergyico Rawalpindi Murree Road Station,Cnergyico,Rawalpindi,Punjab,Super (92 Ron),264.55,41.6,11005.28,cash,Agriculture
TXN-20253380,2025-06-19,Attock Petroleum Sialkot Industrial Area Pump,Attock Petroleum,Sialkot,Punjab,Super (92 Ron),260.55,83.59,21779.37,Mobile Wallet,Individual
TXN-20253381,2026-04-14,PSO Lahore Defence Filling Point,PSO,Lahore,Punjab,High Speed Diesel,297.47,70.65,21016.26,cash,individual
TXN-20253382,03/02/2025,Attock Petroleum Lahore Saddar Filling Station,Attock Petroleum,Lahore,Punjab,Hi-Octane (97 Ron),315.67,17.76,5606.3,credit card,Corporate Fleet
TXN-20253383,2025-09-14,Cnergyico Sialkot Murree Road Station,Cnergyico,Sialkot,Punjab,Hi-Octane (97 Ron),308.12,74.12,22837.85,Mobile Wallet,Corporate Fleet
TXN-20253384,11/03/2026,Shell Faisalabad University Road Pump,Shell,Faisalabad,Punjab,CNG,214.3,112.65,24140.9,JazzCash,Individual
TXN-20253385,2025-10-12,Hascol Peshawar Super Highway Station,Hascol,Peshawar,KPK,Hi-Octane (97 Ron),,128.5,,Cash,Agriculture
TXN-20253386,2025-04-21,Cnergyico Peshawar Multan Road Filling Point,Cnergyico,Peshawar,KPK,CNG,213.62,55.03,11755.51,Credit Card,individual
TXN-20253387,2026-05-27,Attock Petroleum Sialkot Saddar Filling Station,Attock Petroleum,Sialkot,Punjab,Super (92 Ron),288.92,134.21,38775.95,CASH,Individual
TXN-20253388,2025-04-01,Cnergyico Sialkot Hub River Road Pump,Cnergyico,Sialkot,Punjab,Hi-Octane (97 Ron),316.5,66.15,25123.77,EasyPaisa,Agriculture
TXN-20253389,2025-03-02,Shell Multan F-7 Markaz Pump,Shell,Multan,Punjab,Hi-Octane (97 Ron),309.21,117.3,36270.33,,Corporate
TXN-20253390,2025-12-11,PSO Peshawar Blue Area Station,PSO,Peshawar,KPK,CNG,209.16,108.57,22708.5,Debit Card,Corporate
TXN-20253391,01-Apr-25,Cnergyico Karachi Hub River Road Pump,Cnergyico,Karachi,Sindh,High Speed Diesel,288.62,75.0,21646.5,Debit Card,individual
TXN-20253392,18-Aug-26,Cnergyico Multan Murree Road Station,Cnergyico,Multan,Punjab,CNG,206.9,49.76,10295.34,Mobile Wallet,Individual
TXN-20253393,2026-03-04,Shell Peshawar Mall Road Station,Shell,Peshawar,KPK,Hi-Octane (97 Ron),324.21,126.79,,Mobile Wallet,Government
TXN-20253394,28/02/2026,Total Parco Islamabad Thokar Niaz Baig Station,Total Parco,Islamabad,Islamabad ICT,Hi-Octane (97 Ron),306.73,,,Credit Card,Government
TXN-20253395,2025-05-02,Shell Faisalabad Karsaz Service Station,Shell,Faisalabad,Punjab,Hi-Octane (97 Ron),320.09,113.82,36432.64,Fleet Card,Government
TXN-20253396,2026-06-21,Hascol Rawalpindi Hayatabad Filling Station,Hascol,Rawalpindi,Punjab,Super (92 Ron),271.71,135.19,36732.47,Fleet Card,Government
TXN-20253397,2026-04-30,Attock Petroleum Karachi Industrial Area Pump,Attock Petroleum,Karachi,Sindh,Hi-Octane (97 Ron),324.45,124.08,40257.76,Fleet Card,Government
TXN-20253398,2026-07-02,Cnergyico Faisalabad Murree Road Station,Cnergyico,Faisalabad,Punjab,Hi-Octane (97 Ron),308.51,79.62,24563.57,credit card,Corporate
TXN-20253399,2025-06-21,Hascol Quetta Super Highway Station,Hascol,Quetta,Balochistan,Super (92 Ron),261.57,84.15,22011.12,Credit Card,individual
TXN-20253400,2025-05-02,Attock Petroleum Islamabad Khyber Pass Pump,Attock Petroleum,Islamabad,Islamabad ICT,CNG,213.13,24.51,5223.82,Credit Card,Individual
TXN-20253401,2025-12-21,Total Parco Faisalabad Thokar Niaz Baig Station,Total Parco,Faisalabad,Punjab,CNG,217.99,133.31,29060.25,credit card,Government
TXN-20253402,2025-06-09,Cnergyico Karachi Hub River Road Pump,Cnergyico,Karachi,Sindh,Hi-Octane (97 Ron),321.81,90.35,29075.53,JazzCash,individual
TXN-20253403,23-Jul-26,Hascol Sialkot Super Highway Station,Hascol,Sialkot,Punjab,High Speed Diesel,272.98,142.75,38967.9,Credit Card,Corporate Fleet
TXN-20253404,2026-05-13,Attock Petroleum Islamabad Motorway Service Area,Attock Petroleum,Islamabad,Islamabad ICT,Hi-Octane (97 Ron),326.82,95.97,31364.92,CASH,Corporate
TXN-20253405,2026-02-27,PSO Quetta Defence Filling Point,PSO,Quetta,Balochistan,High Speed Diesel,304.21,10125.84,3080381.79,credit card,individual
TXN-20253406,2025-01-03,Shell Sialkot Mall Road Station,Shell,Sialkot,Punjab,Hi-Octane (97 Ron),300.73,101.78,36729.96,EasyPaisa,Government
TXN-20253407,2026-04-14,Total Parco Rawalpindi G-11 Markaz Station,Total Parco,Rawalpindi,Punjab,Super (92 Ron),262.75,,,CASH,individual
TXN-20253408,2025-04-07,PSO Islamabad Defence Filling Point,PSO,Islamabad,Islamabad ICT,CNG,219.59,96.29,21144.32,cash,Agriculture
TXN-20253409,2025-12-19,Total Parco Rawalpindi Jail Road Petrol Pump,Total Parco,Rawalpindi,Punjab,Super (92 Ron),287.1,143.3,41141.43,JazzCash,Corporate
TXN-20253410,2025-04-04,Shell Faisalabad Mall Road Station,Shell,Faisalabad,Punjab,Super (92 Ron),261.87,91.72,24018.72,Mobile Wallet,individual
TXN-20253411,2026-05-29,PSO Multan GT Road Service,PSO,Multan,Punjab,High Speed Diesel,293.26,,,,Corporate
TXN-20253412,2026-06-15,Hascol Multan Ferozepur Road Pump,Hascol,Multan,Punjab,CNG,213.01,35.41,7542.68,Cash,Agriculture
TXN-20253413,2025-12-02,Shell Lahore Gulberg Station,Shell,Lahore,Punjab,High Speed Diesel,302.16,12.41,3749.81,Credit Card,Corporate Fleet
TXN-20253414,2026-04-18,PSO Quetta Cantt Filling Point,PSO,Quetta,Balochistan,High Speed Diesel,282.86,16.95,4794.48,Cash,Corporate Fleet
TXN-20253415,2026-08-07,Cnergyico Multan Multan Road Filling Point,Cnergyico,Multan,Punjab,Super (92 Ron),272.31,92.9,25297.6,credit card,Corporate
TXN-20253416,2025-10-03,Attock Petroleum Peshawar Khyber Pass Pump,Attock Petroleum,Peshawar,KPK,Super (92 Ron),288.49,46.92,13535.95,Mobile Wallet,Government
TXN-20253417,2026-04-27,Hascol Islamabad Super Highway Station,Hascol,Islamabad,Islamabad ICT,Hi-Octane (97 Ron),303.11,123.01,37285.56,Credit Card,Agriculture
TXN-20253418,2025-09-09,Attock Petroleum Peshawar Saddar Filling Station,Attock Petroleum,Peshawar,KPK,High Speed Diesel,301.89,101.24,30563.34,Credit Card,individual
TXN-20253419,2025-07-17,PSO Faisalabad Blue Area Station,PSO,Faisalabad,Punjab,CNG,211.05,55.97,11812.47,CASH,Government
TXN-20253420,2025-08-15,Hascol Multan Ferozepur Road Pump,Hascol,Multan,Punjab,Super (92 Ron),287.58,108.38,31167.92,cash,individual
TXN-20253421,2025-04-24,Attock Petroleum Peshawar Khyber Pass Pump,Attock Petroleum,Peshawar,KPK,CNG,211.29,109.06,27651.94,Cash,Individual
TXN-20253422,2026-08-05,Hascol Peshawar Ferozepur Road Pump,Hascol,Peshawar,KPK,Hi-Octane (97 Ron),298.11,7.5,2235.83,credit card,Individual
TXN-20253423,2025-10-20,Total Parco Multan Shahrah-e-Faisal Point,Total Parco,Multan,Punjab,Super (92 Ron),286.03,60.53,17313.4,Mobile Wallet,Government
TXN-20253424,2026-06-23,Total Parco Rawalpindi Thokar Niaz Baig Station,Total Parco,Rawalpindi,Punjab,High Speed Diesel,296.54,76.47,,JazzCash,Corporate
TXN-20253425,2025-10-23,Total Parco Peshawar G-11 Markaz Station,Total Parco,Peshawar,KPK,Hi-Octane (97 Ron),322.83,7815.72,2523148.89,Cash,Corporate Fleet
TXN-20253426,11-Jun-25,Total Parco Sialkot Shahrah-e-Faisal Point,Total Parco,Sialkot,Punjab,Super (92 Ron),278.81,142.87,39833.58,CASH,Individual
TXN-20253427,2026-04-06,Attock Petroleum Multan Industrial Area Pump,Attock Petroleum,Multan,Punjab,CNG,200.74,44.24,8880.74,Credit Card,Agriculture
TXN-20253428,2025-08-24,Hascol Sialkot Super Highway Station,Hascol,Sialkot,Punjab,CNG,203.03,9.98,2026.24,cash,Corporate
TXN-20253429,2026-02-12,Cnergyico Quetta Murree Road Station,Cnergyico,Quetta,Balochistan,Hi-Octane (97 Ron),321.48,63.4,20381.83,cash,Individual
TXN-20253430,2025-08-11,Attock Petroleum Sialkot Saddar Filling Station,Attock Petroleum,Sialkot,Punjab,Super (92 Ron),273.4,127.7,34913.18,cash,Corporate
TXN-20253431,2026-04-09,Hascol Multan Super Highway Station,Hascol,Multan,Punjab,Hi-Octane (97 Ron),299.37,93.64,28033.01,Fleet Card,Corporate Fleet
TXN-20253432,2025-09-21,Total Parco Multan Jail Road Petrol Pump,Total Parco,Multan,Punjab,High Speed Diesel,285.4,64.88,18516.75,Fleet Card,Individual
TXN-20253433,2026-01-16,PSO Karachi Defence Filling Point,PSO,Karachi,Sindh,CNG,208.15,138.03,28730.94,credit card,Corporate
TXN-20253434,2026-08-13,PSO Lahore Cantt Filling Point,PSO,Lahore,Punjab,Hi-Octane (97 Ron),326.45,73.02,23837.38,Debit Card,Corporate
TXN-20253435,2025-01-31,Total Parco Quetta Jail Road Petrol Pump,Total Parco,Quetta,Balochistan,CNG,217.69,11604.02,2526079.11,credit card,Corporate
TXN-20253436,2026-04-13,Hascol Lahore Hayatabad Filling Station,Hascol,Lahore,Punjab,Super (92 Ron),262.02,70.04,18351.88,Mobile Wallet,individual
TXN-20253436,2026-04-13,Hascol Lahore Hayatabad Filling Station,Hascol,Lahore,Punjab,Super (92 Ron),262.02,70.04,18351.88,Mobile Wallet,individual
TXN-20253437,06/07/2025,PSO Rawalpindi Lytton Road Pump,PSO,Rawalpindi,Punjab,Super (92 Ron),269.95,6.31,1703.38,Mobile Wallet,Agriculture
TXN-20253438,21/09/2025,Cnergyico Islamabad Murree Road Station,Cnergyico,Islamabad,Islamabad ICT,Super (92 Ron),281.74,133.84,37708.08,Mobile Wallet,individual
TXN-20253439,2025-08-19,Cnergyico Karachi Hub River Road Pump,Cnergyico,Karachi,Sindh,Super (92 Ron),273.74,15.19,4158.11,JazzCash,Corporate Fleet
TXN-20253440,2026-01-04,Hascol Karachi Hayatabad Filling Station,Hascol,Karachi,Sindh,Super (92 Ron),279.23,108.61,30327.17,EasyPaisa,Corporate Fleet
TXN-20253441,2026-06-25,Total Parco Islamabad G-11 Markaz Station,Total Parco,Islamabad,Islamabad ICT,High Speed Diesel,287.1,28.85,8282.84,Debit Card,Corporate
TXN-20253442,2025-10-28,Shell Peshawar Mall Road Station,Shell,Peshawar,KPK,Hi-Octane (97 Ron),306.31,37.34,,Cash,Agriculture
TXN-20253443,2026-06-15,Cnergyico Quetta Multan Road Filling Point,Cnergyico,Quetta,Balochistan,High Speed Diesel,285.68,18.53,5293.65,cash,Agriculture
TXN-20253444,2025-12-29,Total Parco Islamabad Thokar Niaz Baig Station,Total Parco,Islamabad,Islamabad ICT,High Speed Diesel,-99.0,87.07,-8619.93,Debit Card,Government
TXN-20253445,02-Jan-25,Cnergyico Quetta Multan Road Filling Point,Cnergyico,Quetta,Balochistan,High Speed Diesel,285.87,57.11,16326.04,Cash,Individual
TXN-20253446,2025-11-01,PSO Peshawar Cantt Filling Point,PSO,Peshawar,KPK,High Speed Diesel,9999.0,119.52,1195080.48,credit card,Agriculture
TXN-20253447,26/10/2025,Attock Petroleum Rawalpindi Industrial Area Pump,Attock Petroleum,Rawalpindi,Punjab,High Speed Diesel,273.65,12.86,3519.14,CASH,Agriculture
TXN-20253448,2025-09-18,PSO Multan Blue Area Station,PSO,Multan,Punjab,Hi-Octane (97 Ron),9999.0,98.73,987201.27,EasyPaisa,Agriculture
TXN-20253449,2025-03-10,PSO Quetta GT Road Service,PSO,Quetta,Balochistan,High Speed Diesel,289.91,3322.11,963112.91,EasyPaisa,individual
TXN-20253450,2026-01-26,Hascol Multan Hayatabad Filling Station,Hascol,Multan,Punjab,High Speed Diesel,285.13,122.16,34831.48,Fleet Card,
TXN-20253451,20/01/2025,PSO Multan Blue Area Station,PSO,Multan,Punjab,Super (92 Ron),266.34,4472.63,1191240.27,Fleet Card,Corporate
TXN-20253452,2025-12-06,Total Parco Quetta G-11 Markaz Station,Total Parco,Quetta,Balochistan,CNG,217.6,49.26,10718.98,Fleet Card,individual
TXN-20253453,2025-06-04,PSO Islamabad Defence Filling Point,PSO,Islamabad,Islamabad ICT,High Speed Diesel,285.12,29.49,8408.19,JazzCash,individual
TXN-20253454,2025-11-27,Cnergyico Faisalabad Multan Road Filling Point,Cnergyico,Faisalabad,Punjab,CNG,213.47,34.0,7257.98,Credit Card,Government
TXN-20253455,2025-09-20,Cnergyico Lahore Murree Road Station,Cnergyico,Lahore,Punjab,Super (92 Ron),287.2,11962.73,3435696.06,credit card,Government
TXN-20253456,2025-03-26,Cnergyico Sialkot Multan Road Filling Point,Cnergyico,Sialkot,Punjab,High Speed Diesel,300.34,73.26,22002.91,JazzCash,Government
TXN-20253457,2026-08-18,Cnergyico Lahore Hub River Road Pump,Cnergyico,Lahore,Punjab,Super (92 Ron),284.84,101.3,28854.29,JazzCash,Individual
TXN-20253458,2026-07-22,Total Parco Islamabad Jail Road Petrol Pump,Total Parco,Islamabad,Islamabad ICT,CNG,201.76,42.17,8508.22,Mobile Wallet,Corporate
TXN-20253459,2026-03-17,Total Parco Multan Thokar Niaz Baig Station,Total Parco,Multan,Punjab,Super (92 Ron),273.97,69.55,19054.61,credit card,Individual
TXN-20253460,27/01/2026,Shell Quetta Mall Road Station,Shell,Quetta,Balochistan,Super (92 Ron),270.27,0.0,0.0,Mobile Wallet,Government
TXN-20253461,2025-06-29,Cnergyico Rawalpindi Multan Road Filling Point,Cnergyico,Rawalpindi,Punjab,High Speed Diesel,273.01,84.71,23126.68,cash,Corporate Fleet
TXN-20253462,2026-07-08,Shell Multan Mall Road Station,Shell,Multan,Punjab,High Speed Diesel,276.58,123.45,34143.8,CASH,Corporate Fleet
TXN-20253463,2026-04-20,Hascol Sialkot Hayatabad Filling Station,Hascol,Sialkot,Punjab,Super (92 Ron),274.96,112.48,30927.5,Cash,Corporate Fleet
TXN-20253464,25/10/2025,Attock Petroleum Islamabad Khyber Pass Pump,Attock Petroleum,Islamabad,Islamabad ICT,High Speed Diesel,281.5,134.22,37782.93,Cash,Corporate Fleet
TXN-20253465,2025-06-10,Hascol Sialkot Ferozepur Road Pump,Hascol,Sialkot,Punjab,Hi-Octane (97 Ron),318.42,108.93,34685.49,JazzCash,Agriculture
TXN-20253466,2025-10-19,Attock Petroleum Faisalabad Khyber Pass Pump,Attock Petroleum,Faisalabad,Punjab,Super (92 Ron),282.83,134.17,37947.3,cash,Individual
TXN-20253467,2026-08-19,Total Parco Lahore G-11 Markaz Station,Total Parco,Lahore,Punjab,Hi-Octane (97 Ron),296.35,123.43,36578.48,Credit Card,Government
TXN-20253468,21-Sep-25,Total Parco Peshawar Thokar Niaz Baig Station,Total Parco,Peshawar,KPK,Super (92 Ron),282.86,94.93,26851.9,CASH,individual
TXN-20253469,2026-02-25,Cnergyico Peshawar Hub River Road Pump,Cnergyico,Peshawar,KPK,CNG,203.01,65.07,13209.86,Fleet Card,Agriculture
TXN-20253470,25/09/2025,Hascol Lahore Hayatabad Filling Station,Hascol,Lahore,Punjab,Super (92 Ron),277.38,10139.64,2812533.34,Mobile Wallet,Corporate
TXN-20253471,2025-07-11,Cnergyico Islamabad Hub River Road Pump,Cnergyico,Islamabad,Islamabad ICT,High Speed Diesel,300.37,5371.61,1613470.5,CASH,Agriculture
TXN-20253472,11-Jan-25,Total Parco Rawalpindi Jail Road Petrol Pump,Total Parco,Rawalpindi,Punjab,High Speed Diesel,,149.03,,Credit Card,individual
TXN-20253473,2025-06-12,Shell Peshawar Mall Road Station,Shell,Peshawar,KPK,Super (92 Ron),274.25,97.55,26753.09,Mobile Wallet,Corporate Fleet
TXN-20253474,2026-03-02,Hascol Rawalpindi Ferozepur Road Pump,Hascol,Rawalpindi,Punjab,CNG,203.77,95.43,19445.77,Mobile Wallet,Government
TXN-20253475,2026-03-29,Hascol Rawalpindi Ferozepur Road Pump,Hascol,Rawalpindi,Punjab,Super (92 Ron),272.98,10056.2,2745141.48,cash,individual
TXN-20253476,2025-12-16,Total Parco Multan Thokar Niaz Baig Station,Total Parco,Multan,Punjab,Hi-Octane (97 Ron),298.6,139.67,41705.46,Fleet Card,Government
TXN-20253477,2026-01-26,PSO Faisalabad Defence Filling Point,PSO,Faisalabad,Punjab,Hi-Octane (97 Ron),309.04,14.59,4508.89,cash,Corporate
TXN-20253478,2025-12-06,Hascol Faisalabad Hayatabad Filling Station,Hascol,Faisalabad,Punjab,Hi-Octane (97 Ron),327.86,142.61,46756.11,EasyPaisa,Individual
TXN-20253479,17/08/2026,Attock Petroleum Rawalpindi Industrial Area Pump,Attock Petroleum,Rawalpindi,Punjab,Super (92 Ron),266.81,8544.68,2279806.07,Mobile Wallet,Government
TXN-20253480,2025-05-23,Attock Petroleum Islamabad Saddar Filling Station,Attock Petroleum,Islamabad,Islamabad ICT,Hi-Octane (97 Ron),314.45,37.3,11728.98,Mobile Wallet,Individual
TXN-20253481,2026-08-26,Total Parco Karachi Thokar Niaz Baig Station,Total Parco,Karachi,Sindh,High Speed Diesel,274.93,,,Credit Card,Corporate
TXN-20253482,2026-07-08,Hascol Rawalpindi Hayatabad Filling Station,Hascol,Rawalpindi,Punjab,Hi-Octane (97 Ron),308.68,8.1,2500.31,Cash,Corporate
TXN-20253483,2025-05-08,Hascol Islamabad Ferozepur Road Pump,Hascol,Islamabad,Islamabad ICT,High Speed Diesel,304.25,13.82,4204.73,credit card,Individual
TXN-20253484,2026-06-22,Shell Islamabad Mall Road Station,Shell,Islamabad,Islamabad ICT,Super (92 Ron),262.7,119.38,31361.13,Credit Card,Corporate
TXN-20253485,2025-08-26,PSO Faisalabad Defence Filling Point,PSO,Faisalabad,Punjab,Super (92 Ron),261.89,10.09,2642.47,cash,individual
TXN-20253486,26/08/2026,Attock Petroleum Lahore Saddar Filling Station,Attock Petroleum,Lahore,Punjab,High Speed Diesel,273.27,11197.25,,Fleet Card,Corporate Fleet
TXN-20253487,26-Jul-25,Cnergyico Peshawar Murree Road Station,Cnergyico,Peshawar,KPK,High Speed Diesel,271.3,59.1,16033.83,JazzCash,Corporate
TXN-20253488,2025-09-01,Hascol Faisalabad Hayatabad Filling Station,Hascol,Faisalabad,Punjab,High Speed Diesel,287.12,116.06,33323.15,Fleet Card,Agriculture
TXN-20253489,2026-07-28,Shell Faisalabad Mall Road Station,Shell,Faisalabad,Punjab,CNG,204.68,63.9,13079.05,EasyPaisa,Corporate Fleet
TXN-20253490,01/01/2025,Hascol Rawalpindi Super Highway Station,Hascol,Rawalpindi,Punjab,High Speed Diesel,271.58,103.17,28018.91,cash,individual
TXN-20253491,2025-07-22,Attock Petroleum Sialkot Industrial Area Pump,Attock Petroleum,Sialkot,Punjab,High Speed Diesel,302.05,14.22,4295.15,Mobile Wallet,Corporate Fleet
TXN-20253492,2026-02-17,Cnergyico Sialkot Murree Road Station,Cnergyico,Sialkot,Punjab,CNG,219.86,72.84,16014.6,credit card,Agriculture
TXN-20253493,2025-10-19,Attock Petroleum Rawalpindi Motorway Service Area,Attock Petroleum,Rawalpindi,Punjab,High Speed Diesel,270.21,116.1,31371.38,cash,Corporate
TXN-20253494,2026-01-08,Shell Karachi F-7 Markaz Pump,Shell,Karachi,Sindh,Hi-Octane (97 Ron),296.06,146.31,43316.54,JazzCash,Corporate Fleet
TXN-20253495,2026-03-13,Hascol Karachi Ferozepur Road Pump,Hascol,Karachi,Sindh,Super (92 Ron),285.15,96.59,27542.64,EasyPaisa,Government
TXN-20253496,2025-08-28,Shell Lahore F-7 Markaz Pump,Shell,Lahore,Punjab,CNG,214.77,48.85,10491.51,Mobile Wallet,Corporate
TXN-20253497,2025-02-15,Shell Lahore Karsaz Service Station,Shell,Lahore,Punjab,CNG,204.37,86.57,17692.31,cash,Government
TXN-20253498,27-Aug-25,Attock Petroleum Quetta Khyber Pass Pump,Attock Petroleum,Quetta,Balochistan,Hi-Octane (97 Ron),305.42,90.95,27777.95,Cash,Government
TXN-20253499,2025-09-08,PSO Sialkot Defence Filling Point,PSO,Sialkot,Punjab,Super (92 Ron),287.87,118.07,33988.81,Mobile Wallet,Agriculture
TXN-20253500,2026-03-14,Cnergyico Lahore Multan Road Filling Point,Cnergyico,Lahore,Punjab,Super (92 Ron),272.76,0.0,0.0,JazzCash,Agriculture
TXN-20253501,2026-06-08,Cnergyico Islamabad Hub River Road Pump,Cnergyico,Islamabad,Islamabad ICT,Hi-Octane (97 Ron),319.01,135.2,43130.15,CASH,Government
TXN-20253502,2025-08-31,Hascol Quetta Hayatabad Filling Station,Hascol,Quetta,Balochistan,High Speed Diesel,300.75,51.19,15395.39,Debit Card,Corporate Fleet
TXN-20253503,2025-04-04,Shell Lahore F-7 Markaz Pump,Shell,Lahore,Punjab,High Speed Diesel,301.63,140.17,42279.48,JazzCash,individual
TXN-20253504,2025-01-06,Hascol Peshawar Ferozepur Road Pump,Hascol,Peshawar,KPK,Super (92 Ron),264.02,127.75,33728.56,Debit Card,Corporate
TXN-20253505,03-Dec-25,Attock Petroleum Peshawar Khyber Pass Pump,Attock Petroleum,Peshawar,KPK,High Speed Diesel,280.92,37.29,10475.51,Mobile Wallet,Agriculture
TXN-20253506,2025-04-08,Total Parco Quetta G-11 Markaz Station,Total Parco,Quetta,Balochistan,High Speed Diesel,297.05,24.22,7194.55,cash,Government
TXN-20253507,2025-02-24,Shell Sialkot F-7 Markaz Pump,Shell,Sialkot,Punjab,Super (92 Ron),267.94,16.92,4533.54,JazzCash,Government
TXN-20253508,01-Feb-26,Shell Faisalabad Gulberg Station,Shell,Faisalabad,Punjab,Super (92 Ron),282.36,111.16,31387.14,Fleet Card,Corporate
TXN-20253509,2026-02-13,PSO Lahore Blue Area Station,PSO,Lahore,Punjab,Hi-Octane (97 Ron),297.23,65.17,19370.48,Mobile Wallet,Individual
TXN-20253510,2026-03-26,Attock Petroleum Lahore Motorway Service Area,Attock Petroleum,Lahore,Punjab,CNG,202.32,101.21,20476.81,cash,Government
TXN-20253511,2025-07-16,Total Parco Lahore G-11 Markaz Station,Total Parco,Lahore,Punjab,Hi-Octane (97 Ron),313.76,109.83,34460.26,Debit Card,Corporate
TXN-20253512,27-Jan-25,Total Parco Rawalpindi G-11 Markaz Station,Total Parco,Rawalpindi,Punjab,Hi-Octane (97 Ron),315.82,79.2,25012.94,Cash,individual
TXN-20253513,2026-02-12,Hascol Peshawar Super Highway Station,Hascol,Peshawar,KPK,Hi-Octane (97 Ron),302.18,17.28,5221.67,Mobile Wallet,Agriculture
TXN-20253514,2025-08-14,PSO Islamabad Defence Filling Point,PSO,Islamabad,Islamabad ICT,Super (92 Ron),275.88,4073.44,1123780.63,Mobile Wallet,Government
TXN-20253515,2026-04-16,Shell Rawalpindi Gulberg Station,Shell,Rawalpindi,Punjab,Super (92 Ron),289.37,72.42,20956.18,EasyPaisa,Corporate
TXN-20253516,2025-07-05,PSO Multan GT Road Service,PSO,Multan,Punjab,High Speed Diesel,277.33,10550.39,2925939.66,Cash,Corporate Fleet
TXN-20253517,2025-12-05,Hascol Lahore Super Highway Station,Hascol,Lahore,Punjab,Hi-Octane (97 Ron),302.43,34.96,10572.95,Fleet Card,Government
TXN-20253518,09/09/2025,Attock Petroleum Rawalpindi Khyber Pass Pump,Attock Petroleum,Rawalpindi,Punjab,CNG,9999.0,,,JazzCash,Agriculture
TXN-20253519,2025-08-06,Total Parco Peshawar Thokar Niaz Baig Station,Total Parco,Peshawar,KPK,CNG,215.61,4008.54,864281.31,EasyPaisa,Individual
TXN-20253520,11/04/2026,Attock Petroleum Multan Saddar Filling Station,Attock Petroleum,Multan,Punjab,High Speed Diesel,281.06,14.44,4058.51,Debit Card,Corporate Fleet
TXN-20253521,2025-04-17,Shell Multan University Road Pump,Shell,Multan,Punjab,CNG,206.39,120.05,24777.12,Fleet Card,individual
TXN-20253522,2025-01-20,PSO Karachi Blue Area Station,PSO,Karachi,Sindh,Super (92 Ron),282.77,114.53,32385.65,CASH,Individual
TXN-20253523,2025-06-04,PSO Karachi Cantt Filling Point,PSO,Karachi,Sindh,Hi-Octane (97 Ron),301.11,143.38,43173.15,Debit Card,Individual
TXN-20253524,2026-02-08,Attock Petroleum Rawalpindi Industrial Area Pump,Attock Petroleum,Rawalpindi,Punjab,Hi-Octane (97 Ron),326.42,127.72,41690.36,cash,Government
TXN-20253525,2025-05-22,Hascol Karachi Ferozepur Road Pump,Hascol,Karachi,Sindh,Hi-Octane (97 Ron),301.15,56.21,16927.64,Credit Card,Agriculture
TXN-20253526,2025-06-16,Shell Sialkot Mall Road Station,Shell,Sialkot,Punjab,CNG,200.99,141.47,28434.06,Cash,Agriculture
TXN-20253527,2025-06-06,Hascol Quetta Ferozepur Road Pump,Hascol,Quetta,Balochistan,High Speed Diesel,,6482.57,,CASH,individual
TXN-20253528,2025-10-21,Total Parco Karachi Shahrah-e-Faisal Point,Total Parco,Karachi,Sindh,Super (92 Ron),270.41,58.8,15900.11,Mobile Wallet,Agriculture
TXN-20253529,2026-06-08,Cnergyico Peshawar Murree Road Station,Cnergyico,Peshawar,KPK,High Speed Diesel,276.34,16.59,4584.48,CASH,individual
TXN-20253530,2026-04-12,Total Parco Lahore G-11 Markaz Station,Total Parco,Lahore,Punjab,High Speed Diesel,273.2,121.44,33177.41,Mobile Wallet,Corporate Fleet
TXN-20253531,2025-12-31,Shell Quetta Mall Road Station,Shell,Quetta,Balochistan,Hi-Octane (97 Ron),321.92,25.18,8105.95,Credit Card,Corporate
TXN-20253532,2025-08-06,Shell Sialkot F-7 Markaz Pump,Shell,Sialkot,Punjab,Super (92 Ron),280.89,79.8,22415.02,Fleet Card,Corporate Fleet
TXN-20253533,30/11/2025,Attock Petroleum Quetta Industrial Area Pump,Attock Petroleum,Quetta,Balochistan,CNG,208.8,53.94,11262.67,CASH,individual
TXN-20253534,2025-12-18,Total Parco Peshawar G-11 Markaz Station,Total Parco,Peshawar,KPK,CNG,206.64,41.9,8658.22,JazzCash,Government
TXN-20253535,2025-01-31,Total Parco Faisalabad Thokar Niaz Baig Station,Total Parco,Faisalabad,Punjab,CNG,219.17,57.46,12593.51,Debit Card,Government
TXN-20253536,2026-08-13,Hascol Peshawar Ferozepur Road Pump,Hascol,Peshawar,KPK,Hi-Octane (97 Ron),327.44,8.03,2629.34,Cash,Corporate Fleet
TXN-20253537,2026-01-01,Total Parco Islamabad G-11 Markaz Station,Total Parco,Islamabad,Islamabad ICT,Hi-Octane (97 Ron),328.08,135.76,44540.14,Cash,Government
TXN-20253538,2025-09-12,Hascol Quetta Hayatabad Filling Station,Hascol,Quetta,Balochistan,Hi-Octane (97 Ron),321.84,68.69,22107.19,Mobile Wallet,Agriculture
TXN-20253539,2026-06-07,Attock Petroleum Peshawar Saddar Filling Station,Attock Petroleum,Peshawar,KPK,Super (92 Ron),284.68,67.27,19150.42,Mobile Wallet,Agriculture
TXN-20253540,09-May-26,Cnergyico Rawalpindi Hub River Road Pump,Cnergyico,Rawalpindi,Punjab,Hi-Octane (97 Ron),312.37,125.79,39293.02,Debit Card,Individual
TXN-20253541,2025-03-09,Hascol Lahore Super Highway Station,Hascol,Lahore,Punjab,CNG,212.96,102.07,21736.83,CASH,Government
TXN-20253542,24-Mar-25,Shell Lahore Gulberg Station,Shell,Lahore,Punjab,Hi-Octane (97 Ron),318.93,104.86,33443.0,JazzCash,Agriculture
TXN-20253543,29/03/2025,Total Parco Islamabad Jail Road Petrol Pump,Total Parco,Islamabad,Islamabad ICT,High Speed Diesel,271.61,55.96,15199.3,EasyPaisa,Corporate
TXN-20253544,22-Jul-25,Attock Petroleum Peshawar Industrial Area Pump,Attock Petroleum,Peshawar,KPK,Super (92 Ron),276.93,116.56,32278.96,JazzCash,Corporate
TXN-20253545,26/01/2025,Hascol Peshawar Super Highway Station,Hascol,Peshawar,KPK,CNG,200.18,128.85,25793.19,Fleet Card,Agriculture
TXN-20253546,2026-05-23,Total Parco Karachi Jail Road Petrol Pump,Total Parco,Karachi,Sindh,High Speed Diesel,277.18,3394.95,941012.24,JazzCash,Agriculture
TXN-20253547,2025-11-01,PSO Peshawar Cantt Filling Point,PSO,Peshawar,KPK,Hi-Octane (97 Ron),319.2,112.49,35906.81,Debit Card,Government
TXN-20253548,2025-06-18,Attock Petroleum Karachi Motorway Service Area,Attock Petroleum,Karachi,Sindh,CNG,205.0,46.26,9483.3,JazzCash,Corporate
TXN-20253549,2025-01-30,Cnergyico Lahore Multan Road Filling Point,Cnergyico,Lahore,Punjab,CNG,214.42,8.5,1822.57,Credit Card,Agriculture
TXN-20253550,2025-10-16,Shell Lahore Mall Road Station,Shell,Lahore,Punjab,Super (92 Ron),268.44,134.42,36083.7,Cash,Individual
TXN-20253551,2025-06-07,Cnergyico Islamabad Murree Road Station,Cnergyico,Islamabad,Islamabad ICT,CNG,200.25,19.23,3850.81,cash,Corporate
TXN-20253552,2025-03-28,Total Parco Peshawar G-11 Markaz Station,Total Parco,Peshawar,KPK,High Speed Diesel,-99.0,149.83,-14833.17,Credit Card,Government
TXN-20253553,2026-01-09,Cnergyico Lahore Multan Road Filling Point,Cnergyico,Lahore,Punjab,Super (92 Ron),285.65,38.25,10926.11,JazzCash,Corporate Fleet
TXN-20253554,2025-08-11,Cnergyico Lahore Hub River Road Pump,Cnergyico,Lahore,Punjab,High Speed Diesel,280.61,99.1,27808.45,JazzCash,Government
TXN-20253555,2025-06-21,Hascol Peshawar Hayatabad Filling Station,Hascol,Peshawar,KPK,High Speed Diesel,273.68,122.07,33408.12,CASH,individual
TXN-20253556,2026-03-09,Shell Sialkot Karsaz Service Station,Shell,Sialkot,Punjab,CNG,218.19,19.92,4346.34,EasyPaisa,Corporate Fleet
TXN-20253557,10/02/2026,Total Parco Peshawar Jail Road Petrol Pump,Total Parco,Peshawar,KPK,High Speed Diesel,300.88,119.79,36042.42,Credit Card,Corporate
TXN-20253558,2025-09-18,Shell Rawalpindi Mall Road Station,Shell,Rawalpindi,Punjab,Super (92 Ron),9999.0,133.99,1339766.01,CASH,individual
TXN-20253559,2025-04-28,PSO Islamabad Lytton Road Pump,PSO,Islamabad,Islamabad ICT,Super (92 Ron),266.38,108.92,29014.11,Cash,Government
TXN-20253560,2025-12-12,Cnergyico Karachi Hub River Road Pump,Cnergyico,Karachi,Sindh,High Speed Diesel,271.18,91.26,24747.89,Credit Card,Corporate Fleet
TXN-20253561,2025-08-15,Attock Petroleum Multan Industrial Area Pump,Attock Petroleum,Multan,Punjab,Super (92 Ron),279.12,47.27,13194.0,JazzCash,individual
TXN-20253562,2025-03-02,Hascol Faisalabad Super Highway Station,Hascol,Faisalabad,Punjab,High Speed Diesel,287.26,120.6,41572.27,Credit Card,Corporate
TXN-20253563,2025-03-03,Attock Petroleum Faisalabad Motorway Service Area,Attock Petroleum,Faisalabad,Punjab,Super (92 Ron),280.19,99.98,28013.4,cash,Corporate
TXN-20253564,2025-01-07,PSO Peshawar Lytton Road Pump,PSO,Peshawar,KPK,Hi-Octane (97 Ron),306.08,119.28,36509.22,Fleet Card,Government
TXN-20253565,2025-02-27,Hascol Multan Hayatabad Filling Station,Hascol,Multan,Punjab,High Speed Diesel,302.14,32.26,9747.04,cash,individual
TXN-20253566,20/09/2025,Cnergyico Rawalpindi Multan Road Filling Point,Cnergyico,Rawalpindi,Punjab,Hi-Octane (97 Ron),300.2,5.79,1738.16,cash,Corporate
TXN-20253567,2026-01-06,PSO Quetta Blue Area Station,PSO,Quetta,Balochistan,Super (92 Ron),280.98,92.42,25968.17,Credit Card,Corporate
TXN-20253568,2025-02-14,Cnergyico Faisalabad Hub River Road Pump,Cnergyico,Faisalabad,Punjab,Super (92 Ron),286.26,149.51,42798.73,Mobile Wallet,Government
TXN-20253569,19-Apr-26,Shell Faisalabad Mall Road Station,Shell,Faisalabad,Punjab,Hi-Octane (97 Ron),295.78,43.31,12810.23,credit card,Individual
TXN-20253570,2026-08-24,PSO Sialkot Lytton Road Pump,PSO,Sialkot,Punjab,CNG,204.92,1383.48,283502.72,JazzCash,Individual
TXN-20253571,2026-05-09,Hascol Islamabad Super Highway Station,Hascol,Islamabad,Islamabad ICT,CNG,217.85,3035.04,661183.46,Mobile Wallet,Corporate Fleet
TXN-20253572,2025-11-30,PSO Islamabad Blue Area Station,PSO,Islamabad,Islamabad ICT,Hi-Octane (97 Ron),312.65,35.53,11108.45,Cash,Government
TXN-20253573,2025-12-18,Cnergyico Quetta Hub River Road Pump,Cnergyico,Quetta,Balochistan,Super (92 Ron),279.91,108.48,30364.64,EasyPaisa,Government
TXN-20253574,2026-07-20,PSO Rawalpindi Clifton Service Station,PSO,Rawalpindi,Punjab,CNG,215.59,81.47,17564.12,Cash,Government
TXN-20253575,2026-04-27,Cnergyico Islamabad Murree Road Station,Cnergyico,Islamabad,Islamabad ICT,Super (92 Ron),281.38,100.3,28222.41,CASH,Agriculture
TXN-20253576,2026-08-08,PSO Lahore GT Road Service,PSO,Lahore,Punjab,Hi-Octane (97 Ron),303.38,9347.55,2835859.72,Mobile Wallet,Corporate Fleet
TXN-20253577,2025-02-01,PSO Peshawar Clifton Service Station,PSO,Peshawar,KPK,High Speed Diesel,,121.1,,EasyPaisa,Government
TXN-20253578,2025-03-21,Shell Peshawar Gulberg Station,Shell,Peshawar,KPK,High Speed Diesel,272.24,8686.84,2364905.32,Debit Card,Agriculture
TXN-20253579,2026-02-02,Hascol Quetta Hayatabad Filling Station,Hascol,Quetta,Balochistan,Super (92 Ron),289.06,54.86,15857.83,Debit Card,Corporate Fleet
TXN-20253580,2025-09-06,Cnergyico Faisalabad Hub River Road Pump,Cnergyico,Faisalabad,Punjab,Hi-Octane (97 Ron),316.85,85.11,26967.1,Fleet Card,Corporate
TXN-20253581,2026-04-19,Total Parco Multan G-11 Markaz Station,Total Parco,Multan,Punjab,Super (92 Ron),288.44,8.73,2518.08,Cash,Individual
TXN-20253582,2026-02-04,Shell Karachi University Road Pump,Shell,Karachi,Sindh,Hi-Octane (97 Ron),316.45,17.84,5645.47,Debit Card,Agriculture
TXN-20253583,2026-05-07,Total Parco Peshawar G-11 Markaz Station,Total Parco,Peshawar,KPK,Super (92 Ron),271.84,114.88,31228.98,Debit Card,Individual
TXN-20253584,2025-02-23,Hascol Peshawar Ferozepur Road Pump,Hascol,Peshawar,KPK,CNG,205.69,38.35,7888.21,,Agriculture
TXN-20253585,2025-08-22,Cnergyico Sialkot Multan Road Filling Point,Cnergyico,Sialkot,Punjab,High Speed Diesel,274.77,98.32,27015.39,credit card,Individual
TXN-20253586,2025-02-19,Cnergyico Rawalpindi Murree Road Station,Cnergyico,Rawalpindi,Punjab,Hi-Octane (97 Ron),315.11,109.33,34450.98,JazzCash,individual
TXN-20253587,2026-07-09,Attock Petroleum Multan Khyber Pass Pump,Attock Petroleum,Multan,Punjab,Super (92 Ron),288.08,10731.34,3091484.43,CASH,Agriculture
TXN-20253588,2025-06-08,PSO Sialkot Blue Area Station,PSO,Sialkot,Punjab,Hi-Octane (97 Ron),315.07,61.05,19235.02,Mobile Wallet,Government
TXN-20253589,2025-01-04,Hascol Peshawar Super Highway Station,Hascol,Peshawar,KPK,High Speed Diesel,304.98,9293.21,2834243.19,JazzCash,Agriculture
TXN-20253590,2025-06-25,Cnergyico Lahore Hub River Road Pump,Cnergyico,Lahore,Punjab,High Speed Diesel,294.16,133.35,39226.24,Cash,Agriculture
TXN-20253591,2026-04-07,Attock Petroleum Islamabad Saddar Filling Station,Attock Petroleum,Islamabad,Islamabad ICT,Super (92 Ron),277.89,139.74,38832.35,Credit Card,Individual
TXN-20253592,2025-08-28,Cnergyico Sialkot Multan Road Filling Point,Cnergyico,Sialkot,Punjab,Hi-Octane (97 Ron),324.08,20.97,6795.96,credit card,Government
TXN-20253593,2026-04-17,Attock Petroleum Peshawar Saddar Filling Station,Attock Petroleum,Peshawar,KPK,High Speed Diesel,276.72,128.44,,Credit Card,Corporate
TXN-20253594,2025-05-15,Shell Karachi Mall Road Station,Shell,Karachi,Sindh,CNG,216.86,40.71,8828.37,JazzCash,Corporate Fleet
TXN-20253595,2025-11-05,Total Parco Islamabad G-11 Markaz Station,Total Parco,Islamabad,Islamabad ICT,Hi-Octane (97 Ron),311.26,5918.68,1842248.34,EasyPaisa,Individual
TXN-20253596,2025-01-31,Hascol Sialkot Ferozepur Road Pump,Hascol,Sialkot,Punjab,Super (92 Ron),287.19,122.63,35218.11,,Corporate
TXN-20253597,2025-07-21,Attock Petroleum Peshawar Industrial Area Pump,Attock Petroleum,Peshawar,KPK,CNG,202.47,33.21,6724.03,JazzCash,
TXN-20253598,03/06/2026,Shell Sialkot Gulberg Station,Shell,Sialkot,Punjab,High Speed Diesel,298.17,67.88,20239.78,JazzCash,Corporate Fleet
TXN-20253599,2026-06-10,Hascol Faisalabad Ferozepur Road Pump,Hascol,Faisalabad,Punjab,High Speed Diesel,284.28,92.2,26210.62,credit card,Corporate
TXN-20253600,08-Jun-25,Hascol Lahore Ferozepur Road Pump,Hascol,Lahore,Punjab,High Speed Diesel,299.99,556.56,166962.43,Debit Card,Individual
TXN-20253601,2025-12-24,Shell Islamabad F-7 Markaz Pump,Shell,Islamabad,Islamabad ICT,Hi-Octane (97 Ron),326.95,48.85,15971.51,Mobile Wallet,individual
TXN-20253602,2025-10-09,Cnergyico Sialkot Multan Road Filling Point,Cnergyico,Sialkot,Punjab,Super (92 Ron),271.33,100.36,27230.68,Fleet Card,Corporate
TXN-20253603,2025-08-10,Cnergyico Faisalabad Hub River Road Pump,Cnergyico,Faisalabad,Punjab,CNG,203.43,142.73,29035.56,EasyPaisa,Government
TXN-20253604,2026-02-01,Cnergyico Islamabad Multan Road Filling Point,Cnergyico,Islamabad,Islamabad ICT,Super (92 Ron),274.76,57.67,15845.41,Debit Card,Corporate Fleet
TXN-20253605,2025-11-06,Shell Quetta Mall Road Station,Shell,Quetta,Balochistan,Hi-Octane (97 Ron),311.69,104.54,32584.07,Fleet Card,Government
TXN-20253606,2025-08-02,Shell Peshawar Mall Road Station,Shell,Peshawar,KPK,Hi-Octane (97 Ron),312.13,49.05,15309.98,Cash,Government
TXN-20253607,05-Mar-26,Cnergyico Quetta Multan Road Filling Point,Cnergyico,Quetta,Balochistan,High Speed Diesel,273.25,28.13,7686.52,EasyPaisa,Individual
TXN-20253608,2026-05-08,Total Parco Sialkot Jail Road Petrol Pump,Total Parco,Sialkot,Punjab,Hi-Octane (97 Ron),318.35,74.0,23557.9,credit card,Corporate Fleet
TXN-20253609,2026-08-12,Total Parco Peshawar Thokar Niaz Baig Station,Total Parco,Peshawar,KPK,CNG,215.69,140.82,30373.47,Mobile Wallet,individual
TXN-20253610,2025-12-20,Attock Petroleum Quetta Motorway Service Area,Attock Petroleum,Quetta,Balochistan,High Speed Diesel,295.82,19.69,5824.7,Debit Card,Corporate Fleet
TXN-20253611,2025-12-03,Hascol Sialkot Super Highway Station,Hascol,Sialkot,Punjab,CNG,217.3,33.7,7323.01,CASH,Individual
TXN-20253612,2026-03-25,Cnergyico Quetta Multan Road Filling Point,Cnergyico,Quetta,Balochistan,High Speed Diesel,298.75,79.89,23867.14,Debit Card,Corporate Fleet
TXN-20253613,2026-04-29,Cnergyico Multan Hub River Road Pump,Cnergyico,Multan,Punjab,Super (92 Ron),273.76,23.53,6441.57,Debit Card,Agriculture
TXN-20253614,2026-07-26,Hascol Islamabad Hayatabad Filling Station,Hascol,Islamabad,Islamabad ICT,Super (92 Ron),274.45,103.75,28474.19,Credit Card,Individual
TXN-20253615,2025-10-19,Hascol Karachi Ferozepur Road Pump,Hascol,Karachi,Sindh,High Speed Diesel,280.92,21.89,6149.34,Credit Card,individual
TXN-20253616,2025-03-05,Attock Petroleum Rawalpindi Saddar Filling Station,Attock Petroleum,Rawalpindi,Punjab,Hi-Octane (97 Ron),297.8,65.51,19508.88,Credit Card,Corporate
TXN-20253617,2025-09-28,Total Parco Karachi Shahrah-e-Faisal Point,Total Parco,Karachi,Sindh,CNG,217.73,30.63,6669.07,Debit Card,Corporate
TXN-20253618,2025-07-02,Total Parco Islamabad Jail Road Petrol Pump,Total Parco,Islamabad,Islamabad ICT,Hi-Octane (97 Ron),323.1,143.75,46445.62,credit card,Corporate
TXN-20253619,24/07/2025,Shell Peshawar Karsaz Service Station,Shell,Peshawar,KPK,Hi-Octane (97 Ron),325.98,0.0,0.0,Credit Card,Individual
TXN-20253620,2026-01-28,Shell Rawalpindi F-7 Markaz Pump,Shell,Rawalpindi,Punjab,CNG,216.53,112.18,24290.34,JazzCash,Corporate Fleet
TXN-20253621,2026-06-26,Cnergyico Rawalpindi Hub River Road Pump,Cnergyico,Rawalpindi,Punjab,CNG,207.29,113.64,23556.44,JazzCash,Individual
TXN-20253622,2026-06-03,Hascol Quetta Hayatabad Filling Station,Hascol,Quetta,Balochistan,High Speed Diesel,280.58,27.66,7760.84,credit card,Corporate
TXN-20253623,2025-12-25,Attock Petroleum Multan Motorway Service Area,Attock Petroleum,Multan,Punjab,High Speed Diesel,278.0,79.24,22028.72,Cash,Government
TXN-20253624,2026-01-17,Attock Petroleum Rawalpindi Saddar Filling Station,Attock Petroleum,Rawalpindi,Punjab,Super (92 Ron),266.75,142.21,37934.52,Fleet Card,Government
TXN-20253625,01-Jan-25,Attock Petroleum Peshawar Motorway Service Area,Attock Petroleum,Peshawar,KPK,High Speed Diesel,295.46,9550.12,,JazzCash,Government
TXN-20253626,2025-09-18,PSO Peshawar Clifton Service Station,PSO,Peshawar,KPK,Super (92 Ron),266.59,27.59,7355.22,EasyPaisa,Individual
TXN-20253627,2025-12-09,Hascol Karachi Super Highway Station,Hascol,Karachi,Sindh,Hi-Octane (97 Ron),298.54,83.72,24993.77,Mobile Wallet,individual
TXN-20253628,2025-06-21,Cnergyico Lahore Murree Road Station,Cnergyico,Lahore,Punjab,CNG,210.55,9.02,1899.16,Mobile Wallet,Government
TXN-20253629,2026-06-30,Total Parco Islamabad Jail Road Petrol Pump,Total Parco,Islamabad,Islamabad ICT,High Speed Diesel,291.83,132.14,38562.42,cash,Corporate Fleet
TXN-20253630,2025-12-02,Cnergyico Peshawar Murree Road Station,Cnergyico,Peshawar,KPK,Hi-Octane (97 Ron),302.1,73.63,22243.62,Cash,Corporate
TXN-20253631,30/03/2025,Shell Karachi F-7 Markaz Pump,Shell,Karachi,Sindh,Super (92 Ron),286.32,9.21,,cash,Agriculture
TXN-20253632,2026-06-17,Total Parco Rawalpindi Thokar Niaz Baig Station,Total Parco,Rawalpindi,Punjab,Hi-Octane (97 Ron),321.48,23.46,7541.92,cash,Individual
TXN-20253633,2026-06-22,Total Parco Quetta Shahrah-e-Faisal Point,Total Parco,Quetta,Balochistan,Hi-Octane (97 Ron),304.69,68.15,20764.62,Cash,Corporate Fleet
TXN-20253634,19-Feb-25,Attock Petroleum Quetta Industrial Area Pump,Attock Petroleum,Quetta,Balochistan,High Speed Diesel,296.67,46.16,13694.29,cash,Individual
TXN-20253635,2025-06-03,Hascol Lahore Hayatabad Filling Station,Hascol,Lahore,Punjab,High Speed Diesel,303.35,66.41,,cash,Corporate Fleet
TXN-20253636,2025-06-10,Cnergyico Islamabad Murree Road Station,Cnergyico,Islamabad,Islamabad ICT,High Speed Diesel,270.48,30.89,8355.13,Cash,Corporate Fleet
TXN-20253637,20-Mar-25,Cnergyico Multan Murree Road Station,Cnergyico,Multan,Punjab,High Speed Diesel,290.6,100.5,29205.3,EasyPaisa,Government
TXN-20253638,2026-04-23,Attock Petroleum Karachi Khyber Pass Pump,Attock Petroleum,Karachi,Sindh,Super (92 Ron),276.08,68.22,18834.18,Cash,individual
TXN-20253639,01-May-26,PSO Rawalpindi Clifton Service Station,PSO,Rawalpindi,Punjab,Super (92 Ron),271.93,41.33,11238.87,EasyPaisa,individual
TXN-20253640,2026-05-16,Cnergyico Peshawar Hub River Road Pump,Cnergyico,Peshawar,KPK,CNG,211.93,24.32,5154.14,Fleet Card,Government
TXN-20253641,04-Jan-25,Shell Multan Gulberg Station,Shell,Multan,Punjab,Hi-Octane (97 Ron),318.84,62.65,19975.33,Mobile Wallet,Agriculture
TXN-20253642,23/02/2025,Attock Petroleum Sialkot Motorway Service Area,Attock Petroleum,Sialkot,Punjab,Hi-Octane (97 Ron),313.08,6147.33,1924606.08,Debit Card,individual
TXN-20253643,2025-01-22,Total Parco Quetta G-11 Markaz Station,Total Parco,Quetta,Balochistan,Super (92 Ron),283.51,22.59,6404.49,Cash,Agriculture
TXN-20253644,2025-06-10,Attock Petroleum Karachi Khyber Pass Pump,Attock Petroleum,Karachi,Sindh,Super (92 Ron),286.65,551.82,158179.2,credit card,Corporate Fleet
TXN-20253645,2026-01-01,Attock Petroleum Peshawar Industrial Area Pump,Attock Petroleum,Peshawar,KPK,Hi-Octane (97 Ron),319.16,10569.91,3373492.48,Credit Card,Government
TXN-20253646,2026-01-04,Hascol Karachi Ferozepur Road Pump,Hascol,Karachi,Sindh,CNG,210.16,26.68,5607.07,credit card,Government
TXN-20253647,2025-06-12,PSO Faisalabad Cantt Filling Point,PSO,Faisalabad,Punjab,Hi-Octane (97 Ron),328.65,79.13,26006.07,cash,Corporate
TXN-20253648,2025-10-04,Hascol Multan Ferozepur Road Pump,Hascol,Multan,Punjab,High Speed Diesel,293.07,28.17,8255.78,Mobile Wallet,Corporate
TXN-20253649,2026-05-21,Shell Peshawar Gulberg Station,Shell,Peshawar,KPK,CNG,201.68,112.32,22652.7,Fleet Card,individual
TXN-20253650,2026-05-24,Hascol Rawalpindi Ferozepur Road Pump,Hascol,Rawalpindi,Punjab,CNG,200.31,120.18,24073.26,Credit Card,Individual
TXN-20253651,26/10/2025,Hascol Sialkot Hayatabad Filling Station,Hascol,Sialkot,Punjab,Super (92 Ron),285.61,23.49,6708.98,Cash,Agriculture
TXN-20253652,2025-09-08,PSO Islamabad Clifton Service Station,PSO,Islamabad,Islamabad ICT,Hi-Octane (97 Ron),296.39,66.64,19751.43,Mobile Wallet,Individual
TXN-20253653,04-Jul-25,Total Parco Quetta G-11 Markaz Station,Total Parco,Quetta,Balochistan,High Speed Diesel,294.75,4226.43,1245740.24,cash,Corporate Fleet
TXN-20253654,2026-08-01,Cnergyico Lahore Multan Road Filling Point,Cnergyico,Lahore,Punjab,High Speed Diesel,296.26,7143.41,2116306.65,Cash,individual
TXN-20253655,2025-01-22,Hascol Multan Hayatabad Filling Station,Hascol,Multan,Punjab,High Speed Diesel,293.87,3246.86,,credit card,Government
TXN-20253656,2025-07-20,PSO Islamabad Defence Filling Point,PSO,Islamabad,Islamabad ICT,High Speed Diesel,291.66,14.55,4243.65,JazzCash,Agriculture
TXN-20253657,2025-02-05,Hascol Multan Super Highway Station,Hascol,Multan,Punjab,High Speed Diesel,290.86,54.17,15755.89,Fleet Card,Corporate
TXN-20253658,2026-06-04,Attock Petroleum Lahore Khyber Pass Pump,Attock Petroleum,Lahore,Punjab,High Speed Diesel,280.07,,,cash,Corporate
TXN-20253659,2026-02-14,Shell Rawalpindi Mall Road Station,Shell,Rawalpindi,Punjab,High Speed Diesel,304.76,142.87,43541.06,CASH,Agriculture
TXN-20253660,2025-08-23,Attock Petroleum Quetta Khyber Pass Pump,Attock Petroleum,Quetta,Balochistan,Super (92 Ron),282.41,87.89,24821.01,credit card,Corporate
TXN-20253661,28/12/2025,Cnergyico Sialkot Murree Road Station,Cnergyico,Sialkot,Punjab,High Speed Diesel,295.98,135.15,40001.7,cash,Government
TXN-20253662,2025-03-10,Attock Petroleum Quetta Industrial Area Pump,Attock Petroleum,Quetta,Balochistan,Super (92 Ron),288.0,33.37,,credit card,Corporate
TXN-20253663,2025-08-28,Attock Petroleum Sialkot Industrial Area Pump,Attock Petroleum,Sialkot,Punjab,High Speed Diesel,301.9,146.65,44273.63,Credit Card,Individual
TXN-20253664,2025-04-20,Cnergyico Sialkot Multan Road Filling Point,Cnergyico,Sialkot,Punjab,Super (92 Ron),263.66,21.16,5579.05,CASH,Government
TXN-20253665,2025-07-06,PSO Faisalabad Cantt Filling Point,PSO,Faisalabad,Punjab,Hi-Octane (97 Ron),321.85,90.57,29149.95,Credit Card,Agriculture
TXN-20253666,17/06/2025,PSO Peshawar Blue Area Station,PSO,Peshawar,KPK,Hi-Octane (97 Ron),300.59,149.02,44793.92,credit card,Government
TXN-20253667,2026-02-14,Cnergyico Multan Murree Road Station,Cnergyico,Multan,Punjab,High Speed Diesel,291.88,92.11,26885.07,cash,individual
TXN-20253668,2025-08-18,Hascol Multan Hayatabad Filling Station,Hascol,Multan,Punjab,CNG,214.44,61.2,13123.73,EasyPaisa,individual
TXN-20253669,2025-01-05,Attock Petroleum Peshawar Motorway Service Area,Attock Petroleum,Peshawar,KPK,High Speed Diesel,294.61,93.5,27546.03,Fleet Card,Government
TXN-20253670,2025-04-23,Total Parco Multan Jail Road Petrol Pump,Total Parco,Multan,Punjab,Super (92 Ron),260.43,118.38,30829.7,credit card,Corporate
TXN-20253671,2025-04-08,Hascol Quetta Ferozepur Road Pump,Hascol,Quetta,Balochistan,CNG,219.05,91.02,,credit card,Government
TXN-20253672,2026-05-13,PSO Peshawar Defence Filling Point,PSO,Peshawar,KPK,High Speed Diesel,290.18,46.47,13484.66,Fleet Card,Agriculture
TXN-20253673,2025-05-24,Shell Islamabad University Road Pump,Shell,Islamabad,Islamabad ICT,CNG,219.22,129.5,,Cash,Agriculture
TXN-20253674,2025-04-15,Shell Faisalabad University Road Pump,Shell,Faisalabad,Punjab,CNG,214.43,44.52,9546.42,JazzCash,individual
TXN-20253675,2026-07-27,Attock Petroleum Quetta Motorway Service Area,Attock Petroleum,Quetta,Balochistan,High Speed Diesel,299.13,103.43,,Debit Card,Corporate Fleet
TXN-20253676,2025-06-14,Total Parco Rawalpindi Jail Road Petrol Pump,Total Parco,Rawalpindi,Punjab,Hi-Octane (97 Ron),318.4,28.06,8934.3,JazzCash,Government
TXN-20253677,19/12/2025,PSO Sialkot Lytton Road Pump,PSO,Sialkot,Punjab,High Speed Diesel,274.36,68.63,18829.33,Debit Card,Corporate Fleet
TXN-20253678,2025-12-21,Attock Petroleum Peshawar Khyber Pass Pump,Attock Petroleum,Peshawar,KPK,Hi-Octane (97 Ron),320.67,66.06,21183.46,EasyPaisa,Individual
TXN-20253679,2025-05-31,Shell Islamabad F-7 Markaz Pump,Shell,Islamabad,Islamabad ICT,CNG,217.96,8611.99,1877069.34,CASH,individual
TXN-20253680,2026-04-11,Hascol Quetta Hayatabad Filling Station,Hascol,Quetta,Balochistan,CNG,205.23,23.56,4835.22,JazzCash,Agriculture
TXN-20253681,2025-12-20,Hascol Peshawar Super Highway Station,Hascol,Peshawar,KPK,CNG,206.99,121.53,25155.49,JazzCash,Agriculture
TXN-20253682,02-Aug-26,Cnergyico Lahore Multan Road Filling Point,Cnergyico,Lahore,Punjab,CNG,206.92,109.61,22680.5,Cash,Individual
TXN-20253683,2026-08-03,PSO Sialkot Clifton Service Station,PSO,Sialkot,Punjab,Super (92 Ron),263.96,66.84,17643.09,CASH,individual
TXN-20253684,2025-03-04,Total Parco Faisalabad Jail Road Petrol Pump,Total Parco,Faisalabad,Punjab,Super (92 Ron),284.7,108.0,30747.6,Cash,Corporate Fleet
TXN-20253685,2026-04-20,PSO Islamabad GT Road Service,PSO,Islamabad,Islamabad ICT,High Speed Diesel,281.19,12.66,3559.87,Cash,Agriculture
TXN-20253686,26/03/2026,PSO Rawalpindi GT Road Service,PSO,Rawalpindi,Punjab,High Speed Diesel,273.26,58.66,16029.43,Debit Card,Corporate
TXN-20253687,2025-05-29,PSO Faisalabad GT Road Service,PSO,Faisalabad,Punjab,CNG,-99.0,123.46,-12222.54,Credit Card,individual
TXN-20253688,2026-01-12,Hascol Islamabad Super Highway Station,Hascol,Islamabad,Islamabad ICT,CNG,210.15,87.99,18491.1,Debit Card,individual
TXN-20253689,2025-01-16,PSO Quetta GT Road Service,PSO,Quetta,Balochistan,Hi-Octane (97 Ron),307.98,89.6,27595.01,Mobile Wallet,Corporate
TXN-20253690,15-Oct-25,Total Parco Rawalpindi Shahrah-e-Faisal Point,Total Parco,Rawalpindi,Punjab,High Speed Diesel,297.39,70.08,20841.09,credit card,Corporate Fleet
TXN-20253691,2026-08-13,Total Parco Islamabad Shahrah-e-Faisal Point,Total Parco,Islamabad,Islamabad ICT,Hi-Octane (97 Ron),312.28,60.9,19017.85,Cash,Corporate
TXN-20253692,2026-04-19,Hascol Sialkot Hayatabad Filling Station,Hascol,Sialkot,Punjab,Hi-Octane (97 Ron),296.07,89.33,26447.93,Cash,Corporate Fleet
TXN-20253692,2026-04-19,Hascol Sialkot Hayatabad Filling Station,Hascol,Sialkot,Punjab,Hi-Octane (97 Ron),296.07,89.33,26447.93,Cash,Corporate Fleet
TXN-20253693,2025-10-08,Attock Petroleum Rawalpindi Khyber Pass Pump,Attock Petroleum,Rawalpindi,Punjab,Super (92 Ron),265.5,56.49,14998.1,credit card,individual
TXN-20253694,02-Nov-25,Shell Rawalpindi Gulberg Station,Shell,Rawalpindi,Punjab,Hi-Octane (97 Ron),317.39,139.53,44285.43,Fleet Card,Corporate
TXN-20253695,2025-06-09,Attock Petroleum Faisalabad Khyber Pass Pump,Attock Petroleum,Faisalabad,Punjab,Super (92 Ron),286.6,31.36,8987.78,Mobile Wallet,Government
TXN-20253696,19-May-26,Cnergyico Multan Multan Road Filling Point,Cnergyico,Multan,Punjab,CNG,213.39,896.03,191203.84,Credit Card,Government
TXN-20253697,2026-01-21,Shell Faisalabad F-7 Markaz Pump,Shell,Faisalabad,Punjab,Hi-Octane (97 Ron),296.16,36.15,10706.18,Debit Card,Corporate Fleet
TXN-20253698,2025-05-29,PSO Lahore Blue Area Station,PSO,Lahore,Punjab,High Speed Diesel,296.48,128.35,38053.21,JazzCash,Individual
TXN-20253699,27/07/2026,Shell Karachi F-7 Markaz Pump,Shell,Karachi,Sindh,Super (92 Ron),278.33,33.15,9226.64,CASH,Corporate Fleet
TXN-20253700,2026-01-22,PSO Karachi Blue Area Station,PSO,Karachi,Sindh,Super (92 Ron),267.99,0.0,0.0,Debit Card,Corporate
TXN-20253701,2026-01-21,Hascol Peshawar Super Highway Station,Hascol,Peshawar,KPK,Super (92 Ron),279.36,44.7,12487.39,Debit Card,Agriculture
TXN-20253702,2025-10-11,Shell Quetta F-7 Markaz Pump,Shell,Quetta,Balochistan,High Speed Diesel,276.08,56.42,15576.43,Debit Card,Agriculture
TXN-20253703,2025-07-05,PSO Multan Clifton Service Station,PSO,Multan,Punjab,High Speed Diesel,288.32,124.42,35872.77,CASH,Individual
TXN-20253704,2025-02-24,Hascol Lahore Super Highway Station,Hascol,Lahore,Punjab,Super (92 Ron),275.21,72.97,20082.07,CASH,individual
TXN-20253705,2025-08-15,Hascol Quetta Super Highway Station,Hascol,Quetta,Balochistan,Super (92 Ron),265.82,24.97,6637.53,credit card,Agriculture
TXN-20253706,2026-02-08,Cnergyico Sialkot Murree Road Station,Cnergyico,Sialkot,Punjab,High Speed Diesel,299.51,43.09,12905.89,CASH,Agriculture
TXN-20253707,2025-05-26,Total Parco Islamabad Shahrah-e-Faisal Point,Total Parco,Islamabad,Islamabad ICT,Super (92 Ron),264.17,146.11,38597.88,Debit Card,Corporate Fleet
TXN-20253708,2025-12-08,Total Parco Multan Shahrah-e-Faisal Point,Total Parco,Multan,Punjab,Super (92 Ron),269.24,105.6,28431.74,CASH,Corporate Fleet
TXN-20253709,2026-08-31,Attock Petroleum Karachi Khyber Pass Pump,Attock Petroleum,Karachi,Sindh,Hi-Octane (97 Ron),315.85,103.3,32627.31,Cash,Individual
TXN-20253710,2025-09-28,Cnergyico Peshawar Hub River Road Pump,Cnergyico,Peshawar,KPK,High Speed Diesel,288.05,131.32,37826.73,credit card,Agriculture
TXN-20253711,2025-10-11,Cnergyico Quetta Hub River Road Pump,Cnergyico,Quetta,Balochistan,High Speed Diesel,295.09,88.51,26118.42,cash,Corporate
TXN-20253712,2025-07-14,Attock Petroleum Multan Industrial Area Pump,Attock Petroleum,Multan,Punjab,CNG,210.19,139.98,29422.4,Fleet Card,Individual
TXN-20253713,2026-01-19,PSO Sialkot Clifton Service Station,PSO,Sialkot,Punjab,Hi-Octane (97 Ron),323.2,104.36,33729.15,cash,individual
TXN-20253714,30/03/2026,PSO Islamabad Lytton Road Pump,PSO,Islamabad,Islamabad ICT,CNG,204.41,106.11,21689.95,Debit Card,Corporate
TXN-20253715,2025-11-02,Cnergyico Sialkot Multan Road Filling Point,Cnergyico,Sialkot,Punjab,High Speed Diesel,289.98,143.48,41606.33,Fleet Card,individual
TXN-20253716,2026-05-20,Cnergyico Islamabad Murree Road Station,Cnergyico,Islamabad,Islamabad ICT,High Speed Diesel,294.51,136.04,40065.14,JazzCash,Agriculture
TXN-20253717,2025-06-20,Hascol Rawalpindi Ferozepur Road Pump,Hascol,Rawalpindi,Punjab,CNG,204.28,96.57,19727.32,Cash,Agriculture
TXN-20253718,19/01/2025,Attock Petroleum Multan Khyber Pass Pump,Attock Petroleum,Multan,Punjab,Hi-Octane (97 Ron),301.4,9209.99,2775890.99,cash,Corporate
TXN-20253719,2025-01-11,Shell Sialkot Mall Road Station,Shell,Sialkot,Punjab,CNG,200.82,59.91,12031.13,Mobile Wallet,Agriculture
TXN-20253720,17-Feb-25,Hascol Karachi Super Highway Station,Hascol,Karachi,Sindh,Hi-Octane (97 Ron),329.94,145.1,47874.29,EasyPaisa,Corporate
TXN-20253721,2026-07-19,PSO Lahore Clifton Service Station,PSO,Lahore,Punjab,High Speed Diesel,288.79,107.73,31111.35,credit card,Individual
TXN-20253722,2025-11-18,PSO Peshawar GT Road Service,PSO,Peshawar,KPK,Super (92 Ron),273.59,0.0,0.0,cash,Corporate Fleet
TXN-20253723,2025-11-17,Cnergyico Karachi Multan Road Filling Point,Cnergyico,Karachi,Sindh,CNG,208.3,8.92,1858.04,Credit Card,Individual
TXN-20253724,31/05/2025,Total Parco Faisalabad Jail Road Petrol Pump,Total Parco,Faisalabad,Punjab,Super (92 Ron),260.43,113.83,29644.75,Mobile Wallet,Corporate
TXN-20253725,2026-07-26,Shell Lahore Karsaz Service Station,Shell,Lahore,Punjab,Hi-Octane (97 Ron),316.86,129.93,41169.62,EasyPaisa,Corporate
TXN-20253726,29-Mar-26,Hascol Sialkot Ferozepur Road Pump,Hascol,Sialkot,Punjab,CNG,202.56,,,Credit Card,Government
TXN-20253727,2026-03-04,Attock Petroleum Multan Khyber Pass Pump,Attock Petroleum,Multan,Punjab,CNG,203.06,136.2,27656.77,credit card,Agriculture
TXN-20253728,2026-04-17,Hascol Rawalpindi Super Highway Station,Hascol,Rawalpindi,Punjab,CNG,214.11,25.48,,credit card,Government
TXN-20253729,2025-06-06,Total Parco Rawalpindi G-11 Markaz Station,Total Parco,Rawalpindi,Punjab,CNG,204.44,15.98,3266.95,Debit Card,Government
TXN-20253730,2026-06-14,Cnergyico Peshawar Murree Road Station,Cnergyico,Peshawar,KPK,High Speed Diesel,300.11,142.81,42858.71,cash,Individual
TXN-20253731,2025-04-06,Shell Faisalabad Mall Road Station,Shell,Faisalabad,Punjab,Hi-Octane (97 Ron),301.62,17.33,5227.07,Cash,individual
TXN-20253732,2026-01-04,PSO Karachi Clifton Service Station,PSO,Karachi,Sindh,Hi-Octane (97 Ron),297.08,84.02,24960.66,Cash,individual
TXN-20253733,2026-04-16,Shell Lahore University Road Pump,Shell,Lahore,Punjab,CNG,210.35,83.53,,Debit Card,Individual
TXN-20253734,2025-10-09,Attock Petroleum Karachi Saddar Filling Station,Attock Petroleum,Karachi,Sindh,CNG,212.29,130.63,27731.44,Cash,Agriculture
TXN-20253735,07/08/2025,Cnergyico Karachi Multan Road Filling Point,Cnergyico,Karachi,Sindh,Hi-Octane (97 Ron),298.37,31.52,9404.62,JazzCash,Agriculture
TXN-20253735,07/08/2025,Cnergyico Karachi Multan Road Filling Point,Cnergyico,Karachi,Sindh,Hi-Octane (97 Ron),298.37,31.52,9404.62,JazzCash,Agriculture
TXN-20253736,2026-01-31,Attock Petroleum Islamabad Khyber Pass Pump,Attock Petroleum,Islamabad,Islamabad ICT,Hi-Octane (97 Ron),301.71,86.3,26037.57,credit card,Corporate
TXN-20253737,22/04/2026,PSO Karachi Lytton Road Pump,PSO,Karachi,Sindh,CNG,213.96,18.04,3859.84,Fleet Card,individual
TXN-20253738,2025-01-23,Hascol Peshawar Hayatabad Filling Station,Hascol,Peshawar,KPK,CNG,206.6,24.2,4999.72,credit card,Government
TXN-20253739,2026-04-25,Attock Petroleum Islamabad Saddar Filling Station,Attock Petroleum,Islamabad,Islamabad ICT,Hi-Octane (97 Ron),302.38,78.21,23649.14,EasyPaisa,individual
TXN-20253740,2025-10-04,Attock Petroleum Karachi Saddar Filling Station,Attock Petroleum,Karachi,Sindh,High Speed Diesel,296.83,5306.03,1574988.88,Cash,Corporate Fleet
TXN-20253741,2025-03-12,Attock Petroleum Lahore Khyber Pass Pump,Attock Petroleum,Lahore,Punjab,Super (92 Ron),281.47,70.23,19767.64,Debit Card,individual
TXN-20253742,2026-04-24,Cnergyico Rawalpindi Murree Road Station,Cnergyico,Rawalpindi,Punjab,Super (92 Ron),283.21,111.01,31439.14,Fleet Card,Corporate
TXN-20253743,2025-07-14,PSO Faisalabad Lytton Road Pump,PSO,Faisalabad,Punjab,Hi-Octane (97 Ron),299.32,30.1,9009.53,Credit Card,Corporate Fleet
TXN-20253744,2026-04-30,Shell Peshawar Gulberg Station,Shell,Peshawar,KPK,CNG,219.3,11602.6,2544450.18,CASH,Individual
TXN-20253745,2026-05-16,PSO Lahore Clifton Service Station,PSO,Lahore,Punjab,CNG,201.13,59.09,11884.77,CASH,Individual
TXN-20253746,2026-01-25,Shell Quetta Karsaz Service Station,Shell,Quetta,Balochistan,Super (92 Ron),281.96,28.52,8041.5,CASH,Government
TXN-20253747,2025-11-01,Cnergyico Faisalabad Murree Road Station,Cnergyico,Faisalabad,Punjab,CNG,211.27,53.99,11406.47,cash,individual
TXN-20253748,2025-06-25,Attock Petroleum Peshawar Saddar Filling Station,Attock Petroleum,Peshawar,KPK,Hi-Octane (97 Ron),310.09,141.35,43831.22,Mobile Wallet,Corporate
TXN-20253749,2025-01-20,Hascol Sialkot Ferozepur Road Pump,Hascol,Sialkot,Punjab,CNG,200.87,123.52,24811.46,EasyPaisa,Corporate
TXN-20253750,02-Jul-25,Shell Peshawar Mall Road Station,Shell,Peshawar,KPK,Hi-Octane (97 Ron),310.66,28.3,8791.68,Fleet Card,Agriculture
TXN-20253751,2026-05-26,Attock Petroleum Multan Motorway Service Area,Attock Petroleum,Multan,Punjab,Hi-Octane (97 Ron),314.89,10.56,3325.24,credit card,Individual
TXN-20253752,2026-07-19,Hascol Quetta Hayatabad Filling Station,Hascol,Quetta,Balochistan,CNG,216.91,94.56,20511.01,CASH,Corporate Fleet
TXN-20253753,2025-09-20,Total Parco Karachi G-11 Markaz Station,Total Parco,Karachi,Sindh,Hi-Octane (97 Ron),309.57,94.6,29285.32,CASH,Corporate
TXN-20253754,2026-08-01,Shell Peshawar University Road Pump,Shell,Peshawar,KPK,Super (92 Ron),266.1,8324.07,2215035.03,Cash,Agriculture
TXN-20253755,2025-11-30,Shell Sialkot Karsaz Service Station,Shell,Sialkot,Punjab,High Speed Diesel,272.19,18.5,5035.52,Cash,Government
TXN-20253756,2026-08-31,Total Parco Quetta Jail Road Petrol Pump,Total Parco,Quetta,Balochistan,Super (92 Ron),265.94,112.6,29944.84,Credit Card,individual
TXN-20253757,2026-01-22,Shell Sialkot Karsaz Service Station,Shell,Sialkot,Punjab,Hi-Octane (97 Ron),327.38,122.57,40126.97,Cash,Individual
TXN-20253758,2026-08-30,Hascol Sialkot Ferozepur Road Pump,Hascol,Sialkot,Punjab,Super (92 Ron),271.97,101.89,27711.02,Fleet Card,Corporate Fleet
TXN-20253759,2025-06-08,Total Parco Islamabad Jail Road Petrol Pump,Total Parco,Islamabad,Islamabad ICT,Hi-Octane (97 Ron),299.24,46.52,16704.77,Credit Card,Agriculture
TXN-20253760,2025-12-14,Total Parco Lahore Shahrah-e-Faisal Point,Total Parco,Lahore,Punjab,Hi-Octane (97 Ron),301.65,129.43,39042.56,Debit Card,individual
TXN-20253761,2025-07-10,Shell Sialkot F-7 Markaz Pump,Shell,Sialkot,Punjab,High Speed Diesel,278.03,23.49,6530.92,Cash,Corporate Fleet
TXN-20253762,2026-03-10,Shell Quetta F-7 Markaz Pump,Shell,Quetta,Balochistan,Super (92 Ron),281.63,114.61,32277.61,credit card,Corporate Fleet
TXN-20253763,2026-07-19,Hascol Sialkot Hayatabad Filling Station,Hascol,Sialkot,Punjab,High Speed Diesel,273.29,135.89,37137.38,credit card,Corporate
TXN-20253764,2025-02-25,Shell Islamabad University Road Pump,Shell,Islamabad,Islamabad ICT,CNG,203.91,88.15,17974.67,Cash,Corporate Fleet
TXN-20253765,2025-04-15,Shell Peshawar University Road Pump,Shell,Peshawar,KPK,CNG,-99.0,,,Credit Card,Agriculture
TXN-20253766,07/03/2026,Cnergyico Islamabad Hub River Road Pump,Cnergyico,Islamabad,Islamabad ICT,High Speed Diesel,303.85,134.47,40858.71,Mobile Wallet,Individual
TXN-20253767,2025-03-03,PSO Peshawar Lytton Road Pump,PSO,Peshawar,KPK,CNG,204.41,65.52,13392.94,Cash,Corporate
TXN-20253768,2025-11-28,Total Parco Karachi Shahrah-e-Faisal Point,Total Parco,Karachi,Sindh,High Speed Diesel,288.49,21.51,6205.42,Debit Card,Government
TXN-20253769,22-Jun-26,Attock Petroleum Karachi Khyber Pass Pump,Attock Petroleum,Karachi,Sindh,Super (92 Ron),275.0,73.56,20229.0,credit card,Corporate
TXN-20253770,2025-07-10,Cnergyico Multan Multan Road Filling Point,Cnergyico,Multan,Punjab,Super (92 Ron),267.81,64.42,17252.32,JazzCash,Corporate Fleet
TXN-20253771,2026-06-17,Hascol Sialkot Hayatabad Filling Station,Hascol,Sialkot,Punjab,Super (92 Ron),262.5,20.44,,CASH,Corporate
TXN-20253772,2025-06-27,Total Parco Sialkot G-11 Markaz Station,Total Parco,Sialkot,Punjab,CNG,210.31,148.01,31127.98,Cash,Agriculture
TXN-20253773,07-Sep-25,Cnergyico Lahore Hub River Road Pump,Cnergyico,Lahore,Punjab,High Speed Diesel,,70.95,,Credit Card,Individual
TXN-20253774,2025-09-16,Cnergyico Faisalabad Hub River Road Pump,Cnergyico,Faisalabad,Punjab,CNG,212.15,54.28,11515.5,Debit Card,individual
TXN-20253775,2025-06-25,Total Parco Sialkot Jail Road Petrol Pump,Total Parco,Sialkot,Punjab,High Speed Diesel,281.7,102.57,28893.97,Credit Card,Corporate
TXN-20253776,2025-02-28,Total Parco Quetta Thokar Niaz Baig Station,Total Parco,Quetta,Balochistan,Hi-Octane (97 Ron),313.21,56.14,17583.61,cash,individual
TXN-20253777,2026-05-02,Hascol Sialkot Hayatabad Filling Station,Hascol,Sialkot,Punjab,High Speed Diesel,288.18,125.04,36034.03,Debit Card,Corporate
TXN-20253778,2026-06-02,Shell Karachi F-7 Markaz Pump,Shell,Karachi,Sindh,Super (92 Ron),274.37,99.19,27214.76,Debit Card,individual
TXN-20253779,31-Mar-25,Attock Petroleum Lahore Khyber Pass Pump,Attock Petroleum,Lahore,Punjab,High Speed Diesel,274.84,92.11,25315.51,Cash,Corporate Fleet
TXN-20253780,2026-08-19,Attock Petroleum Quetta Industrial Area Pump,Attock Petroleum,Quetta,Balochistan,Super (92 Ron),277.36,95.64,26526.71,JazzCash,individual
TXN-20253781,2025-07-01,Cnergyico Lahore Murree Road Station,Cnergyico,Lahore,Punjab,Hi-Octane (97 Ron),314.13,8703.78,2734118.41,EasyPaisa,individual
TXN-20253782,2025-09-01,Shell Peshawar University Road Pump,Shell,Peshawar,KPK,Hi-Octane (97 Ron),320.07,84.41,27017.11,Cash,Corporate Fleet
TXN-20253783,2025-04-18,Total Parco Faisalabad Jail Road Petrol Pump,Total Parco,Faisalabad,Punjab,High Speed Diesel,272.23,102.35,27862.74,Debit Card,Individual
TXN-20253784,2026-08-22,Hascol Lahore Hayatabad Filling Station,Hascol,Lahore,Punjab,CNG,205.02,129.72,26595.19,CASH,Corporate Fleet
TXN-20253785,2026-08-01,PSO Karachi Clifton Service Station,PSO,Karachi,Sindh,Hi-Octane (97 Ron),301.31,113.77,34280.04,Fleet Card,Individual
TXN-20253786,2026-01-06,PSO Peshawar GT Road Service,PSO,Peshawar,KPK,Hi-Octane (97 Ron),314.15,1590.61,499690.13,Credit Card,
TXN-20253787,2025-04-04,PSO Multan Cantt Filling Point,PSO,Multan,Punjab,Super (92 Ron),278.71,124.4,34671.52,Fleet Card,individual
TXN-20253788,18/10/2025,Hascol Multan Ferozepur Road Pump,Hascol,Multan,Punjab,CNG,215.28,84.26,18139.49,credit card,Individual
TXN-20253789,2025-11-13,PSO Lahore Lytton Road Pump,PSO,Lahore,Punjab,Super (92 Ron),280.46,120.29,33736.53,Credit Card,Agriculture
TXN-20253790,2025-09-29,Cnergyico Rawalpindi Multan Road Filling Point,Cnergyico,Rawalpindi,Punjab,Super (92 Ron),283.41,101.03,28632.91,credit card,Government
TXN-20253791,2025-06-18,Shell Rawalpindi F-7 Markaz Pump,Shell,Rawalpindi,Punjab,CNG,-99.0,92.13,-9120.87,credit card,Individual
TXN-20253792,2026-08-04,Attock Petroleum Sialkot Khyber Pass Pump,Attock Petroleum,Sialkot,Punjab,CNG,205.5,70.24,14434.32,Mobile Wallet,Corporate Fleet
TXN-20253793,2025-03-08,PSO Lahore Blue Area Station,PSO,Lahore,Punjab,Hi-Octane (97 Ron),306.27,112.8,34547.26,JazzCash,Government
TXN-20253794,2026-07-30,Shell Islamabad University Road Pump,Shell,Islamabad,Islamabad ICT,Super (92 Ron),260.28,9.27,2412.8,JazzCash,Government
TXN-20253795,30-Apr-25,Attock Petroleum Karachi Industrial Area Pump,Attock Petroleum,Karachi,Sindh,High Speed Diesel,288.37,74.73,21549.89,,Individual
TXN-20253796,2025-03-31,Attock Petroleum Multan Motorway Service Area,Attock Petroleum,Multan,Punjab,CNG,205.64,144.28,29669.74,Cash,Corporate
TXN-20253797,2026-06-20,Cnergyico Multan Multan Road Filling Point,Cnergyico,Multan,Punjab,Super (92 Ron),281.5,129.09,36338.83,Debit Card,Individual
TXN-20253798,23-Nov-25,Hascol Rawalpindi Hayatabad Filling Station,Hascol,Rawalpindi,Punjab,CNG,203.71,24.26,4942.0,Debit Card,Corporate
TXN-20253799,2026-01-04,Shell Quetta Mall Road Station,Shell,Quetta,Balochistan,CNG,215.16,56.08,12066.17,Debit Card,Agriculture
TXN-20253800,27/02/2026,Shell Multan F-7 Markaz Pump,Shell,Multan,Punjab,CNG,206.0,8.14,1676.84,Debit Card,Agriculture
TXN-20253801,2026-07-16,Total Parco Peshawar Shahrah-e-Faisal Point,Total Parco,Peshawar,KPK,High Speed Diesel,283.08,43.76,,Debit Card,Government
TXN-20253802,2026-02-23,Shell Faisalabad Mall Road Station,Shell,Faisalabad,Punjab,Super (92 Ron),260.5,5.84,1521.32,Cash,Individual
TXN-20253803,2026-06-09,Attock Petroleum Quetta Industrial Area Pump,Attock Petroleum,Quetta,Balochistan,High Speed Diesel,291.71,84.13,24541.56,Debit Card,Corporate
TXN-20253804,2025-09-21,Hascol Sialkot Super Highway Station,Hascol,Sialkot,Punjab,Hi-Octane (97 Ron),324.79,127.02,41254.83,cash,Individual
TXN-20253805,2026-04-07,PSO Karachi Blue Area Station,PSO,Karachi,Sindh,Hi-Octane (97 Ron),306.95,110.63,33957.88,EasyPaisa,Individual
TXN-20253806,2026-08-11,Total Parco Faisalabad Jail Road Petrol Pump,Total Parco,Faisalabad,Punjab,Super (92 Ron),289.09,59.35,17157.49,Fleet Card,Individual
TXN-20253807,2025-03-08,Cnergyico Peshawar Hub River Road Pump,Cnergyico,Peshawar,KPK,Super (92 Ron),263.36,13.66,3597.5,Fleet Card,Corporate
TXN-20253808,28/01/2026,Attock Petroleum Peshawar Industrial Area Pump,Attock Petroleum,Peshawar,KPK,CNG,211.39,134.11,28349.51,Cash,Corporate
TXN-20253809,2025-08-20,PSO Peshawar Defence Filling Point,PSO,Peshawar,KPK,Hi-Octane (97 Ron),303.27,121.94,36980.74,Fleet Card,Government
TXN-20253810,05/03/2025,Cnergyico Lahore Multan Road Filling Point,Cnergyico,Lahore,Punjab,CNG,214.0,39.8,8517.2,CASH,Agriculture
TXN-20253811,2025-01-07,Cnergyico Lahore Multan Road Filling Point,Cnergyico,Lahore,Punjab,Hi-Octane (97 Ron),309.06,28.22,8721.67,Cash,Agriculture
TXN-20253812,2026-03-07,PSO Sialkot GT Road Service,PSO,Sialkot,Punjab,Hi-Octane (97 Ron),298.94,7.66,2747.86,credit card,Individual
TXN-20253813,26-Mar-25,Hascol Karachi Super Highway Station,Hascol,Karachi,Sindh,CNG,212.62,35.17,7477.85,Fleet Card,Corporate Fleet
TXN-20253814,2025-07-28,Hascol Islamabad Hayatabad Filling Station,Hascol,Islamabad,Islamabad ICT,CNG,209.68,130.33,27327.59,cash,individual
TXN-20253815,2026-08-19,Hascol Peshawar Hayatabad Filling Station,Hascol,Peshawar,KPK,High Speed Diesel,272.56,82.59,22510.73,Cash,Individual
TXN-20253816,2025-01-12,Hascol Islamabad Ferozepur Road Pump,Hascol,Islamabad,Islamabad ICT,Hi-Octane (97 Ron),327.06,146.23,47825.98,Cash,Agriculture
TXN-20253817,2025-09-18,Attock Petroleum Quetta Industrial Area Pump,Attock Petroleum,Quetta,Balochistan,Super (92 Ron),273.26,,,Fleet Card,individual
TXN-20253818,2026-02-18,Total Parco Sialkot Jail Road Petrol Pump,Total Parco,Sialkot,Punjab,Hi-Octane (97 Ron),302.81,69.08,,Fleet Card,Corporate Fleet
TXN-20253819,2026-06-22,PSO Quetta GT Road Service,PSO,Quetta,Balochistan,High Speed Diesel,299.98,28.98,8693.42,credit card,Agriculture
TXN-20253820,2026-01-06,Total Parco Sialkot Shahrah-e-Faisal Point,Total Parco,Sialkot,Punjab,Hi-Octane (97 Ron),307.64,6.8,2091.95,Fleet Card,Individual
TXN-20253821,2026-08-13,Attock Petroleum Lahore Khyber Pass Pump,Attock Petroleum,Lahore,Punjab,Hi-Octane (97 Ron),295.72,53.86,15927.48,Credit Card,
TXN-20253822,2025-09-27,Attock Petroleum Peshawar Saddar Filling Station,Attock Petroleum,Peshawar,KPK,Super (92 Ron),282.2,84.91,,JazzCash,Corporate Fleet
TXN-20253823,2026-08-10,Total Parco Multan Shahrah-e-Faisal Point,Total Parco,Multan,Punjab,Hi-Octane (97 Ron),304.55,80.75,24592.41,Cash,Individual
TXN-20253824,2026-03-01,PSO Multan GT Road Service,PSO,Multan,Punjab,Super (92 Ron),279.94,46.5,13017.21,Cash,Corporate
TXN-20253825,30/06/2025,Hascol Lahore Ferozepur Road Pump,Hascol,Lahore,Punjab,Super (92 Ron),279.34,149.91,41875.86,credit card,Agriculture
TXN-20253826,2026-08-19,Total Parco Faisalabad G-11 Markaz Station,Total Parco,Faisalabad,Punjab,Super (92 Ron),267.59,63.15,16898.31,CASH,Agriculture
TXN-20253827,06-Aug-26,Cnergyico Quetta Murree Road Station,Cnergyico,Quetta,Balochistan,Hi-Octane (97 Ron),307.69,29.63,9116.85,EasyPaisa,Corporate Fleet
TXN-20253828,27/06/2025,Shell Rawalpindi F-7 Markaz Pump,Shell,Rawalpindi,Punjab,Super (92 Ron),261.33,120.45,31477.2,credit card,Corporate Fleet
TXN-20253829,2026-08-12,Total Parco Multan Jail Road Petrol Pump,Total Parco,Multan,Punjab,CNG,210.61,132.31,27865.81,EasyPaisa,Government
TXN-20253830,2025-07-01,Attock Petroleum Islamabad Khyber Pass Pump,Attock Petroleum,Islamabad,Islamabad ICT,High Speed Diesel,274.3,19.36,5310.45,cash,Corporate
TXN-20253831,2026-07-11,Hascol Quetta Ferozepur Road Pump,Hascol,Quetta,Balochistan,High Speed Diesel,294.71,83.08,24484.51,EasyPaisa,individual
TXN-20253832,11-Dec-25,Total Parco Peshawar Shahrah-e-Faisal Point,Total Parco,Peshawar,KPK,High Speed Diesel,273.3,34.81,9513.57,Cash,Agriculture
TXN-20253832,11-Dec-25,Total Parco Peshawar Shahrah-e-Faisal Point,Total Parco,Peshawar,KPK,High Speed Diesel,273.3,34.81,9513.57,Cash,Agriculture
TXN-20253833,2026-04-03,Total Parco Peshawar Shahrah-e-Faisal Point,Total Parco,Peshawar,KPK,Hi-Octane (97 Ron),314.83,53.99,16997.67,Mobile Wallet,Government
TXN-20253834,2025-07-25,Total Parco Karachi Shahrah-e-Faisal Point,Total Parco,Karachi,Sindh,CNG,218.69,29.6,6473.22,credit card,Corporate Fleet
TXN-20253835,14/07/2026,Cnergyico Rawalpindi Murree Road Station,Cnergyico,Rawalpindi,Punjab,High Speed Diesel,289.57,142.58,41286.89,Mobile Wallet,Agriculture
TXN-20253836,2026-08-23,PSO Sialkot Defence Filling Point,PSO,Sialkot,Punjab,Hi-Octane (97 Ron),9999.0,78.58,785721.42,Credit Card,Corporate
TXN-20253837,2026-05-31,Total Parco Multan Jail Road Petrol Pump,Total Parco,Multan,Punjab,High Speed Diesel,270.94,148.29,40177.69,JazzCash,Corporate Fleet
TXN-20253838,2025-08-08,Cnergyico Rawalpindi Murree Road Station,Cnergyico,Rawalpindi,Punjab,Super (92 Ron),288.05,38.27,11023.67,Credit Card,Government
TXN-20253839,15/04/2025,Total Parco Lahore Thokar Niaz Baig Station,Total Parco,Lahore,Punjab,CNG,215.51,78.81,16984.34,Mobile Wallet,Corporate Fleet
TXN-20253840,2025-10-07,PSO Faisalabad Cantt Filling Point,PSO,Faisalabad,Punjab,Super (92 Ron),267.82,27.94,7482.89,Cash,Corporate Fleet
TXN-20253841,2025-03-16,Total Parco Islamabad G-11 Markaz Station,Total Parco,Islamabad,Islamabad ICT,Hi-Octane (97 Ron),296.3,10768.3,3190647.29,Mobile Wallet,Agriculture
TXN-20253842,2025-06-28,PSO Karachi GT Road Service,PSO,Karachi,Sindh,CNG,205.17,0.0,0.0,Credit Card,Agriculture
TXN-20253843,2026-08-19,Hascol Sialkot Super Highway Station,Hascol,Sialkot,Punjab,Hi-Octane (97 Ron),312.14,132.91,41486.53,Credit Card,Corporate Fleet
TXN-20253844,2025-04-30,Cnergyico Multan Multan Road Filling Point,Cnergyico,Multan,Punjab,CNG,214.34,2699.21,578548.67,Mobile Wallet,Corporate Fleet
TXN-20253845,2026-03-12,Hascol Rawalpindi Super Highway Station,Hascol,Rawalpindi,Punjab,High Speed Diesel,284.14,110.43,31377.58,EasyPaisa,individual
TXN-20253846,05/05/2025,PSO Sialkot Cantt Filling Point,PSO,Sialkot,Punjab,CNG,209.75,131.47,27575.83,EasyPaisa,Corporate Fleet
TXN-20253847,2025-06-09,Attock Petroleum Faisalabad Industrial Area Pump,Attock Petroleum,Faisalabad,Punjab,Hi-Octane (97 Ron),321.73,142.01,45688.88,Credit Card,Government
TXN-20253848,2026-07-17,PSO Multan Lytton Road Pump,PSO,Multan,Punjab,Hi-Octane (97 Ron),9999.0,38.54,385361.46,Debit Card,Corporate
TXN-20253849,2025-02-28,Shell Rawalpindi F-7 Markaz Pump,Shell,Rawalpindi,Punjab,Hi-Octane (97 Ron),308.96,88.03,27197.75,CASH,individual
TXN-20253850,13-Sep-25,Cnergyico Rawalpindi Multan Road Filling Point,Cnergyico,Rawalpindi,Punjab,Super (92 Ron),272.26,2250.48,612715.68,Fleet Card,Government
TXN-20253851,2025-07-08,Attock Petroleum Islamabad Motorway Service Area,Attock Petroleum,Islamabad,Islamabad ICT,Super (92 Ron),285.55,123.95,35393.92,JazzCash,Corporate Fleet
TXN-20253852,28/07/2025,Attock Petroleum Peshawar Khyber Pass Pump,Attock Petroleum,Peshawar,KPK,CNG,212.23,118.38,25123.79,cash,Corporate
TXN-20253853,23/02/2025,Hascol Faisalabad Super Highway Station,Hascol,Faisalabad,Punjab,Hi-Octane (97 Ron),304.4,47.61,14492.48,Cash,Corporate
TXN-20253854,2025-07-25,Total Parco Sialkot Shahrah-e-Faisal Point,Total Parco,Sialkot,Punjab,Super (92 Ron),275.62,63.1,17391.62,Fleet Card,Government
TXN-20253855,21-Mar-26,Attock Petroleum Islamabad Motorway Service Area,Attock Petroleum,Islamabad,Islamabad ICT,CNG,219.41,71.13,15606.63,EasyPaisa,Government
TXN-20253856,19/04/2025,Total Parco Rawalpindi Shahrah-e-Faisal Point,Total Parco,Rawalpindi,Punjab,Super (92 Ron),271.94,136.75,37187.79,Cash,individual
TXN-20253857,06/08/2025,PSO Peshawar Cantt Filling Point,PSO,Peshawar,KPK,Hi-Octane (97 Ron),301.81,109.98,33193.06,CASH,Government
TXN-20253858,13-Aug-26,Cnergyico Karachi Hub River Road Pump,Cnergyico,Karachi,Sindh,CNG,204.4,120.99,24730.36,EasyPaisa,Individual
TXN-20253859,2025-04-08,Total Parco Peshawar Jail Road Petrol Pump,Total Parco,Peshawar,KPK,Hi-Octane (97 Ron),302.53,148.84,45028.57,Cash,Individual
TXN-20253860,20/08/2025,Cnergyico Faisalabad Murree Road Station,Cnergyico,Faisalabad,Punjab,CNG,9999.0,120.59,1205779.41,Debit Card,Government
TXN-20253861,27-Jul-26,Cnergyico Lahore Multan Road Filling Point,Cnergyico,Lahore,Punjab,Super (92 Ron),266.45,50.93,13570.3,JazzCash,individual
TXN-20253862,2025-08-06,Shell Karachi University Road Pump,Shell,Karachi,Sindh,CNG,203.03,79.06,16051.55,,Corporate Fleet
TXN-20253863,2026-01-07,Hascol Rawalpindi Hayatabad Filling Station,Hascol,Rawalpindi,Punjab,CNG,210.56,14.38,3027.85,Cash,Corporate
TXN-20253864,2025-04-12,Shell Peshawar Gulberg Station,Shell,Peshawar,KPK,Hi-Octane (97 Ron),328.9,103.42,34014.84,Fleet Card,Agriculture
TXN-20253865,2026-03-29,PSO Peshawar Lytton Road Pump,PSO,Peshawar,KPK,CNG,200.93,97.12,19514.32,Credit Card,Corporate
TXN-20253866,2025-11-24,Total Parco Multan Jail Road Petrol Pump,Total Parco,Multan,Punjab,High Speed Diesel,286.22,40.55,11606.22,Fleet Card,individual
TXN-20253867,2025-06-26,Cnergyico Faisalabad Multan Road Filling Point,Cnergyico,Faisalabad,Punjab,Super (92 Ron),280.73,63.2,17742.14,Credit Card,Government
TXN-20253868,2026-08-07,Shell Peshawar University Road Pump,Shell,Peshawar,KPK,CNG,206.79,56.37,11656.75,CASH,Agriculture
TXN-20253869,2025-07-13,Shell Multan Karsaz Service Station,Shell,Multan,Punjab,High Speed Diesel,280.66,45.02,12635.31,CASH,Government
TXN-20253870,2025-12-19,Shell Rawalpindi University Road Pump,Shell,Rawalpindi,Punjab,Super (92 Ron),288.83,107.22,30968.35,JazzCash,Corporate Fleet
TXN-20253871,2025-01-31,Cnergyico Lahore Murree Road Station,Cnergyico,Lahore,Punjab,CNG,217.65,6.01,1308.08,credit card,Government
TXN-20253872,2025-05-05,Total Parco Islamabad Thokar Niaz Baig Station,Total Parco,Islamabad,Islamabad ICT,Super (92 Ron),283.42,33.31,9440.72,CASH,individual
TXN-20253873,2025-12-29,Hascol Faisalabad Hayatabad Filling Station,Hascol,Faisalabad,Punjab,High Speed Diesel,283.83,65.2,18505.72,Fleet Card,Corporate
TXN-20253874,2025-04-13,Shell Rawalpindi Mall Road Station,Shell,Rawalpindi,Punjab,Hi-Octane (97 Ron),295.44,80.4,23753.38,Debit Card,Corporate Fleet
TXN-20253875,2025-02-15,PSO Karachi Clifton Service Station,PSO,Karachi,Sindh,High Speed Diesel,279.08,1683.42,469808.85,CASH,individual
TXN-20253876,16/11/2025,Attock Petroleum Lahore Industrial Area Pump,Attock Petroleum,Lahore,Punjab,High Speed Diesel,270.29,124.43,33632.18,credit card,Government
TXN-20253877,2025-02-13,Total Parco Rawalpindi Jail Road Petrol Pump,Total Parco,Rawalpindi,Punjab,Hi-Octane (97 Ron),-99.0,106.28,-10521.72,JazzCash,Agriculture
TXN-20253878,20-Aug-25,Shell Rawalpindi Mall Road Station,Shell,Rawalpindi,Punjab,Hi-Octane (97 Ron),314.51,100.51,31611.4,credit card,Corporate Fleet
TXN-20253879,10/03/2025,Attock Petroleum Quetta Motorway Service Area,Attock Petroleum,Quetta,Balochistan,CNG,216.29,134.4,29069.38,Fleet Card,Individual
TXN-20253880,2026-03-19,Hascol Lahore Super Highway Station,Hascol,Lahore,Punjab,Super (92 Ron),287.27,55.79,16026.79,CASH,Corporate Fleet
TXN-20253881,2025-03-15,Attock Petroleum Islamabad Saddar Filling Station,Attock Petroleum,Islamabad,Islamabad ICT,CNG,206.56,57.74,11926.77,Cash,Government
TXN-20253882,2025-10-08,Total Parco Sialkot Shahrah-e-Faisal Point,Total Parco,Sialkot,Punjab,Super (92 Ron),273.32,37.98,10380.69,CASH,Corporate Fleet
TXN-20253883,2025-01-18,PSO Multan Blue Area Station,PSO,Multan,Punjab,High Speed Diesel,285.16,63.11,17996.45,Credit Card,Individual
TXN-20253884,2026-02-28,Hascol Quetta Super Highway Station,Hascol,Quetta,Balochistan,High Speed Diesel,286.96,138.61,39775.53,Fleet Card,Corporate Fleet
TXN-20253885,2026-05-16,PSO Lahore Defence Filling Point,PSO,Lahore,Punjab,Super (92 Ron),265.52,60.06,15947.13,Debit Card,Corporate Fleet
TXN-20253886,2025-04-05,PSO Islamabad Cantt Filling Point,PSO,Islamabad,Islamabad ICT,Hi-Octane (97 Ron),325.8,13.6,4430.88,Debit Card,Agriculture
TXN-20253887,14-Apr-25,Shell Multan Mall Road Station,Shell,Multan,Punjab,CNG,215.48,99.28,21392.85,Credit Card,Individual
TXN-20253888,2025-05-13,Shell Islamabad Gulberg Station,Shell,Islamabad,Islamabad ICT,CNG,210.36,37.88,7968.44,EasyPaisa,Corporate
TXN-20253889,2026-03-16,Attock Petroleum Lahore Motorway Service Area,Attock Petroleum,Lahore,Punjab,CNG,200.11,145.2,29055.97,credit card,individual
TXN-20253890,2025-03-20,Shell Quetta Mall Road Station,Shell,Quetta,Balochistan,CNG,206.43,4611.39,951929.24,credit card,Corporate
TXN-20253891,2026-03-26,PSO Islamabad GT Road Service,PSO,Islamabad,Islamabad ICT,High Speed Diesel,272.4,66.98,18245.35,cash,Government
TXN-20253892,2026-06-02,PSO Peshawar Lytton Road Pump,PSO,Peshawar,KPK,Hi-Octane (97 Ron),304.58,95.75,29163.53,credit card,individual
TXN-20253893,05-Jun-25,Shell Faisalabad Karsaz Service Station,Shell,Faisalabad,Punjab,Hi-Octane (97 Ron),304.84,73.65,22451.47,credit card,individual
TXN-20253894,2025-11-17,Attock Petroleum Peshawar Motorway Service Area,Attock Petroleum,Peshawar,KPK,High Speed Diesel,270.38,56.94,15395.44,JazzCash,individual
TXN-20253895,2026-06-15,Total Parco Peshawar Thokar Niaz Baig Station,Total Parco,Peshawar,KPK,CNG,211.31,14.51,3066.11,EasyPaisa,Corporate
TXN-20253896,2025-02-28,Total Parco Rawalpindi G-11 Markaz Station,Total Parco,Rawalpindi,Punjab,Super (92 Ron),261.86,13.13,3438.22,cash,Government
TXN-20253897,09/01/2025,Hascol Rawalpindi Super Highway Station,Hascol,Rawalpindi,Punjab,Hi-Octane (97 Ron),328.92,51.46,16926.22,EasyPaisa,Agriculture
TXN-20253898,2026-07-22,Hascol Rawalpindi Ferozepur Road Pump,Hascol,Rawalpindi,Punjab,High Speed Diesel,287.42,111.08,31926.61,JazzCash,Agriculture
TXN-20253899,2026-08-06,Hascol Multan Ferozepur Road Pump,Hascol,Multan,Punjab,Super (92 Ron),271.03,92.8,25151.58,CASH,Corporate
TXN-20253900,2025-06-05,PSO Rawalpindi Lytton Road Pump,PSO,Rawalpindi,Punjab,High Speed Diesel,304.68,81.01,,Mobile Wallet,Agriculture
TXN-20253901,02-Aug-25,Cnergyico Lahore Murree Road Station,Cnergyico,Lahore,Punjab,High Speed Diesel,273.55,127.51,34880.36,Credit Card,Agriculture
TXN-20253902,2025-10-07,Shell Multan Mall Road Station,Shell,Multan,Punjab,High Speed Diesel,301.3,46.59,14037.57,,Corporate Fleet
TXN-20253903,2026-01-05,Total Parco Multan Jail Road Petrol Pump,Total Parco,Multan,Punjab,CNG,208.98,141.26,29520.51,JazzCash,
TXN-20253904,29-Aug-26,Cnergyico Multan Hub River Road Pump,Cnergyico,Multan,Punjab,Super (92 Ron),277.9,29.31,8145.25,Cash,Individual
TXN-20253905,2025-09-19,Total Parco Multan Shahrah-e-Faisal Point,Total Parco,Multan,Punjab,High Speed Diesel,-99.0,60.65,-6004.35,Credit Card,Individual
TXN-20253906,2026-03-10,PSO Lahore GT Road Service,PSO,Lahore,Punjab,Super (92 Ron),273.09,105.18,28723.61,JazzCash,Government
TXN-20253907,08-Apr-26,Attock Petroleum Multan Motorway Service Area,Attock Petroleum,Multan,Punjab,High Speed Diesel,271.47,113.14,,cash,Government
TXN-20253908,2025-05-24,Hascol Peshawar Hayatabad Filling Station,Hascol,Peshawar,KPK,Super (92 Ron),278.12,101.29,28170.77,Credit Card,individual
TXN-20253909,2025-09-18,Shell Sialkot Karsaz Service Station,Shell,Sialkot,Punjab,High Speed Diesel,283.19,59.72,16912.11,Mobile Wallet,Government
TXN-20253910,2026-05-26,Hascol Karachi Super Highway Station,Hascol,Karachi,Sindh,CNG,201.29,54.5,10970.31,EasyPaisa,Individual
TXN-20253911,2025-05-28,Attock Petroleum Sialkot Industrial Area Pump,Attock Petroleum,Sialkot,Punjab,CNG,201.7,2140.14,431666.24,EasyPaisa,individual
TXN-20253912,2026-04-14,Cnergyico Faisalabad Murree Road Station,Cnergyico,Faisalabad,Punjab,Super (92 Ron),268.89,116.35,31285.35,Fleet Card,Government
TXN-20253913,02-Jun-25,Hascol Faisalabad Hayatabad Filling Station,Hascol,Faisalabad,Punjab,CNG,200.76,110.54,22192.01,EasyPaisa,Government
TXN-20253914,2025-05-01,Cnergyico Lahore Multan Road Filling Point,Cnergyico,Lahore,Punjab,CNG,211.03,26.76,5647.16,CASH,individual
TXN-20253915,2025-02-02,Hascol Peshawar Hayatabad Filling Station,Hascol,Peshawar,KPK,Hi-Octane (97 Ron),329.17,127.58,41995.51,Credit Card,Corporate Fleet
TXN-20253916,2025-04-01,Cnergyico Rawalpindi Multan Road Filling Point,Cnergyico,Rawalpindi,Punjab,Super (92 Ron),270.23,133.92,36189.2,JazzCash,Corporate
TXN-20253917,2026-07-10,Hascol Multan Super Highway Station,Hascol,Multan,Punjab,CNG,215.21,,,JazzCash,Corporate Fleet
TXN-20253918,18/11/2025,Shell Multan Karsaz Service Station,Shell,Multan,Punjab,Hi-Octane (97 Ron),315.47,141.6,44670.55,JazzCash,Agriculture
TXN-20253919,2025-03-10,Attock Petroleum Lahore Motorway Service Area,Attock Petroleum,Lahore,Punjab,Hi-Octane (97 Ron),303.63,27.83,8450.02,Mobile Wallet,individual
TXN-20253920,2026-08-18,Hascol Islamabad Ferozepur Road Pump,Hascol,Islamabad,Islamabad ICT,Hi-Octane (97 Ron),307.68,105.37,32420.24,JazzCash,Agriculture
TXN-20253921,2026-02-10,Attock Petroleum Faisalabad Industrial Area Pump,Attock Petroleum,Faisalabad,Punjab,High Speed Diesel,278.37,29.61,8242.54,cash,Corporate
TXN-20253922,2025-04-28,Cnergyico Rawalpindi Murree Road Station,Cnergyico,Rawalpindi,Punjab,Super (92 Ron),281.08,31.62,8887.75,Mobile Wallet,Corporate Fleet
TXN-20253923,2025-12-24,PSO Faisalabad Lytton Road Pump,PSO,Faisalabad,Punjab,Hi-Octane (97 Ron),300.46,71.64,21524.95,cash,Agriculture
TXN-20253924,2026-07-08,Hascol Peshawar Super Highway Station,Hascol,Peshawar,KPK,CNG,219.55,113.21,24855.26,credit card,individual
TXN-20253925,2025-02-22,PSO Sialkot Cantt Filling Point,PSO,Sialkot,Punjab,Super (92 Ron),277.95,79.25,22027.54,JazzCash,Corporate Fleet
TXN-20253926,09/03/2026,Attock Petroleum Islamabad Motorway Service Area,Attock Petroleum,Islamabad,Islamabad ICT,CNG,210.79,3384.13,713340.76,JazzCash,Corporate
TXN-20253927,2025-11-07,Cnergyico Peshawar Multan Road Filling Point,Cnergyico,Peshawar,KPK,Hi-Octane (97 Ron),300.41,115.42,34673.32,credit card,individual
TXN-20253928,2025-11-24,Total Parco Lahore G-11 Markaz Station,Total Parco,Lahore,Punjab,CNG,200.54,121.28,24321.49,EasyPaisa,Agriculture
TXN-20253929,2025-08-29,Total Parco Faisalabad G-11 Markaz Station,Total Parco,Faisalabad,Punjab,Hi-Octane (97 Ron),314.62,,,Mobile Wallet,Agriculture
TXN-20253930,2025-12-09,Hascol Quetta Hayatabad Filling Station,Hascol,Quetta,Balochistan,High Speed Diesel,296.48,121.01,35877.04,Debit Card,Agriculture
TXN-20253931,2025-12-22,Hascol Peshawar Super Highway Station,Hascol,Peshawar,KPK,Super (92 Ron),272.29,96.43,26256.92,Credit Card,Individual
TXN-20253932,2025-10-16,Total Parco Multan G-11 Markaz Station,Total Parco,Multan,Punjab,Super (92 Ron),266.05,76.24,20283.65,Cash,Agriculture
TXN-20253933,2025-02-01,Hascol Faisalabad Super Highway Station,Hascol,Faisalabad,Punjab,High Speed Diesel,294.82,121.53,35829.47,cash,Agriculture
TXN-20253934,06/09/2025,Cnergyico Faisalabad Multan Road Filling Point,Cnergyico,Faisalabad,Punjab,Super (92 Ron),268.05,9286.44,2489230.24,Cash,Individual
TXN-20253935,2026-06-17,Cnergyico Rawalpindi Hub River Road Pump,Cnergyico,Rawalpindi,Punjab,High Speed Diesel,285.03,147.21,41959.27,JazzCash,individual
TXN-20253936,2026-03-03,Cnergyico Multan Hub River Road Pump,Cnergyico,Multan,Punjab,High Speed Diesel,9999.0,28.46,284571.54,EasyPaisa,individual
TXN-20253937,2025-01-08,Hascol Karachi Hayatabad Filling Station,Hascol,Karachi,Sindh,Super (92 Ron),265.73,131.57,34962.1,EasyPaisa,individual
TXN-20253938,2026-03-13,Shell Multan Karsaz Service Station,Shell,Multan,Punjab,Super (92 Ron),284.4,16.31,4638.56,Debit Card,individual
TXN-20253939,20/02/2025,PSO Rawalpindi Defence Filling Point,PSO,Rawalpindi,Punjab,High Speed Diesel,285.78,23.57,6735.83,Cash,individual
TXN-20253940,2026-06-24,Attock Petroleum Faisalabad Saddar Filling Station,Attock Petroleum,Faisalabad,Punjab,Hi-Octane (97 Ron),325.55,123.13,40084.97,CASH,Corporate Fleet
TXN-20253941,2025-01-03,Hascol Islamabad Hayatabad Filling Station,Hascol,Islamabad,Islamabad ICT,High Speed Diesel,280.56,5063.09,1420500.53,Debit Card,individual
TXN-20253942,2025-12-17,PSO Karachi GT Road Service,PSO,Karachi,Sindh,Hi-Octane (97 Ron),302.82,113.6,34400.35,CASH,Corporate Fleet
TXN-20253942,2025-12-17,PSO Karachi GT Road Service,PSO,Karachi,Sindh,Hi-Octane (97 Ron),302.82,113.6,34400.35,CASH,Corporate Fleet
TXN-20253943,29/06/2026,Hascol Multan Super Highway Station,Hascol,Multan,Punjab,Hi-Octane (97 Ron),304.4,66.75,24382.44,credit card,Individual
TXN-20253944,26/05/2026,Hascol Quetta Super Highway Station,Hascol,Quetta,Balochistan,High Speed Diesel,296.83,4149.21,1231610.0,CASH,individual
TXN-20253945,2026-03-25,Total Parco Multan Jail Road Petrol Pump,Total Parco,Multan,Punjab,High Speed Diesel,287.15,126.77,36402.01,Debit Card,Corporate Fleet
TXN-20253946,2025-08-15,Cnergyico Quetta Hub River Road Pump,Cnergyico,Quetta,Balochistan,Super (92 Ron),268.99,87.4,23509.73,credit card,individual
TXN-20253947,2025-08-17,PSO Karachi Lytton Road Pump,PSO,Karachi,Sindh,High Speed Diesel,296.26,6624.89,1962689.91,cash,Corporate
TXN-20253948,2026-02-28,Cnergyico Islamabad Hub River Road Pump,Cnergyico,Islamabad,Islamabad ICT,Hi-Octane (97 Ron),329.19,4427.23,,Credit Card,Government
TXN-20253949,2025-08-22,Shell Multan University Road Pump,Shell,Multan,Punjab,CNG,207.76,128.85,26769.88,Mobile Wallet,Agriculture
TXN-20253950,2026-02-25,Total Parco Multan Jail Road Petrol Pump,Total Parco,Multan,Punjab,CNG,9999.0,122.52,1225077.48,Fleet Card,Individual
TXN-20253951,2025-11-14,Total Parco Rawalpindi Shahrah-e-Faisal Point,Total Parco,Rawalpindi,Punjab,Super (92 Ron),283.07,46.7,13219.37,EasyPaisa,individual
TXN-20253952,2025-01-14,Total Parco Quetta Jail Road Petrol Pump,Total Parco,Quetta,Balochistan,CNG,203.25,68.69,13961.24,Mobile Wallet,Agriculture
TXN-20253953,2026-05-21,Hascol Faisalabad Ferozepur Road Pump,Hascol,Faisalabad,Punjab,CNG,202.65,106.31,,Credit Card,individual
TXN-20253954,2026-01-21,PSO Quetta Clifton Service Station,PSO,Quetta,Balochistan,Super (92 Ron),287.81,90.31,25992.12,Cash,Agriculture
TXN-20253955,13-Jan-26,Shell Lahore Karsaz Service Station,Shell,Lahore,Punjab,Super (92 Ron),273.04,94.28,25742.21,Debit Card,Government
TXN-20253956,2025-08-05,Shell Islamabad University Road Pump,Shell,Islamabad,Islamabad ICT,Super (92 Ron),274.41,70.81,19430.97,Debit Card,Corporate
TXN-20253957,2026-05-29,PSO Sialkot Clifton Service Station,PSO,Sialkot,Punjab,Super (92 Ron),276.73,100.86,27910.99,Mobile Wallet,Agriculture
TXN-20253957,2026-05-29,PSO Sialkot Clifton Service Station,PSO,Sialkot,Punjab,Super (92 Ron),276.73,100.86,27910.99,Mobile Wallet,Agriculture
TXN-20253958,2026-08-29,Hascol Quetta Ferozepur Road Pump,Hascol,Quetta,Balochistan,Hi-Octane (97 Ron),303.86,99.18,30136.83,EasyPaisa,Government
TXN-20253959,19/07/2025,Cnergyico Quetta Hub River Road Pump,Cnergyico,Quetta,Balochistan,Hi-Octane (97 Ron),310.31,16.54,5132.53,Cash,individual
TXN-20253960,2026-01-25,Total Parco Quetta Shahrah-e-Faisal Point,Total Parco,Quetta,Balochistan,Hi-Octane (97 Ron),308.52,53.71,16570.61,Credit Card,Corporate Fleet
TXN-20253961,2026-08-06,Shell Quetta F-7 Markaz Pump,Shell,Quetta,Balochistan,Hi-Octane (97 Ron),319.11,,,JazzCash,Agriculture
TXN-20253962,2026-07-31,Total Parco Quetta Jail Road Petrol Pump,Total Parco,Quetta,Balochistan,CNG,205.99,95.72,19717.36,Credit Card,Government
TXN-20253963,2025-02-09,Hascol Karachi Ferozepur Road Pump,Hascol,Karachi,Sindh,CNG,211.1,145.29,30670.72,Mobile Wallet,individual
TXN-20253963,2025-02-09,Hascol Karachi Ferozepur Road Pump,Hascol,Karachi,Sindh,CNG,211.1,145.29,30670.72,Mobile Wallet,individual
TXN-20253964,2026-03-16,Shell Karachi Mall Road Station,Shell,Karachi,Sindh,High Speed Diesel,277.57,109.41,30368.93,JazzCash,Government
TXN-20253965,2026-01-24,Cnergyico Islamabad Murree Road Station,Cnergyico,Islamabad,Islamabad ICT,Hi-Octane (97 Ron),298.82,94.9,28358.02,JazzCash,Corporate
TXN-20253966,2025-01-05,Attock Petroleum Sialkot Khyber Pass Pump,Attock Petroleum,Sialkot,Punjab,High Speed Diesel,286.01,74.42,21284.86,Cash,Corporate
TXN-20253967,2026-03-22,Hascol Quetta Hayatabad Filling Station,Hascol,Quetta,Balochistan,High Speed Diesel,275.04,94.36,25952.77,JazzCash,Corporate
TXN-20253968,2026-02-15,Hascol Multan Hayatabad Filling Station,Hascol,Multan,Punjab,High Speed Diesel,300.22,9385.75,2817789.87,CASH,individual
TXN-20253969,2026-04-23,Attock Petroleum Lahore Motorway Service Area,Attock Petroleum,Lahore,Punjab,Hi-Octane (97 Ron),321.35,60.12,19319.56,Fleet Card,Corporate Fleet
TXN-20253970,2025-01-18,PSO Rawalpindi GT Road Service,PSO,Rawalpindi,Punjab,CNG,200.76,18.47,3708.04,Credit Card,Corporate
TXN-20253971,2025-01-09,PSO Rawalpindi Lytton Road Pump,PSO,Rawalpindi,Punjab,High Speed Diesel,284.12,142.11,40376.29,Fleet Card,Government
TXN-20253972,13-Mar-25,Cnergyico Islamabad Hub River Road Pump,Cnergyico,Islamabad,Islamabad ICT,Super (92 Ron),277.83,137.53,38209.96,credit card,individual
TXN-20253973,2026-08-21,Shell Karachi Mall Road Station,Shell,Karachi,Sindh,Hi-Octane (97 Ron),329.45,,,Fleet Card,Agriculture
TXN-20253974,2025-06-04,Shell Rawalpindi Gulberg Station,Shell,Rawalpindi,Punjab,Hi-Octane (97 Ron),309.65,14.37,4449.67,cash,Corporate
TXN-20253975,2026-05-31,Shell Rawalpindi F-7 Markaz Pump,Shell,Rawalpindi,Punjab,Super (92 Ron),269.38,119.49,32188.22,Credit Card,Corporate
TXN-20253976,2025-08-22,PSO Lahore Defence Filling Point,PSO,Lahore,Punjab,Hi-Octane (97 Ron),305.25,120.83,36883.36,credit card,individual
TXN-20253977,2025-03-10,Cnergyico Quetta Hub River Road Pump,Cnergyico,Quetta,Balochistan,Hi-Octane (97 Ron),322.49,65.71,21190.82,Debit Card,Individual
TXN-20253978,2025-04-10,Hascol Lahore Super Highway Station,Hascol,Lahore,Punjab,CNG,209.88,9889.36,2075578.88,cash,Agriculture
TXN-20253979,2025-10-07,Hascol Multan Ferozepur Road Pump,Hascol,Multan,Punjab,Super (92 Ron),266.64,56.05,,Fleet Card,Corporate
TXN-20253980,2026-01-21,Shell Faisalabad University Road Pump,Shell,Faisalabad,Punjab,High Speed Diesel,281.5,41.78,11761.07,Mobile Wallet,Corporate Fleet
TXN-20253981,2026-03-13,PSO Lahore Blue Area Station,PSO,Lahore,Punjab,High Speed Diesel,282.06,93.27,,Cash,Individual
TXN-20253982,2026-02-17,Total Parco Peshawar Thokar Niaz Baig Station,Total Parco,Peshawar,KPK,Super (92 Ron),284.98,73.8,21031.52,CASH,individual
TXN-20253983,03/12/2025,Hascol Sialkot Hayatabad Filling Station,Hascol,Sialkot,Punjab,CNG,205.54,124.86,25663.72,credit card,individual
TXN-20253984,2025-12-07,Hascol Multan Super Highway Station,Hascol,Multan,Punjab,CNG,218.88,5454.74,1193933.49,Debit Card,Corporate
TXN-20253985,05/02/2025,PSO Rawalpindi Lytton Road Pump,PSO,Rawalpindi,Punjab,Hi-Octane (97 Ron),325.08,6.8,2210.54,Mobile Wallet,Government
TXN-20253986,2025-10-18,Cnergyico Lahore Murree Road Station,Cnergyico,Lahore,Punjab,Hi-Octane (97 Ron),307.42,65.62,20172.9,Fleet Card,Individual
TXN-20253987,2025-07-22,Attock Petroleum Sialkot Industrial Area Pump,Attock Petroleum,Sialkot,Punjab,Hi-Octane (97 Ron),318.4,130.26,41474.78,JazzCash,individual
TXN-20253988,07/05/2025,PSO Quetta Cantt Filling Point,PSO,Quetta,Balochistan,CNG,213.96,65.69,14055.03,Cash,Corporate Fleet
TXN-20253989,2026-05-26,PSO Islamabad Lytton Road Pump,PSO,Islamabad,Islamabad ICT,Hi-Octane (97 Ron),325.78,76.17,,CASH,individual
TXN-20253990,2026-06-10,Shell Quetta Gulberg Station,Shell,Quetta,Balochistan,CNG,201.96,52.33,,EasyPaisa,Corporate
TXN-20253991,2026-07-21,Total Parco Sialkot Shahrah-e-Faisal Point,Total Parco,Sialkot,Punjab,CNG,202.14,89.92,18176.43,JazzCash,individual
TXN-20253992,2026-07-06,Cnergyico Sialkot Multan Road Filling Point,Cnergyico,Sialkot,Punjab,High Speed Diesel,291.57,107.21,31259.22,credit card,individual
TXN-20253993,2026-03-13,Attock Petroleum Rawalpindi Industrial Area Pump,Attock Petroleum,Rawalpindi,Punjab,Hi-Octane (97 Ron),324.68,61.43,19945.09,EasyPaisa,Agriculture
TXN-20253994,2025-03-15,Hascol Lahore Super Highway Station,Hascol,Lahore,Punjab,CNG,211.35,33.94,7173.22,CASH,individual
TXN-20253995,2026-03-17,Attock Petroleum Sialkot Khyber Pass Pump,Attock Petroleum,Sialkot,Punjab,High Speed Diesel,294.68,45.32,13354.9,CASH,Government
TXN-20253996,2025-08-08,Shell Sialkot Gulberg Station,Shell,Sialkot,Punjab,Hi-Octane (97 Ron),318.34,129.65,,,Agriculture
TXN-20253997,2026-02-26,Shell Karachi Mall Road Station,Shell,Karachi,Sindh,High Speed Diesel,276.21,97.87,27032.67,cash,Individual
TXN-20253998,2025-10-13,Total Parco Sialkot Thokar Niaz Baig Station,Total Parco,Sialkot,Punjab,Hi-Octane (97 Ron),307.4,26.29,8081.55,Mobile Wallet,Corporate Fleet
TXN-20253999,2026-03-25,Attock Petroleum Peshawar Saddar Filling Station,Attock Petroleum,Peshawar,KPK,High Speed Diesel,297.81,43.72,13020.25,Cash,Corporate
TXN-20254000,2026-01-23,Shell Sialkot Mall Road Station,Shell,Sialkot,Punjab,Hi-Octane (97 Ron),302.13,53.31,16106.55,EasyPaisa,individual
TXN-20254001,2026-07-11,Shell Islamabad F-7 Markaz Pump,Shell,Islamabad,Islamabad ICT,CNG,202.07,32.81,6629.92,Debit Card,individual
TXN-20254002,2025-06-21,Total Parco Multan G-11 Markaz Station,Total Parco,Multan,Punjab,Hi-Octane (97 Ron),314.42,38.92,12237.23,Credit Card,individual
TXN-20254003,2025-11-30,Attock Petroleum Lahore Khyber Pass Pump,Attock Petroleum,Lahore,Punjab,High Speed Diesel,272.61,64.02,,credit card,Agriculture
TXN-20254004,2026-08-07,Shell Quetta University Road Pump,Shell,Quetta,Balochistan,Hi-Octane (97 Ron),323.22,103.92,33589.02,Mobile Wallet,Agriculture
TXN-20254005,06-Jun-25,Cnergyico Peshawar Hub River Road Pump,Cnergyico,Peshawar,KPK,Hi-Octane (97 Ron),317.17,121.13,38418.8,JazzCash,individual
TXN-20254005,06-Jun-25,Cnergyico Peshawar Hub River Road Pump,Cnergyico,Peshawar,KPK,Hi-Octane (97 Ron),317.17,121.13,38418.8,JazzCash,individual
TXN-20254006,2026-06-20,Hascol Islamabad Ferozepur Road Pump,Hascol,Islamabad,Islamabad ICT,Super (92 Ron),273.93,38.09,10433.99,EasyPaisa,Agriculture
TXN-20254007,2025-08-28,Hascol Quetta Super Highway Station,Hascol,Quetta,Balochistan,Super (92 Ron),271.51,17.95,4873.6,Mobile Wallet,Agriculture
TXN-20254008,2026-01-23,Attock Petroleum Rawalpindi Saddar Filling Station,Attock Petroleum,Rawalpindi,Punjab,High Speed Diesel,296.62,29.89,8865.97,EasyPaisa,Government
TXN-20254009,2025-06-24,Cnergyico Islamabad Multan Road Filling Point,Cnergyico,Islamabad,Islamabad ICT,Hi-Octane (97 Ron),300.09,54.81,16447.93,JazzCash,Government
TXN-20254010,2025-01-21,Hascol Sialkot Hayatabad Filling Station,Hascol,Sialkot,Punjab,High Speed Diesel,291.1,,,JazzCash,Individual
TXN-20254011,2025-04-14,Hascol Sialkot Super Highway Station,Hascol,Sialkot,Punjab,Hi-Octane (97 Ron),328.24,91.11,29905.95,JazzCash,individual
TXN-20254012,2025-11-14,PSO Peshawar Clifton Service Station,PSO,Peshawar,KPK,Super (92 Ron),272.74,11.22,3060.14,credit card,Corporate Fleet
TXN-20254013,05/03/2025,Hascol Sialkot Ferozepur Road Pump,Hascol,Sialkot,Punjab,High Speed Diesel,275.79,106.86,29470.92,Cash,individual
TXN-20254014,20-Jul-26,Total Parco Sialkot Jail Road Petrol Pump,Total Parco,Sialkot,Punjab,High Speed Diesel,293.04,45.47,13324.53,credit card,Corporate
TXN-20254015,2026-01-01,Hascol Islamabad Super Highway Station,Hascol,Islamabad,Islamabad ICT,Super (92 Ron),276.67,91.98,25448.11,cash,Corporate
TXN-20254016,2025-09-17,Shell Peshawar F-7 Markaz Pump,Shell,Peshawar,KPK,CNG,200.68,25.73,5163.5,Credit Card,Agriculture
TXN-20254017,2025-12-20,Total Parco Peshawar Jail Road Petrol Pump,Total Parco,Peshawar,KPK,Super (92 Ron),263.06,130.6,34355.64,Debit Card,Corporate
TXN-20254018,2026-01-02,Hascol Faisalabad Hayatabad Filling Station,Hascol,Faisalabad,Punjab,CNG,209.01,131.3,27443.01,credit card,Agriculture
TXN-20254019,2025-04-03,Shell Lahore Mall Road Station,Shell,Lahore,Punjab,Super (92 Ron),286.17,5932.5,1697703.53,Cash,Individual
TXN-20254020,2025-10-25,Hascol Rawalpindi Super Highway Station,Hascol,Rawalpindi,Punjab,Hi-Octane (97 Ron),314.89,20.87,6571.75,Mobile Wallet,Corporate
TXN-20254021,01-Jul-25,Hascol Multan Super Highway Station,Hascol,Multan,Punjab,Super (92 Ron),262.28,66.11,17339.33,Fleet Card,Corporate Fleet
TXN-20254022,2026-06-30,Hascol Karachi Hayatabad Filling Station,Hascol,Karachi,Sindh,High Speed Diesel,273.06,6.9,1884.11,CASH,Agriculture
TXN-20254023,2025-08-16,Total Parco Faisalabad Jail Road Petrol Pump,Total Parco,Faisalabad,Punjab,Super (92 Ron),276.68,740.53,204889.84,credit card,Corporate Fleet
TXN-20254024,2026-02-26,Attock Petroleum Faisalabad Khyber Pass Pump,Attock Petroleum,Faisalabad,Punjab,Super (92 Ron),271.6,10.63,2887.11,Debit Card,Government
TXN-20254025,2025-07-04,PSO Sialkot Cantt Filling Point,PSO,Sialkot,Punjab,Hi-Octane (97 Ron),317.65,68.43,21736.79,CASH,Agriculture
TXN-20254026,2025-04-29,Shell Karachi Mall Road Station,Shell,Karachi,Sindh,High Speed Diesel,296.06,111.73,33078.78,Fleet Card,Individual
TXN-20254027,2026-06-29,Hascol Lahore Ferozepur Road Pump,Hascol,Lahore,Punjab,Super (92 Ron),287.62,36.85,10598.8,JazzCash,Agriculture
TXN-20254028,2025-11-30,Cnergyico Lahore Multan Road Filling Point,Cnergyico,Lahore,Punjab,High Speed Diesel,278.76,132.94,37058.35,EasyPaisa,Government
TXN-20254029,2025-02-20,Total Parco Karachi Jail Road Petrol Pump,Total Parco,Karachi,Sindh,Super (92 Ron),289.93,86.23,25000.66,CASH,individual
TXN-20254030,2026-07-22,Cnergyico Karachi Multan Road Filling Point,Cnergyico,Karachi,Sindh,Super (92 Ron),281.74,124.48,,Cash,Corporate Fleet
TXN-20254031,21/12/2025,PSO Rawalpindi Lytton Road Pump,PSO,Rawalpindi,Punjab,High Speed Diesel,276.47,90.67,25067.53,CASH,Corporate
TXN-20254032,12/12/2025,PSO Faisalabad Defence Filling Point,PSO,Faisalabad,Punjab,CNG,210.17,123.59,25974.91,cash,Government
TXN-20254033,2026-08-28,Attock Petroleum Karachi Saddar Filling Station,Attock Petroleum,Karachi,Sindh,Hi-Octane (97 Ron),328.61,42.49,13962.64,Fleet Card,Corporate Fleet
TXN-20254034,2025-11-29,Shell Islamabad University Road Pump,Shell,Islamabad,Islamabad ICT,Hi-Octane (97 Ron),301.9,88.55,26733.24,cash,Agriculture
TXN-20254035,2025-03-12,PSO Lahore Clifton Service Station,PSO,Lahore,Punjab,Super (92 Ron),282.19,994.22,280558.94,credit card,Corporate
TXN-20254036,2026-04-15,PSO Multan Defence Filling Point,PSO,Multan,Punjab,Hi-Octane (97 Ron),306.09,77.67,23774.01,Fleet Card,Agriculture
TXN-20254037,2026-03-19,Cnergyico Quetta Hub River Road Pump,Cnergyico,Quetta,Balochistan,High Speed Diesel,287.77,43.52,12523.75,Credit Card,Individual
TXN-20254038,2025-07-19,Cnergyico Rawalpindi Murree Road Station,Cnergyico,Rawalpindi,Punjab,CNG,211.86,70.15,14861.98,Fleet Card,Agriculture
TXN-20254039,2026-05-28,Cnergyico Islamabad Multan Road Filling Point,Cnergyico,Islamabad,Islamabad ICT,Hi-Octane (97 Ron),319.0,9.97,3180.43,EasyPaisa,Government
TXN-20254040,2026-05-06,Cnergyico Rawalpindi Murree Road Station,Cnergyico,Rawalpindi,Punjab,Hi-Octane (97 Ron),308.89,45.36,14011.25,EasyPaisa,Agriculture
TXN-20254041,2025-04-24,Hascol Multan Super Highway Station,Hascol,Multan,Punjab,High Speed Diesel,295.41,72.96,21553.11,cash,Agriculture
TXN-20254042,2026-05-06,Total Parco Multan G-11 Markaz Station,Total Parco,Multan,Punjab,Super (92 Ron),270.83,40.95,11090.49,Debit Card,Individual
TXN-20254043,2026-02-25,Hascol Faisalabad Hayatabad Filling Station,Hascol,Faisalabad,Punjab,Hi-Octane (97 Ron),295.07,64.87,19141.19,cash,Corporate
TXN-20254044,2026-01-31,Attock Petroleum Multan Motorway Service Area,Attock Petroleum,Multan,Punjab,Super (92 Ron),266.83,50.61,13504.27,JazzCash,Corporate
TXN-20254045,2026-06-05,Total Parco Faisalabad G-11 Markaz Station,Total Parco,Faisalabad,Punjab,Hi-Octane (97 Ron),321.48,139.13,44727.51,Cash,Corporate Fleet
TXN-20254046,2025-05-30,Hascol Faisalabad Hayatabad Filling Station,Hascol,Faisalabad,Punjab,Super (92 Ron),284.76,81.57,23227.87,Mobile Wallet,Government
TXN-20254047,2025-02-06,Cnergyico Multan Multan Road Filling Point,Cnergyico,Multan,Punjab,CNG,202.63,65.68,13308.74,Fleet Card,individual
TXN-20254048,2025-11-12,PSO Karachi Blue Area Station,PSO,Karachi,Sindh,CNG,205.21,111.64,22909.64,Mobile Wallet,Government
TXN-20254049,2025-08-24,Cnergyico Faisalabad Multan Road Filling Point,Cnergyico,Faisalabad,Punjab,Hi-Octane (97 Ron),301.31,63.17,19033.75,,Corporate
TXN-20254050,2025-07-19,PSO Lahore Clifton Service Station,PSO,Lahore,Punjab,Hi-Octane (97 Ron),325.14,43.43,14120.83,Credit Card,Government
TXN-20254051,2025-08-05,Total Parco Faisalabad Jail Road Petrol Pump,Total Parco,Faisalabad,Punjab,CNG,201.72,30.82,6217.01,credit card,Corporate Fleet
TXN-20254052,27/02/2025,Attock Petroleum Lahore Saddar Filling Station,Attock Petroleum,Lahore,Punjab,Super (92 Ron),289.52,15.0,4342.8,JazzCash,Corporate Fleet
TXN-20254053,04/04/2025,PSO Faisalabad Lytton Road Pump,PSO,Faisalabad,Punjab,CNG,213.44,58.78,12546.0,Credit Card,Government
TXN-20254054,2026-08-08,Cnergyico Rawalpindi Multan Road Filling Point,Cnergyico,Rawalpindi,Punjab,High Speed Diesel,291.34,9573.7,2789201.76,Fleet Card,Corporate
TXN-20254055,2026-01-09,Hascol Peshawar Hayatabad Filling Station,Hascol,Peshawar,KPK,CNG,213.05,7.69,1638.35,Credit Card,Corporate Fleet
TXN-20254056,06-Apr-25,Shell Islamabad F-7 Markaz Pump,Shell,Islamabad,Islamabad ICT,CNG,213.67,9197.28,,Debit Card,Agriculture
TXN-20254057,2026-07-17,Total Parco Rawalpindi Thokar Niaz Baig Station,Total Parco,Rawalpindi,Punjab,High Speed Diesel,297.68,38.35,11416.03,CASH,Individual
TXN-20254058,2025-11-16,Hascol Multan Hayatabad Filling Station,Hascol,Multan,Punjab,Hi-Octane (97 Ron),314.65,110.85,34878.95,Fleet Card,
TXN-20254059,2026-04-15,Total Parco Islamabad G-11 Markaz Station,Total Parco,Islamabad,Islamabad ICT,CNG,212.29,109.35,23213.91,CASH,Individual
TXN-20254060,2025-10-23,Shell Faisalabad University Road Pump,Shell,Faisalabad,Punjab,CNG,202.86,113.61,23046.92,Credit Card,Corporate Fleet
TXN-20254061,08-Aug-26,PSO Sialkot Lytton Road Pump,PSO,Sialkot,Punjab,CNG,208.74,85.2,17784.65,Fleet Card,Corporate
TXN-20254062,2025-06-20,Total Parco Lahore Thokar Niaz Baig Station,Total Parco,Lahore,Punjab,High Speed Diesel,270.68,149.84,40558.69,credit card,Individual
TXN-20254063,2025-06-12,Cnergyico Peshawar Hub River Road Pump,Cnergyico,Peshawar,KPK,Hi-Octane (97 Ron),326.4,7.54,2461.06,CASH,Agriculture
TXN-20254064,2025-04-01,Shell Lahore University Road Pump,Shell,Lahore,Punjab,Super (92 Ron),268.41,117.78,31613.33,Debit Card,individual
TXN-20254065,2025-11-19,Shell Quetta Gulberg Station,Shell,Quetta,Balochistan,Super (92 Ron),262.74,4187.75,1100289.44,cash,Individual
TXN-20254066,2025-01-17,Hascol Multan Hayatabad Filling Station,Hascol,Multan,Punjab,Hi-Octane (97 Ron),298.05,20.49,6107.04,cash,Government
TXN-20254067,2025-04-20,Shell Islamabad Karsaz Service Station,Shell,Islamabad,Islamabad ICT,CNG,204.14,5450.78,1112722.23,Credit Card,Government
TXN-20254068,2026-06-20,Shell Lahore F-7 Markaz Pump,Shell,Lahore,Punjab,Hi-Octane (97 Ron),323.51,23.49,7599.25,Fleet Card,Corporate Fleet
TXN-20254069,2025-01-02,Hascol Faisalabad Ferozepur Road Pump,Hascol,Faisalabad,Punjab,High Speed Diesel,283.24,48.3,16416.59,Fleet Card,Agriculture
TXN-20254070,2025-12-21,Total Parco Rawalpindi G-11 Markaz Station,Total Parco,Rawalpindi,Punjab,Hi-Octane (97 Ron),323.76,97.47,31556.89,Fleet Card,Government
TXN-20254071,2025-02-08,Hascol Multan Super Highway Station,Hascol,Multan,Punjab,High Speed Diesel,298.7,5329.54,1591933.6,cash,Government
TXN-20254072,2025-10-19,Cnergyico Quetta Hub River Road Pump,Cnergyico,Quetta,Balochistan,Super (92 Ron),289.95,96.66,28026.57,credit card,Corporate Fleet
TXN-20254073,2025-10-28,Hascol Multan Super Highway Station,Hascol,Multan,Punjab,Super (92 Ron),265.46,149.38,39654.41,Credit Card,Corporate
TXN-20254074,2025-05-23,Shell Lahore F-7 Markaz Pump,Shell,Lahore,Punjab,CNG,217.3,23.77,5165.22,CASH,Corporate Fleet
TXN-20254075,19/10/2025,Hascol Faisalabad Hayatabad Filling Station,Hascol,Faisalabad,Punjab,Hi-Octane (97 Ron),297.44,37.73,11222.41,EasyPaisa,Individual
TXN-20254076,2025-05-22,Hascol Karachi Hayatabad Filling Station,Hascol,Karachi,Sindh,Super (92 Ron),288.89,84.1,24295.65,,Individual
TXN-20254077,10/07/2026,PSO Multan Clifton Service Station,PSO,Multan,Punjab,Hi-Octane (97 Ron),295.25,97.94,28916.78,cash,Agriculture
TXN-20254078,2026-05-22,Total Parco Peshawar Thokar Niaz Baig Station,Total Parco,Peshawar,KPK,Super (92 Ron),282.91,37.76,10682.68,CASH,Corporate
TXN-20254079,2026-05-18,Cnergyico Peshawar Hub River Road Pump,Cnergyico,Peshawar,KPK,Hi-Octane (97 Ron),323.0,9765.18,3154153.14,CASH,Corporate
TXN-20254080,2025-02-03,Hascol Islamabad Ferozepur Road Pump,Hascol,Islamabad,Islamabad ICT,Super (92 Ron),284.19,6098.54,1733144.08,CASH,Corporate
TXN-20254081,2025-06-20,PSO Peshawar Defence Filling Point,PSO,Peshawar,KPK,Super (92 Ron),271.29,23.98,6505.53,Debit Card,Corporate
TXN-20254082,2026-01-15,Hascol Islamabad Ferozepur Road Pump,Hascol,Islamabad,Islamabad ICT,High Speed Diesel,282.38,52.35,14782.59,Debit Card,Government
TXN-20254083,2025-05-08,Attock Petroleum Sialkot Saddar Filling Station,Attock Petroleum,Sialkot,Punjab,Super (92 Ron),262.44,11.42,,JazzCash,Individual
TXN-20254084,25/06/2026,Cnergyico Sialkot Murree Road Station,Cnergyico,Sialkot,Punjab,Super (92 Ron),285.17,123.85,35318.3,cash,Corporate Fleet
TXN-20254085,2025-02-06,PSO Multan GT Road Service,PSO,Multan,Punjab,CNG,208.18,23.42,4875.58,CASH,Government
TXN-20254086,2025-02-01,PSO Lahore Defence Filling Point,PSO,Lahore,Punjab,Hi-Octane (97 Ron),316.37,0.0,0.0,JazzCash,individual
TXN-20254087,2025-07-27,Total Parco Rawalpindi Thokar Niaz Baig Station,Total Parco,Rawalpindi,Punjab,High Speed Diesel,272.87,1855.41,506285.73,Cash,
TXN-20254088,2025-12-06,Shell Peshawar Mall Road Station,Shell,Peshawar,KPK,Super (92 Ron),276.14,136.46,37682.06,Mobile Wallet,Government
TXN-20254089,2026-06-18,PSO Multan Cantt Filling Point,PSO,Multan,Punjab,High Speed Diesel,277.15,90.34,25037.73,Fleet Card,Government
TXN-20254090,2026-03-05,PSO Faisalabad Defence Filling Point,PSO,Faisalabad,Punjab,CNG,213.08,149.47,31849.07,Credit Card,Government
TXN-20254091,2025-10-15,Hascol Rawalpindi Ferozepur Road Pump,Hascol,Rawalpindi,Punjab,Hi-Octane (97 Ron),296.55,28.04,8315.26,Credit Card,Corporate
TXN-20254092,2025-09-19,Total Parco Lahore Thokar Niaz Baig Station,Total Parco,Lahore,Punjab,High Speed Diesel,296.15,90.61,26834.15,cash,
TXN-20254093,2025-01-08,Hascol Faisalabad Ferozepur Road Pump,Hascol,Faisalabad,Punjab,CNG,203.98,62.71,12791.59,Cash,Individual
TXN-20254094,2026-07-03,Attock Petroleum Sialkot Saddar Filling Station,Attock Petroleum,Sialkot,Punjab,Super (92 Ron),260.1,20.15,5241.02,credit card,Corporate Fleet
TXN-20254095,2026-05-28,PSO Islamabad Cantt Filling Point,PSO,Islamabad,Islamabad ICT,Hi-Octane (97 Ron),303.21,104.57,31706.67,Fleet Card,Agriculture
TXN-20254096,2025-09-20,Total Parco Multan Thokar Niaz Baig Station,Total Parco,Multan,Punjab,Super (92 Ron),289.35,77.51,22427.52,EasyPaisa,Corporate
TXN-20254097,2025-09-09,PSO Karachi Defence Filling Point,PSO,Karachi,Sindh,Hi-Octane (97 Ron),309.32,50.15,15512.4,JazzCash,Individual
TXN-20254098,2026-07-12,Attock Petroleum Quetta Saddar Filling Station,Attock Petroleum,Quetta,Balochistan,Hi-Octane (97 Ron),301.99,104.07,31428.1,JazzCash,Corporate Fleet
TXN-20254099,2026-02-10,Cnergyico Lahore Murree Road Station,Cnergyico,Lahore,Punjab,High Speed Diesel,281.56,71.7,20187.85,Debit Card,Corporate Fleet
TXN-20254100,2025-02-16,Shell Sialkot Gulberg Station,Shell,Sialkot,Punjab,High Speed Diesel,303.86,41.11,12491.68,EasyPaisa,Corporate Fleet
TXN-20254101,2025-11-28,Cnergyico Quetta Multan Road Filling Point,Cnergyico,Quetta,Balochistan,High Speed Diesel,270.73,39.74,10758.81,Mobile Wallet,Individual
TXN-20254102,2025-10-25,Attock Petroleum Rawalpindi Industrial Area Pump,Attock Petroleum,Rawalpindi,Punjab,High Speed Diesel,274.82,90.33,24824.49,credit card,individual
TXN-20254103,2025-01-25,Hascol Multan Super Highway Station,Hascol,Multan,Punjab,High Speed Diesel,285.24,41.57,11857.43,credit card,Government
TXN-20254104,2026-08-27,Attock Petroleum Karachi Khyber Pass Pump,Attock Petroleum,Karachi,Sindh,Super (92 Ron),270.33,4298.73,1162075.68,Cash,Individual
TXN-20254105,2026-03-13,Attock Petroleum Quetta Saddar Filling Station,Attock Petroleum,Quetta,Balochistan,Super (92 Ron),260.52,142.41,37100.65,EasyPaisa,Corporate
TXN-20254106,05-Apr-25,Attock Petroleum Quetta Khyber Pass Pump,Attock Petroleum,Quetta,Balochistan,Super (92 Ron),280.03,9.77,2735.89,CASH,Government
TXN-20254107,2026-03-10,Total Parco Peshawar Thokar Niaz Baig Station,Total Parco,Peshawar,KPK,Hi-Octane (97 Ron),324.26,113.87,36923.49,credit card,Agriculture
TXN-20254108,09-Jun-25,Total Parco Islamabad Shahrah-e-Faisal Point,Total Parco,Islamabad,Islamabad ICT,High Speed Diesel,280.27,20.06,5622.22,CASH,Agriculture
TXN-20254109,2026-08-17,Total Parco Peshawar Shahrah-e-Faisal Point,Total Parco,Peshawar,KPK,CNG,203.06,85.51,17363.66,Credit Card,Individual
TXN-20254110,2025-07-19,Hascol Sialkot Ferozepur Road Pump,Hascol,Sialkot,Punjab,High Speed Diesel,298.91,100.43,30019.53,Debit Card,Government
TXN-20254111,2025-08-26,Shell Peshawar F-7 Markaz Pump,Shell,Peshawar,KPK,High Speed Diesel,292.95,116.62,34163.83,JazzCash,individual
TXN-20254112,2025-07-01,Hascol Sialkot Super Highway Station,Hascol,Sialkot,Punjab,CNG,219.09,4089.74,896021.14,credit card,Government
TXN-20254113,25/11/2025,Hascol Sialkot Ferozepur Road Pump,Hascol,Sialkot,Punjab,Super (92 Ron),283.61,103.32,29302.59,Debit Card,Corporate Fleet
TXN-20254114,12/11/2025,Total Parco Quetta Thokar Niaz Baig Station,Total Parco,Quetta,Balochistan,Super (92 Ron),283.92,85.21,24192.82,Cash,Government
TXN-20254115,2025-02-17,Hascol Rawalpindi Super Highway Station,Hascol,Rawalpindi,Punjab,High Speed Diesel,298.39,61.37,18312.19,Mobile Wallet,Individual
TXN-20254116,2025-01-31,Total Parco Islamabad Thokar Niaz Baig Station,Total Parco,Islamabad,Islamabad ICT,Super (92 Ron),285.76,15.5,4429.28,JazzCash,Individual
TXN-20254117,2025-03-02,Hascol Multan Super Highway Station,Hascol,Multan,Punjab,Hi-Octane (97 Ron),321.56,8386.02,2696608.59,Debit Card,Corporate
TXN-20254118,05/06/2025,Shell Sialkot F-7 Markaz Pump,Shell,Sialkot,Punjab,Hi-Octane (97 Ron),297.17,64.98,19310.11,Cash,individual
TXN-20254119,2025-09-26,Attock Petroleum Karachi Khyber Pass Pump,Attock Petroleum,Karachi,Sindh,Hi-Octane (97 Ron),298.62,142.58,42577.24,EasyPaisa,individual
TXN-20254120,2026-02-04,Cnergyico Multan Murree Road Station,Cnergyico,Multan,Punjab,Super (92 Ron),288.88,60.45,17462.8,EasyPaisa,Government
TXN-20254121,08-Jun-25,Attock Petroleum Karachi Khyber Pass Pump,Attock Petroleum,Karachi,Sindh,CNG,207.4,10573.57,2192958.42,Fleet Card,Individual
TXN-20254122,01-May-25,PSO Lahore Blue Area Station,PSO,Lahore,Punjab,High Speed Diesel,300.7,102.76,30899.93,Mobile Wallet,Corporate
TXN-20254123,2025-03-27,Attock Petroleum Faisalabad Khyber Pass Pump,Attock Petroleum,Faisalabad,Punjab,Super (92 Ron),265.89,56.37,14988.22,Mobile Wallet,Agriculture
TXN-20254124,2025-07-01,Shell Multan Gulberg Station,Shell,Multan,Punjab,Super (92 Ron),263.48,93.8,24714.42,Debit Card,individual
TXN-20254125,2026-03-16,Hascol Multan Super Highway Station,Hascol,Multan,Punjab,Super (92 Ron),260.4,53.52,13936.61,credit card,Government
TXN-20254126,2025-01-28,Attock Petroleum Rawalpindi Saddar Filling Station,Attock Petroleum,Rawalpindi,Punjab,CNG,206.16,9194.62,1895562.86,JazzCash,individual
TXN-20254127,2025-12-15,Hascol Sialkot Super Highway Station,Hascol,Sialkot,Punjab,Hi-Octane (97 Ron),300.27,74.0,22219.98,Credit Card,Corporate Fleet
TXN-20254128,2025-10-22,PSO Peshawar Clifton Service Station,PSO,Peshawar,KPK,Hi-Octane (97 Ron),302.78,29.15,8826.04,JazzCash,individual
TXN-20254129,2026-04-30,PSO Peshawar Clifton Service Station,PSO,Peshawar,KPK,Hi-Octane (97 Ron),318.19,1690.3,537836.56,CASH,individual
TXN-20254130,02/06/2026,Cnergyico Islamabad Multan Road Filling Point,Cnergyico,Islamabad,Islamabad ICT,Hi-Octane (97 Ron),307.18,38.18,11728.13,Debit Card,Corporate Fleet
TXN-20254131,2026-05-01,Total Parco Multan Shahrah-e-Faisal Point,Total Parco,Multan,Punjab,High Speed Diesel,304.46,107.35,32683.78,credit card,Agriculture
TXN-20254132,2026-03-04,Cnergyico Multan Multan Road Filling Point,Cnergyico,Multan,Punjab,High Speed Diesel,274.92,123.44,33936.12,,Agriculture
TXN-20254133,2026-01-09,Total Parco Sialkot Thokar Niaz Baig Station,Total Parco,Sialkot,Punjab,CNG,202.18,142.34,28778.3,Debit Card,Individual
TXN-20254134,2025-01-15,Attock Petroleum Islamabad Industrial Area Pump,Attock Petroleum,Islamabad,Islamabad ICT,Hi-Octane (97 Ron),308.18,5858.65,1805518.76,Cash,Agriculture
TXN-20254135,2026-06-29,PSO Lahore Clifton Service Station,PSO,Lahore,Punjab,High Speed Diesel,285.05,125.92,35893.5,JazzCash,Government
TXN-20254136,25-Jul-26,Shell Faisalabad Gulberg Station,Shell,Faisalabad,Punjab,CNG,212.87,0.0,0.0,cash,Agriculture
TXN-20254137,2026-01-14,Shell Multan University Road Pump,Shell,Multan,Punjab,Hi-Octane (97 Ron),329.11,116.2,38242.58,Cash,Individual
TXN-20254138,2025-09-08,Attock Petroleum Quetta Saddar Filling Station,Attock Petroleum,Quetta,Balochistan,Super (92 Ron),269.18,7.97,2145.36,Credit Card,Corporate
TXN-20254139,14-Jan-26,Cnergyico Karachi Murree Road Station,Cnergyico,Karachi,Sindh,Hi-Octane (97 Ron),312.04,95.95,29940.24,Cash,individual
TXN-20254140,2026-04-28,Attock Petroleum Rawalpindi Industrial Area Pump,Attock Petroleum,Rawalpindi,Punjab,Hi-Octane (97 Ron),295.32,68.31,20173.31,Credit Card,Agriculture
TXN-20254141,2025-09-03,Attock Petroleum Islamabad Industrial Area Pump,Attock Petroleum,Islamabad,Islamabad ICT,High Speed Diesel,294.57,52.09,15344.15,CASH,Government
TXN-20254142,19-Dec-25,Shell Peshawar University Road Pump,Shell,Peshawar,KPK,Hi-Octane (97 Ron),303.47,8.29,2515.77,Debit Card,Corporate
TXN-20254143,2025-04-21,Cnergyico Multan Multan Road Filling Point,Cnergyico,Multan,Punjab,High Speed Diesel,274.61,106.48,29240.47,Credit Card,Government
TXN-20254144,2026-05-29,PSO Lahore GT Road Service,PSO,Lahore,Punjab,CNG,205.18,41.7,8556.01,Debit Card,Government
TXN-20254145,2025-08-23,PSO Islamabad Blue Area Station,PSO,Islamabad,Islamabad ICT,High Speed Diesel,9999.0,66.15,661433.85,cash,Individual
TXN-20254146,2025-08-04,PSO Peshawar Lytton Road Pump,PSO,Peshawar,KPK,CNG,201.96,47.32,9556.75,Cash,individual
TXN-20254147,2025-05-24,Attock Petroleum Faisalabad Khyber Pass Pump,Attock Petroleum,Faisalabad,Punjab,Hi-Octane (97 Ron),308.42,140.97,43477.97,Credit Card,individual
TXN-20254148,2026-04-11,PSO Quetta Defence Filling Point,PSO,Quetta,Balochistan,High Speed Diesel,292.69,43.44,12714.45,Cash,Individual
TXN-20254149,2025-01-04,Attock Petroleum Multan Motorway Service Area,Attock Petroleum,Multan,Punjab,High Speed Diesel,302.98,10016.4,3034768.87,Debit Card,Corporate Fleet
TXN-20254150,2026-01-21,Shell Rawalpindi Mall Road Station,Shell,Rawalpindi,Punjab,Super (92 Ron),263.38,69.07,18191.66,Credit Card,Corporate
TXN-20254151,2026-06-07,PSO Peshawar Blue Area Station,PSO,Peshawar,KPK,Hi-Octane (97 Ron),303.72,115.48,35073.59,Mobile Wallet,Individual
TXN-20254152,2026-08-09,Hascol Peshawar Super Highway Station,Hascol,Peshawar,KPK,High Speed Diesel,291.1,9.11,2651.92,Cash,Individual
TXN-20254153,2026-06-06,Hascol Multan Hayatabad Filling Station,Hascol,Multan,Punjab,Hi-Octane (97 Ron),323.21,19.84,6412.49,credit card,Corporate Fleet
TXN-20254154,2025-12-15,Shell Faisalabad F-7 Markaz Pump,Shell,Faisalabad,Punjab,High Speed Diesel,281.97,13.42,3784.04,Fleet Card,Corporate
TXN-20254155,24/10/2025,Cnergyico Islamabad Multan Road Filling Point,Cnergyico,Islamabad,Islamabad ICT,CNG,203.92,79.11,16132.11,JazzCash,individual
TXN-20254156,2026-05-10,Hascol Multan Ferozepur Road Pump,Hascol,Multan,Punjab,High Speed Diesel,296.25,63.24,18734.85,EasyPaisa,individual
TXN-20254157,2025-03-25,Hascol Islamabad Ferozepur Road Pump,Hascol,Islamabad,Islamabad ICT,High Speed Diesel,288.32,72.25,20831.12,cash,Individual
TXN-20254158,2026-02-09,Total Parco Faisalabad Shahrah-e-Faisal Point,Total Parco,Faisalabad,Punjab,Hi-Octane (97 Ron),296.84,26.68,7919.69,credit card,Individual
TXN-20254159,2026-05-10,Attock Petroleum Multan Khyber Pass Pump,Attock Petroleum,Multan,Punjab,Hi-Octane (97 Ron),316.21,9125.85,2885685.03,Debit Card,Government
TXN-20254160,20/06/2025,Shell Peshawar Karsaz Service Station,Shell,Peshawar,KPK,CNG,201.68,1174.21,236814.67,Credit Card,Individual
TXN-20254160,20/06/2025,Shell Peshawar Karsaz Service Station,Shell,Peshawar,KPK,CNG,201.68,1174.21,236814.67,Credit Card,Individual
TXN-20254161,2025-08-09,Hascol Faisalabad Super Highway Station,Hascol,Faisalabad,Punjab,High Speed Diesel,296.65,68.77,20400.62,Credit Card,Corporate Fleet
TXN-20254162,2025-12-06,Hascol Peshawar Ferozepur Road Pump,Hascol,Peshawar,KPK,Super (92 Ron),288.65,58.9,17001.48,EasyPaisa,Government
TXN-20254163,2025-10-15,Hascol Karachi Hayatabad Filling Station,Hascol,Karachi,Sindh,CNG,200.51,7992.32,1602540.08,Credit Card,individual
TXN-20254164,15/10/2025,Attock Petroleum Karachi Saddar Filling Station,Attock Petroleum,Karachi,Sindh,High Speed Diesel,275.32,14.18,3904.04,Fleet Card,Agriculture
TXN-20254165,2025-03-07,Hascol Sialkot Hayatabad Filling Station,Hascol,Sialkot,Punjab,High Speed Diesel,292.33,124.66,36441.86,EasyPaisa,Government
TXN-20254166,2025-07-30,Hascol Quetta Ferozepur Road Pump,Hascol,Quetta,Balochistan,Super (92 Ron),265.39,55.89,14832.65,credit card,Government
TXN-20254167,2026-05-18,Total Parco Quetta G-11 Markaz Station,Total Parco,Quetta,Balochistan,Hi-Octane (97 Ron),315.56,142.37,44926.28,credit card,Corporate Fleet
TXN-20254168,2025-03-03,Total Parco Karachi Shahrah-e-Faisal Point,Total Parco,Karachi,Sindh,High Speed Diesel,296.16,11741.49,3477359.68,EasyPaisa,Individual
TXN-20254169,2025-04-23,Cnergyico Karachi Multan Road Filling Point,Cnergyico,Karachi,Sindh,CNG,212.56,50.32,10696.02,credit card,Corporate Fleet
TXN-20254170,2026-06-03,PSO Faisalabad GT Road Service,PSO,Faisalabad,Punjab,CNG,201.5,638.99,128756.49,Debit Card,Individual
TXN-20254171,2025-02-03,Shell Sialkot Mall Road Station,Shell,Sialkot,Punjab,High Speed Diesel,288.5,10.84,3127.34,credit card,Corporate Fleet
TXN-20254172,2025-08-13,Hascol Rawalpindi Super Highway Station,Hascol,Rawalpindi,Punjab,High Speed Diesel,297.57,50.33,14976.7,Fleet Card,Agriculture
TXN-20254173,2026-06-14,Total Parco Faisalabad G-11 Markaz Station,Total Parco,Faisalabad,Punjab,Hi-Octane (97 Ron),320.66,54.41,17447.11,JazzCash,Agriculture
TXN-20254174,2025-10-03,PSO Rawalpindi Defence Filling Point,PSO,Rawalpindi,Punjab,Hi-Octane (97 Ron),326.53,95.31,31121.57,Mobile Wallet,Corporate
TXN-20254175,2026-03-05,Attock Petroleum Quetta Khyber Pass Pump,Attock Petroleum,Quetta,Balochistan,Hi-Octane (97 Ron),311.23,65.01,,Debit Card,Corporate Fleet
TXN-20254176,2026-05-15,Total Parco Islamabad Shahrah-e-Faisal Point,Total Parco,Islamabad,Islamabad ICT,High Speed Diesel,294.13,69.56,20459.68,Fleet Card,individual
TXN-20254177,2026-03-22,Hascol Rawalpindi Hayatabad Filling Station,Hascol,Rawalpindi,Punjab,CNG,208.18,104.82,21821.43,Debit Card,individual
TXN-20254178,2026-05-30,Attock Petroleum Multan Saddar Filling Station,Attock Petroleum,Multan,Punjab,High Speed Diesel,301.33,72.13,21734.93,Cash,individual
TXN-20254179,2025-03-01,Attock Petroleum Multan Industrial Area Pump,Attock Petroleum,Multan,Punjab,Super (92 Ron),282.62,5878.53,1661390.15,EasyPaisa,Government
TXN-20254180,20/07/2026,Cnergyico Rawalpindi Hub River Road Pump,Cnergyico,Rawalpindi,Punjab,Hi-Octane (97 Ron),329.81,38.74,12776.84,credit card,Government
TXN-20254181,27-Mar-26,Hascol Rawalpindi Ferozepur Road Pump,Hascol,Rawalpindi,Punjab,CNG,210.54,57.66,12139.74,credit card,individual
TXN-20254182,2026-02-17,Total Parco Multan Shahrah-e-Faisal Point,Total Parco,Multan,Punjab,High Speed Diesel,285.15,39.46,11252.02,,Individual
TXN-20254183,2025-10-20,Attock Petroleum Islamabad Saddar Filling Station,Attock Petroleum,Islamabad,Islamabad ICT,Super (92 Ron),285.01,0.0,0.0,cash,Corporate
TXN-20254184,2025-07-31,Total Parco Peshawar Thokar Niaz Baig Station,Total Parco,Peshawar,KPK,Hi-Octane (97 Ron),313.76,133.59,41915.2,Cash,Agriculture
TXN-20254185,2025-05-22,PSO Quetta Blue Area Station,PSO,Quetta,Balochistan,High Speed Diesel,303.08,35.88,10874.51,Debit Card,Corporate
TXN-20254186,2025-06-26,Cnergyico Islamabad Multan Road Filling Point,Cnergyico,Islamabad,Islamabad ICT,CNG,201.73,130.26,26277.35,JazzCash,individual
TXN-20254187,2025-04-13,Shell Quetta University Road Pump,Shell,Quetta,Balochistan,CNG,-99.0,0.0,-0.0,Mobile Wallet,Government
TXN-20254188,2025-07-17,Cnergyico Islamabad Multan Road Filling Point,Cnergyico,Islamabad,Islamabad ICT,Super (92 Ron),9999.0,132.6,1325867.4,cash,Individual
TXN-20254189,2025-05-25,Total Parco Islamabad Shahrah-e-Faisal Point,Total Parco,Islamabad,Islamabad ICT,Hi-Octane (97 Ron),318.48,10.08,3210.28,cash,individual
TXN-20254190,2026-06-03,Attock Petroleum Karachi Saddar Filling Station,Attock Petroleum,Karachi,Sindh,CNG,207.98,5737.24,1193231.18,CASH,individual
TXN-20254191,11/01/2025,Shell Islamabad F-7 Markaz Pump,Shell,Islamabad,Islamabad ICT,High Speed Diesel,288.02,3495.06,1006647.18,,Individual
TXN-20254192,03-Oct-25,Cnergyico Sialkot Murree Road Station,Cnergyico,Sialkot,Punjab,High Speed Diesel,303.02,144.12,43671.24,Mobile Wallet,Individual
TXN-20254193,12/06/2025,Hascol Rawalpindi Ferozepur Road Pump,Hascol,Rawalpindi,Punjab,CNG,210.16,32.38,6804.98,credit card,individual
TXN-20254194,2025-01-07,Shell Sialkot Gulberg Station,Shell,Sialkot,Punjab,Super (92 Ron),284.83,120.8,34407.46,Mobile Wallet,Corporate Fleet
TXN-20254195,2026-02-04,Shell Multan University Road Pump,Shell,Multan,Punjab,Super (92 Ron),287.31,31.54,9061.76,Fleet Card,Individual
TXN-20254196,2025-03-05,Shell Peshawar Karsaz Service Station,Shell,Peshawar,KPK,Super (92 Ron),9999.0,32.29,322867.71,Fleet Card,Government
TXN-20254197,2025-02-18,Attock Petroleum Faisalabad Motorway Service Area,Attock Petroleum,Faisalabad,Punjab,Super (92 Ron),285.3,22.39,6387.87,JazzCash,Individual
TXN-20254198,2025-08-18,Attock Petroleum Islamabad Motorway Service Area,Attock Petroleum,Islamabad,Islamabad ICT,Hi-Octane (97 Ron),312.04,11769.48,3672548.54,Cash,Agriculture
TXN-20254199,2026-01-17,Total Parco Karachi Shahrah-e-Faisal Point,Total Parco,Karachi,Sindh,High Speed Diesel,276.97,138.41,38335.42,Debit Card,Corporate Fleet
TXN-20254200,2026-03-21,Total Parco Multan Shahrah-e-Faisal Point,Total Parco,Multan,Punjab,High Speed Diesel,279.92,137.04,38360.24,Credit Card,Agriculture
TXN-20254201,2025-05-11,Attock Petroleum Rawalpindi Khyber Pass Pump,Attock Petroleum,Rawalpindi,Punjab,Hi-Octane (97 Ron),329.37,62.49,20582.33,Cash,Agriculture
TXN-20254202,2025-05-29,Shell Rawalpindi Gulberg Station,Shell,Rawalpindi,Punjab,High Speed Diesel,287.59,76.34,21954.62,Fleet Card,Agriculture
TXN-20254203,2026-08-03,PSO Islamabad Blue Area Station,PSO,Islamabad,Islamabad ICT,High Speed Diesel,275.72,138.9,38297.51,Cash,Individual
TXN-20254204,2026-04-18,Total Parco Peshawar Thokar Niaz Baig Station,Total Parco,Peshawar,KPK,High Speed Diesel,284.47,75.25,21406.37,Mobile Wallet,Agriculture
TXN-20254205,31/07/2026,Cnergyico Lahore Murree Road Station,Cnergyico,Lahore,Punjab,High Speed Diesel,303.63,34.71,10539.0,JazzCash,Agriculture
TXN-20254206,2025-01-06,Attock Petroleum Karachi Industrial Area Pump,Attock Petroleum,Karachi,Sindh,Hi-Octane (97 Ron),295.13,41.47,,Fleet Card,Government
TXN-20254207,2026-05-01,Shell Karachi Gulberg Station,Shell,Karachi,Sindh,High Speed Diesel,297.3,98.75,29358.38,cash,Agriculture
TXN-20254208,2025-02-01,Attock Petroleum Faisalabad Motorway Service Area,Attock Petroleum,Faisalabad,Punjab,High Speed Diesel,276.21,8.16,2253.87,EasyPaisa,Individual
TXN-20254209,2026-03-02,PSO Rawalpindi Defence Filling Point,PSO,Rawalpindi,Punjab,High Speed Diesel,287.0,,,Mobile Wallet,Government
TXN-20254210,2026-01-21,Cnergyico Karachi Multan Road Filling Point,Cnergyico,Karachi,Sindh,CNG,215.79,41.12,8873.28,Credit Card,Agriculture
TXN-20254211,2026-01-07,Attock Petroleum Rawalpindi Motorway Service Area,Attock Petroleum,Rawalpindi,Punjab,High Speed Diesel,286.03,73.66,21068.97,JazzCash,Agriculture
TXN-20254212,31/07/2025,Cnergyico Peshawar Murree Road Station,Cnergyico,Peshawar,KPK,High Speed Diesel,293.42,144.53,42407.99,Credit Card,Individual
TXN-20254213,2026-01-09,Hascol Karachi Hayatabad Filling Station,Hascol,Karachi,Sindh,Super (92 Ron),289.13,4518.16,1306335.6,credit card,Government
TXN-20254214,2025-11-23,Attock Petroleum Peshawar Khyber Pass Pump,Attock Petroleum,Peshawar,KPK,Super (92 Ron),271.56,31.65,,JazzCash,individual
TXN-20254215,2025-06-10,Shell Multan Mall Road Station,Shell,Multan,Punjab,High Speed Diesel,276.18,61.25,16916.03,credit card,Corporate
TXN-20254216,2025-02-02,Attock Petroleum Islamabad Khyber Pass Pump,Attock Petroleum,Islamabad,Islamabad ICT,High Speed Diesel,-99.0,16.95,-1678.05,CASH,Agriculture
TXN-20254217,2025-11-04,Total Parco Lahore Jail Road Petrol Pump,Total Parco,Lahore,Punjab,CNG,206.72,41.38,8554.07,Fleet Card,Agriculture
TXN-20254218,2026-03-24,Shell Lahore Gulberg Station,Shell,Lahore,Punjab,CNG,203.06,74.34,15095.48,JazzCash,Agriculture
TXN-20254219,2025-03-30,PSO Islamabad Clifton Service Station,PSO,Islamabad,Islamabad ICT,CNG,200.4,26.36,5282.54,Mobile Wallet,Government
TXN-20254220,2025-11-21,Hascol Multan Hayatabad Filling Station,Hascol,Multan,Punjab,Super (92 Ron),270.71,9.03,2444.51,Debit Card,individual
TXN-20254221,2026-05-13,Shell Karachi F-7 Markaz Pump,Shell,Karachi,Sindh,Super (92 Ron),288.95,142.73,41241.83,credit card,Corporate Fleet
TXN-20254222,2025-07-18,Total Parco Peshawar G-11 Markaz Station,Total Parco,Peshawar,KPK,Hi-Octane (97 Ron),323.25,34.13,11032.52,cash,Individual
TXN-20254223,2025-02-22,Total Parco Rawalpindi Jail Road Petrol Pump,Total Parco,Rawalpindi,Punjab,Super (92 Ron),264.14,50.94,13455.29,EasyPaisa,individual
TXN-20254224,2026-08-29,Total Parco Sialkot Thokar Niaz Baig Station,Total Parco,Sialkot,Punjab,CNG,205.04,125.94,25822.74,Credit Card,Corporate
TXN-20254225,2025-08-17,Hascol Sialkot Super Highway Station,Hascol,Sialkot,Punjab,High Speed Diesel,297.36,10.41,3095.52,CASH,Corporate
TXN-20254226,03-Feb-26,Attock Petroleum Quetta Motorway Service Area,Attock Petroleum,Quetta,Balochistan,High Speed Diesel,297.05,119.9,35616.3,Fleet Card,
TXN-20254227,2025-04-29,Total Parco Peshawar Shahrah-e-Faisal Point,Total Parco,Peshawar,KPK,CNG,211.56,38.35,8113.33,EasyPaisa,Corporate Fleet
TXN-20254228,2025-11-18,PSO Islamabad GT Road Service,PSO,Islamabad,Islamabad ICT,Hi-Octane (97 Ron),-99.0,50.97,-5046.03,Credit Card,individual
TXN-20254229,2025-05-15,Total Parco Faisalabad Shahrah-e-Faisal Point,Total Parco,Faisalabad,Punjab,Hi-Octane (97 Ron),314.84,47.84,15061.95,Fleet Card,Government
TXN-20254230,2025-10-22,Total Parco Sialkot Jail Road Petrol Pump,Total Parco,Sialkot,Punjab,Hi-Octane (97 Ron),317.11,7.76,2460.77,cash,Individual
TXN-20254231,2026-04-29,Hascol Sialkot Ferozepur Road Pump,Hascol,Sialkot,Punjab,Hi-Octane (97 Ron),323.08,76.23,24628.39,Fleet Card,Corporate Fleet
TXN-20254232,2025-11-26,Attock Petroleum Quetta Industrial Area Pump,Attock Petroleum,Quetta,Balochistan,High Speed Diesel,284.29,36.27,10311.2,Mobile Wallet,Individual
TXN-20254233,01-Mar-25,Total Parco Karachi G-11 Markaz Station,Total Parco,Karachi,Sindh,Super (92 Ron),277.72,19.64,5454.42,Mobile Wallet,Agriculture
TXN-20254234,2026-03-18,PSO Karachi Lytton Road Pump,PSO,Karachi,Sindh,High Speed Diesel,304.17,76.8,,CASH,Corporate
TXN-20254235,2025-07-15,Hascol Islamabad Ferozepur Road Pump,Hascol,Islamabad,Islamabad ICT,Super (92 Ron),269.44,121.8,32817.79,CASH,Corporate
TXN-20254236,2026-05-25,Hascol Faisalabad Ferozepur Road Pump,Hascol,Faisalabad,Punjab,CNG,207.74,141.7,29436.76,Fleet Card,individual
TXN-20254236,2026-05-25,Hascol Faisalabad Ferozepur Road Pump,Hascol,Faisalabad,Punjab,CNG,207.74,141.7,29436.76,Fleet Card,individual
TXN-20254237,2026-03-23,PSO Faisalabad Defence Filling Point,PSO,Faisalabad,Punjab,CNG,212.15,34.39,7295.84,Fleet Card,Corporate
TXN-20254238,15-Feb-25,PSO Karachi Cantt Filling Point,PSO,Karachi,Sindh,Hi-Octane (97 Ron),298.9,6329.54,1891899.51,credit card,Agriculture
TXN-20254239,05/03/2026,Hascol Sialkot Super Highway Station,Hascol,Sialkot,Punjab,Hi-Octane (97 Ron),314.55,99.15,31187.63,JazzCash,Corporate
TXN-20254240,2026-02-27,Hascol Lahore Hayatabad Filling Station,Hascol,Lahore,Punjab,CNG,216.13,90.14,19481.96,JazzCash,Government
TXN-20254241,2025-05-31,PSO Faisalabad Clifton Service Station,PSO,Faisalabad,Punjab,Super (92 Ron),261.14,87.63,22883.7,credit card,Individual
TXN-20254241,2025-05-31,PSO Faisalabad Clifton Service Station,PSO,Faisalabad,Punjab,Super (92 Ron),261.14,87.63,22883.7,credit card,Individual
TXN-20254242,10/04/2026,Attock Petroleum Multan Motorway Service Area,Attock Petroleum,Multan,Punjab,Hi-Octane (97 Ron),300.69,38.05,11441.25,Cash,Corporate
TXN-20254243,2025-08-29,PSO Multan Defence Filling Point,PSO,Multan,Punjab,Super (92 Ron),266.72,133.33,35561.78,cash,individual
TXN-20254244,2026-03-23,PSO Multan Clifton Service Station,PSO,Multan,Punjab,High Speed Diesel,300.65,11.5,3457.47,cash,Individual
TXN-20254245,2025-03-04,Hascol Lahore Hayatabad Filling Station,Hascol,Lahore,Punjab,Hi-Octane (97 Ron),296.74,85.56,25389.07,Mobile Wallet,Agriculture
TXN-20254246,2025-04-22,Attock Petroleum Faisalabad Khyber Pass Pump,Attock Petroleum,Faisalabad,Punjab,Super (92 Ron),277.82,116.25,32296.58,Fleet Card,Corporate Fleet
TXN-20254247,2025-05-30,Hascol Quetta Super Highway Station,Hascol,Quetta,Balochistan,Super (92 Ron),275.17,,,cash,Individual
TXN-20254248,2026-02-08,PSO Lahore Blue Area Station,PSO,Lahore,Punjab,CNG,210.46,44.79,9426.5,credit card,Individual
TXN-20254249,2026-03-17,Attock Petroleum Islamabad Industrial Area Pump,Attock Petroleum,Islamabad,Islamabad ICT,High Speed Diesel,299.12,134.27,40162.84,credit card,Government
TXN-20254250,03-Aug-26,Cnergyico Rawalpindi Multan Road Filling Point,Cnergyico,Rawalpindi,Punjab,CNG,218.62,104.29,22799.88,Debit Card,Corporate Fleet
TXN-20254251,2025-09-18,Shell Rawalpindi Mall Road Station,Shell,Rawalpindi,Punjab,CNG,217.26,137.56,29886.29,Credit Card,individual
TXN-20254252,2025-01-10,Attock Petroleum Rawalpindi Khyber Pass Pump,Attock Petroleum,Rawalpindi,Punjab,High Speed Diesel,283.1,94.96,26883.18,CASH,Individual
TXN-20254253,2025-12-31,Attock Petroleum Quetta Industrial Area Pump,Attock Petroleum,Quetta,Balochistan,High Speed Diesel,276.14,139.42,38499.44,Fleet Card,Government
TXN-20254254,2025-06-25,Attock Petroleum Multan Khyber Pass Pump,Attock Petroleum,Multan,Punjab,High Speed Diesel,303.78,108.44,32941.9,credit card,Corporate
TXN-20254255,2025-08-26,Shell Peshawar Karsaz Service Station,Shell,Peshawar,KPK,Super (92 Ron),287.37,44.1,12673.02,cash,Corporate Fleet
TXN-20254256,17-Sep-25,Total Parco Sialkot Shahrah-e-Faisal Point,Total Parco,Sialkot,Punjab,CNG,202.06,73.17,14784.73,Mobile Wallet,Government
TXN-20254257,2026-07-20,Shell Karachi Karsaz Service Station,Shell,Karachi,Sindh,Hi-Octane (97 Ron),313.04,112.62,35254.56,Fleet Card,Agriculture
TXN-20254258,2025-05-29,Total Parco Multan G-11 Markaz Station,Total Parco,Multan,Punjab,Super (92 Ron),264.46,34.16,9033.95,Mobile Wallet,Agriculture
TXN-20254259,2025-02-28,Total Parco Sialkot Thokar Niaz Baig Station,Total Parco,Sialkot,Punjab,Super (92 Ron),269.3,137.58,37050.29,Mobile Wallet,Government
TXN-20254260,2025-08-22,Total Parco Islamabad G-11 Markaz Station,Total Parco,Islamabad,Islamabad ICT,Hi-Octane (97 Ron),300.84,3829.99,1152214.19,Fleet Card,Individual
TXN-20254261,2026-04-10,Cnergyico Faisalabad Multan Road Filling Point,Cnergyico,Faisalabad,Punjab,Super (92 Ron),274.93,87.94,24177.34,Credit Card,individual
TXN-20254261,2026-04-10,Cnergyico Faisalabad Multan Road Filling Point,Cnergyico,Faisalabad,Punjab,Super (92 Ron),274.93,87.94,24177.34,Credit Card,individual
TXN-20254262,02/08/2026,Shell Islamabad Mall Road Station,Shell,Islamabad,Islamabad ICT,High Speed Diesel,273.0,13.01,3551.73,EasyPaisa,Corporate
TXN-20254263,2025-01-07,PSO Sialkot Cantt Filling Point,PSO,Sialkot,Punjab,High Speed Diesel,291.31,57.09,16630.89,Cash,Corporate
TXN-20254264,18/12/2025,Hascol Islamabad Ferozepur Road Pump,Hascol,Islamabad,Islamabad ICT,High Speed Diesel,297.62,80.26,23886.98,Cash,Government
TXN-20254265,26-Mar-25,Hascol Lahore Super Highway Station,Hascol,Lahore,Punjab,High Speed Diesel,274.11,82.81,22699.05,cash,Corporate Fleet
TXN-20254266,2025-07-12,Attock Petroleum Islamabad Khyber Pass Pump,Attock Petroleum,Islamabad,Islamabad ICT,CNG,219.0,126.53,27710.07,JazzCash,individual
TXN-20254267,28-May-25,Shell Faisalabad University Road Pump,Shell,Faisalabad,Punjab,Super (92 Ron),282.9,126.42,35764.22,cash,Government
TXN-20254268,2025-08-06,Cnergyico Rawalpindi Multan Road Filling Point,Cnergyico,Rawalpindi,Punjab,Hi-Octane (97 Ron),311.89,7.45,2323.58,credit card,
TXN-20254269,2025-04-26,PSO Lahore Clifton Service Station,PSO,Lahore,Punjab,CNG,207.4,17.06,,Debit Card,Individual
TXN-20254270,2026-01-21,Hascol Lahore Super Highway Station,Hascol,Lahore,Punjab,CNG,217.59,5.28,1148.88,credit card,Agriculture
TXN-20254271,20/03/2026,Hascol Quetta Super Highway Station,Hascol,Quetta,Balochistan,CNG,9999.0,43.09,430856.91,Debit Card,Corporate Fleet
TXN-20254272,2026-01-07,Attock Petroleum Islamabad Saddar Filling Station,Attock Petroleum,Islamabad,Islamabad ICT,Super (92 Ron),262.69,33.18,8716.05,,Corporate
TXN-20254273,2026-06-08,Shell Lahore F-7 Markaz Pump,Shell,Lahore,Punjab,Hi-Octane (97 Ron),328.54,139.69,45893.75,Fleet Card,Corporate
TXN-20254274,2025-03-03,Hascol Multan Hayatabad Filling Station,Hascol,Multan,Punjab,Super (92 Ron),-99.0,62.37,-6174.63,Credit Card,Government
TXN-20254275,2026-07-02,PSO Lahore Lytton Road Pump,PSO,Lahore,Punjab,High Speed Diesel,276.55,19.08,5276.57,cash,individual
TXN-20254276,2025-02-22,Total Parco Rawalpindi G-11 Markaz Station,Total Parco,Rawalpindi,Punjab,Super (92 Ron),287.37,37.26,10707.41,Cash,Individual
TXN-20254277,16/04/2025,Hascol Rawalpindi Hayatabad Filling Station,Hascol,Rawalpindi,Punjab,Super (92 Ron),,125.78,,EasyPaisa,individual
TXN-20254278,2026-01-16,PSO Faisalabad Defence Filling Point,PSO,Faisalabad,Punjab,CNG,215.26,130.45,,Cash,Corporate
TXN-20254279,2026-07-14,PSO Lahore Lytton Road Pump,PSO,Lahore,Punjab,Hi-Octane (97 Ron),321.27,77.85,25010.87,cash,Individual
TXN-20254280,03-Jun-25,Cnergyico Faisalabad Hub River Road Pump,Cnergyico,Faisalabad,Punjab,CNG,207.78,96.37,24028.51,CASH,Corporate Fleet
TXN-20254281,30-Jul-25,Shell Karachi University Road Pump,Shell,Karachi,Sindh,High Speed Diesel,273.26,138.29,37789.13,CASH,Agriculture
TXN-20254282,11-Jul-26,Total Parco Multan Thokar Niaz Baig Station,Total Parco,Multan,Punjab,Super (92 Ron),267.38,,,Mobile Wallet,individual
TXN-20254283,2025-11-07,Cnergyico Multan Murree Road Station,Cnergyico,Multan,Punjab,Hi-Octane (97 Ron),318.63,92.22,35260.87,Cash,Corporate Fleet
TXN-20254284,2025-10-25,Total Parco Islamabad G-11 Markaz Station,Total Parco,Islamabad,Islamabad ICT,High Speed Diesel,302.17,97.81,29555.25,Fleet Card,Agriculture
TXN-20254285,11/12/2025,Cnergyico Multan Hub River Road Pump,Cnergyico,Multan,Punjab,Hi-Octane (97 Ron),320.93,71.63,22988.22,JazzCash,Government
TXN-20254286,2025-03-07,Attock Petroleum Quetta Khyber Pass Pump,Attock Petroleum,Quetta,Balochistan,Hi-Octane (97 Ron),297.05,56.68,16836.79,JazzCash,Corporate
TXN-20254287,24/12/2025,PSO Quetta Defence Filling Point,PSO,Quetta,Balochistan,Super (92 Ron),274.38,20.04,5498.58,CASH,Individual
TXN-20254288,2025-10-25,Attock Petroleum Karachi Saddar Filling Station,Attock Petroleum,Karachi,Sindh,High Speed Diesel,271.41,98.07,,Fleet Card,Individual
TXN-20254289,2025-04-12,Total Parco Multan Thokar Niaz Baig Station,Total Parco,Multan,Punjab,Super (92 Ron),266.65,136.93,36512.38,Mobile Wallet,Corporate Fleet
TXN-20254290,2025-02-23,Cnergyico Rawalpindi Murree Road Station,Cnergyico,Rawalpindi,Punjab,Super (92 Ron),267.11,133.18,35573.71,,Government
TXN-20254291,2025-11-27,Total Parco Peshawar G-11 Markaz Station,Total Parco,Peshawar,KPK,CNG,9999.0,138.61,1385961.39,Mobile Wallet,Government
TXN-20254292,2025-05-13,Total Parco Quetta Jail Road Petrol Pump,Total Parco,Quetta,Balochistan,CNG,211.45,16.83,3558.7,cash,Agriculture
TXN-20254293,2025-09-02,Shell Lahore F-7 Markaz Pump,Shell,Lahore,Punjab,CNG,203.47,61.05,12421.84,JazzCash,Corporate Fleet
TXN-20254294,10-Nov-25,Total Parco Karachi Shahrah-e-Faisal Point,Total Parco,Karachi,Sindh,High Speed Diesel,274.69,10.78,2961.16,cash,Agriculture
TXN-20254295,2025-02-27,Shell Lahore F-7 Markaz Pump,Shell,Lahore,Punjab,Hi-Octane (97 Ron),317.76,55.22,17546.71,JazzCash,Corporate
TXN-20254296,2025-10-23,Total Parco Karachi Jail Road Petrol Pump,Total Parco,Karachi,Sindh,High Speed Diesel,270.42,11008.37,2976883.42,CASH,Agriculture
TXN-20254297,2025-09-29,Shell Sialkot Karsaz Service Station,Shell,Sialkot,Punjab,Hi-Octane (97 Ron),314.17,40.21,12632.78,credit card,Corporate
TXN-20254298,2026-02-01,PSO Quetta Blue Area Station,PSO,Quetta,Balochistan,Super (92 Ron),274.38,87.6,24035.69,JazzCash,individual
TXN-20254299,2025-09-06,Hascol Rawalpindi Ferozepur Road Pump,Hascol,Rawalpindi,Punjab,Super (92 Ron),284.31,79.51,22605.49,Debit Card,Agriculture
TXN-20254300,2026-07-11,Cnergyico Lahore Multan Road Filling Point,Cnergyico,Lahore,Punjab,High Speed Diesel,287.85,10546.69,3035864.72,cash,Agriculture
TXN-20254301,2026-04-11,Shell Faisalabad Mall Road Station,Shell,Faisalabad,Punjab,CNG,207.89,55.19,11473.45,Fleet Card,Individual
TXN-20254302,2026-01-11,Hascol Multan Ferozepur Road Pump,Hascol,Multan,Punjab,Hi-Octane (97 Ron),303.62,71.01,21560.06,cash,Government
TXN-20254303,2025-01-16,Attock Petroleum Quetta Khyber Pass Pump,Attock Petroleum,Quetta,Balochistan,High Speed Diesel,9999.0,120.37,1203579.63,Credit Card,Individual
TXN-20254304,2025-10-17,Cnergyico Quetta Murree Road Station,Cnergyico,Quetta,Balochistan,Hi-Octane (97 Ron),296.23,6.86,2032.14,cash,Agriculture
TXN-20254305,2025-05-04,Hascol Sialkot Super Highway Station,Hascol,Sialkot,Punjab,Super (92 Ron),267.96,102.13,27366.75,JazzCash,Corporate Fleet
TXN-20254306,18/02/2026,Hascol Peshawar Ferozepur Road Pump,Hascol,Peshawar,KPK,High Speed Diesel,286.1,0.0,0.0,Mobile Wallet,individual
TXN-20254307,17/12/2025,Attock Petroleum Sialkot Motorway Service Area,Attock Petroleum,Sialkot,Punjab,Hi-Octane (97 Ron),299.04,10.12,3026.28,JazzCash,Corporate
TXN-20254308,2026-01-17,PSO Lahore Lytton Road Pump,PSO,Lahore,Punjab,High Speed Diesel,297.28,146.84,43652.6,CASH,Government
TXN-20254309,2026-06-20,Total Parco Quetta Shahrah-e-Faisal Point,Total Parco,Quetta,Balochistan,High Speed Diesel,283.74,22.88,6491.97,cash,Government
TXN-20254310,31-Jan-26,Total Parco Karachi Jail Road Petrol Pump,Total Parco,Karachi,Sindh,High Speed Diesel,293.26,29.79,8736.22,cash,individual
TXN-20254311,2025-08-06,Hascol Islamabad Hayatabad Filling Station,Hascol,Islamabad,Islamabad ICT,Hi-Octane (97 Ron),324.83,6.39,2075.66,Debit Card,individual
TXN-20254312,2025-07-10,Total Parco Multan Jail Road Petrol Pump,Total Parco,Multan,Punjab,Super (92 Ron),261.26,115.13,30078.86,Fleet Card,Agriculture
TXN-20254313,2026-03-14,Cnergyico Quetta Multan Road Filling Point,Cnergyico,Quetta,Balochistan,CNG,202.56,133.56,27053.91,JazzCash,Government
TXN-20254314,2025-01-05,Total Parco Quetta Jail Road Petrol Pump,Total Parco,Quetta,Balochistan,Hi-Octane (97 Ron),318.63,77.74,24770.3,cash,Government
TXN-20254315,2025-11-17,Attock Petroleum Lahore Saddar Filling Station,Attock Petroleum,Lahore,Punjab,Super (92 Ron),271.37,95.78,25991.82,credit card,Agriculture
TXN-20254316,2026-06-19,Hascol Quetta Ferozepur Road Pump,Hascol,Quetta,Balochistan,Hi-Octane (97 Ron),322.04,43.39,13973.32,CASH,Government
TXN-20254317,2025-04-20,Cnergyico Islamabad Murree Road Station,Cnergyico,Islamabad,Islamabad ICT,Super (92 Ron),271.91,128.92,35054.64,cash,Government
TXN-20254318,2025-01-24,Shell Sialkot Gulberg Station,Shell,Sialkot,Punjab,High Speed Diesel,279.11,147.7,41224.55,credit card,individual
TXN-20254319,01-Feb-25,Total Parco Faisalabad Thokar Niaz Baig Station,Total Parco,Faisalabad,Punjab,CNG,211.47,88.34,18681.26,Fleet Card,Corporate Fleet
TXN-20254320,2025-08-30,PSO Sialkot Blue Area Station,PSO,Sialkot,Punjab,Super (92 Ron),281.61,103.74,29214.22,JazzCash,Corporate
TXN-20254321,2025-09-10,Total Parco Lahore G-11 Markaz Station,Total Parco,Lahore,Punjab,High Speed Diesel,301.14,28.58,8606.58,JazzCash,Corporate
TXN-20254322,2025-12-19,Shell Faisalabad F-7 Markaz Pump,Shell,Faisalabad,Punjab,Hi-Octane (97 Ron),304.35,100.66,30635.87,Credit Card,Corporate
TXN-20254323,2025-02-11,Cnergyico Multan Hub River Road Pump,Cnergyico,Multan,Punjab,Super (92 Ron),272.8,45.78,12488.78,Debit Card,Government
TXN-20254324,2025-03-20,Total Parco Lahore Jail Road Petrol Pump,Total Parco,Lahore,Punjab,Hi-Octane (97 Ron),313.52,57.5,18027.4,Credit Card,Individual
TXN-20254325,2026-08-27,Total Parco Peshawar G-11 Markaz Station,Total Parco,Peshawar,KPK,CNG,200.43,0.0,0.0,Debit Card,Corporate
TXN-20254326,27/07/2025,Total Parco Karachi G-11 Markaz Station,Total Parco,Karachi,Sindh,High Speed Diesel,304.15,25.79,7844.03,credit card,Corporate
TXN-20254327,2026-04-23,Total Parco Rawalpindi Jail Road Petrol Pump,Total Parco,Rawalpindi,Punjab,Hi-Octane (97 Ron),313.44,149.31,46799.73,Mobile Wallet,Agriculture
TXN-20254328,2025-07-07,Total Parco Quetta Jail Road Petrol Pump,Total Parco,Quetta,Balochistan,Super (92 Ron),288.83,68.97,19920.61,credit card,individual
TXN-20254329,2025-07-30,Total Parco Sialkot Thokar Niaz Baig Station,Total Parco,Sialkot,Punjab,High Speed Diesel,285.2,115.44,32923.49,Debit Card,Corporate Fleet
TXN-20254330,2025-12-28,Shell Faisalabad University Road Pump,Shell,Faisalabad,Punjab,Super (92 Ron),263.58,67.56,17807.46,cash,Agriculture
TXN-20254331,2026-02-14,Hascol Multan Super Highway Station,Hascol,Multan,Punjab,CNG,206.24,19.57,4036.12,JazzCash,Individual
TXN-20254332,2026-03-03,Cnergyico Karachi Multan Road Filling Point,Cnergyico,Karachi,Sindh,CNG,218.81,138.39,30281.12,Fleet Card,Individual
TXN-20254333,2025-01-20,Cnergyico Lahore Murree Road Station,Cnergyico,Lahore,Punjab,Hi-Octane (97 Ron),315.04,24.3,7655.47,cash,Government
TXN-20254334,2025-02-25,Shell Faisalabad University Road Pump,Shell,Faisalabad,Punjab,High Speed Diesel,274.14,43.3,11870.26,JazzCash,Corporate
TXN-20254335,2026-03-29,Cnergyico Faisalabad Multan Road Filling Point,Cnergyico,Faisalabad,Punjab,Super (92 Ron),282.01,37.73,10640.24,JazzCash,Corporate Fleet
TXN-20254336,2025-08-15,Total Parco Faisalabad Shahrah-e-Faisal Point,Total Parco,Faisalabad,Punjab,Hi-Octane (97 Ron),304.1,88.07,26782.09,JazzCash,Corporate Fleet
TXN-20254337,2025-11-27,Attock Petroleum Multan Saddar Filling Station,Attock Petroleum,Multan,Punjab,High Speed Diesel,279.43,92.55,25861.25,Credit Card,Government
TXN-20254338,03-Jun-25,Shell Multan Mall Road Station,Shell,Multan,Punjab,Hi-Octane (97 Ron),313.45,35.08,10995.83,Mobile Wallet,Corporate Fleet
TXN-20254339,2026-04-21,Attock Petroleum Multan Khyber Pass Pump,Attock Petroleum,Multan,Punjab,CNG,203.25,10331.49,2099875.34,cash,Government
TXN-20254340,2026-06-10,Total Parco Peshawar Jail Road Petrol Pump,Total Parco,Peshawar,KPK,Super (92 Ron),278.64,122.23,34058.17,Debit Card,individual
TXN-20254341,2026-01-10,Cnergyico Multan Hub River Road Pump,Cnergyico,Multan,Punjab,High Speed Diesel,279.39,41.41,11569.54,EasyPaisa,Agriculture
TXN-20254342,23-Sep-25,Attock Petroleum Karachi Saddar Filling Station,Attock Petroleum,Karachi,Sindh,High Speed Diesel,292.53,9947.55,2909956.8,Cash,Corporate Fleet
TXN-20254343,2025-12-20,Hascol Sialkot Super Highway Station,Hascol,Sialkot,Punjab,High Speed Diesel,295.73,64.46,19062.76,Mobile Wallet,Corporate Fleet
TXN-20254344,30/03/2025,Shell Quetta University Road Pump,Shell,Quetta,Balochistan,CNG,201.35,95.76,19281.28,Fleet Card,Individual
TXN-20254345,2026-05-14,Shell Multan University Road Pump,Shell,Multan,Punjab,CNG,209.34,99.88,20908.88,cash,Corporate
TXN-20254346,2025-01-18,Total Parco Islamabad Thokar Niaz Baig Station,Total Parco,Islamabad,Islamabad ICT,CNG,201.96,132.11,26680.94,Debit Card,Agriculture
TXN-20254347,2026-04-24,Hascol Karachi Ferozepur Road Pump,Hascol,Karachi,Sindh,CNG,216.81,26.06,5650.07,Cash,Agriculture
TXN-20254348,2025-01-04,PSO Karachi Blue Area Station,PSO,Karachi,Sindh,CNG,209.08,81.7,17081.84,JazzCash,Government
TXN-20254349,2025-12-29,Hascol Rawalpindi Super Highway Station,Hascol,Rawalpindi,Punjab,Super (92 Ron),268.91,67.7,18205.21,Debit Card,Government
TXN-20254350,2025-06-23,Cnergyico Quetta Hub River Road Pump,Cnergyico,Quetta,Balochistan,Super (92 Ron),287.81,87.42,25160.35,Cash,Government
TXN-20254351,2025-05-11,Attock Petroleum Peshawar Motorway Service Area,Attock Petroleum,Peshawar,KPK,Super (92 Ron),281.73,82.66,23287.8,cash,Corporate
TXN-20254352,2025-01-09,Total Parco Peshawar G-11 Markaz Station,Total Parco,Peshawar,KPK,Hi-Octane (97 Ron),299.92,12.82,3844.97,credit card,Individual
TXN-20254353,2026-02-04,PSO Karachi Defence Filling Point,PSO,Karachi,Sindh,CNG,212.48,119.23,25333.99,Mobile Wallet,individual
TXN-20254354,2026-04-01,Hascol Sialkot Hayatabad Filling Station,Hascol,Sialkot,Punjab,CNG,203.26,97.7,19858.5,Mobile Wallet,Corporate
TXN-20254355,09/02/2026,Cnergyico Sialkot Multan Road Filling Point,Cnergyico,Sialkot,Punjab,High Speed Diesel,300.92,73.77,22198.87,credit card,Corporate Fleet
TXN-20254356,2025-07-16,Shell Karachi University Road Pump,Shell,Karachi,Sindh,CNG,204.68,51.63,10567.63,Mobile Wallet,individual
TXN-20254357,2025-10-09,Total Parco Karachi Shahrah-e-Faisal Point,Total Parco,Karachi,Sindh,CNG,202.44,117.2,23725.97,Fleet Card,Corporate
TXN-20254358,2026-04-05,Attock Petroleum Rawalpindi Saddar Filling Station,Attock Petroleum,Rawalpindi,Punjab,High Speed Diesel,294.23,58.46,17200.69,cash,individual
TXN-20254359,22-Dec-25,Total Parco Rawalpindi Jail Road Petrol Pump,Total Parco,Rawalpindi,Punjab,CNG,212.57,6986.39,1485096.92,JazzCash,Corporate
TXN-20254360,2026-05-05,Attock Petroleum Peshawar Industrial Area Pump,Attock Petroleum,Peshawar,KPK,Hi-Octane (97 Ron),314.07,10844.29,3405866.16,CASH,Individual
TXN-20254361,2026-04-11,Hascol Sialkot Ferozepur Road Pump,Hascol,Sialkot,Punjab,High Speed Diesel,290.06,50.24,14572.61,credit card,Government
TXN-20254362,2025-02-19,PSO Islamabad Clifton Service Station,PSO,Islamabad,Islamabad ICT,CNG,210.41,60.22,12670.89,Debit Card,individual
TXN-20254363,2026-02-16,Shell Rawalpindi Mall Road Station,Shell,Rawalpindi,Punjab,Super (92 Ron),266.95,105.63,28197.93,Cash,Government
TXN-20254364,2026-02-02,Total Parco Peshawar Thokar Niaz Baig Station,Total Parco,Peshawar,KPK,High Speed Diesel,282.38,78.8,22251.54,credit card,individual
TXN-20254365,2026-06-26,PSO Quetta Defence Filling Point,PSO,Quetta,Balochistan,Hi-Octane (97 Ron),310.88,109.53,34050.69,CASH,Government
TXN-20254365,2026-06-26,PSO Quetta Defence Filling Point,PSO,Quetta,Balochistan,Hi-Octane (97 Ron),310.88,109.53,34050.69,CASH,Government
TXN-20254366,2026-04-29,Cnergyico Multan Murree Road Station,Cnergyico,Multan,Punjab,High Speed Diesel,286.24,40.61,11624.21,cash,individual
TXN-20254367,15-Aug-26,Total Parco Peshawar Thokar Niaz Baig Station,Total Parco,Peshawar,KPK,CNG,214.68,11464.46,2461190.27,EasyPaisa,Individual
TXN-20254368,08/01/2025,Hascol Sialkot Super Highway Station,Hascol,Sialkot,Punjab,Super (92 Ron),273.94,84.46,23136.97,Cash,Individual
TXN-20254369,27/05/2025,Attock Petroleum Faisalabad Motorway Service Area,Attock Petroleum,Faisalabad,Punjab,Hi-Octane (97 Ron),329.27,26.53,8735.53,cash,Corporate
TXN-20254370,2025-09-21,Total Parco Karachi Shahrah-e-Faisal Point,Total Parco,Karachi,Sindh,Hi-Octane (97 Ron),303.46,16.53,5016.19,Debit Card,Corporate
TXN-20254371,2026-08-21,PSO Islamabad Clifton Service Station,PSO,Islamabad,Islamabad ICT,Super (92 Ron),272.94,111.4,,JazzCash,Government
TXN-20254372,2025-02-27,PSO Lahore Blue Area Station,PSO,Lahore,Punjab,High Speed Diesel,304.75,77.77,23700.41,JazzCash,Government
TXN-20254373,2025-04-10,Hascol Peshawar Hayatabad Filling Station,Hascol,Peshawar,KPK,Super (92 Ron),,52.21,,EasyPaisa,Individual
TXN-20254374,2026-04-13,Cnergyico Faisalabad Hub River Road Pump,Cnergyico,Faisalabad,Punjab,Hi-Octane (97 Ron),326.85,23.83,7788.84,CASH,Corporate
TXN-20254375,2026-07-24,Hascol Faisalabad Super Highway Station,Hascol,Faisalabad,Punjab,High Speed Diesel,298.42,74.88,22345.69,cash,individual
TXN-20254376,2025-01-18,PSO Multan Defence Filling Point,PSO,Multan,Punjab,Super (92 Ron),288.37,11.15,3215.33,EasyPaisa,Corporate Fleet
TXN-20254377,2025-03-06,Shell Quetta Gulberg Station,Shell,Quetta,Balochistan,Hi-Octane (97 Ron),317.49,70.43,22360.82,cash,Corporate
TXN-20254378,2025-10-10,Cnergyico Sialkot Hub River Road Pump,Cnergyico,Sialkot,Punjab,CNG,219.21,7.34,1609.0,CASH,individual
TXN-20254379,2025-05-24,PSO Multan Blue Area Station,PSO,Multan,Punjab,Super (92 Ron),276.03,82.63,22808.36,CASH,Individual
TXN-20254380,2025-03-26,Cnergyico Multan Hub River Road Pump,Cnergyico,Multan,Punjab,Hi-Octane (97 Ron),319.02,10921.02,3484023.8,Fleet Card,Corporate Fleet
TXN-20254381,2025-05-10,Total Parco Rawalpindi Shahrah-e-Faisal Point,Total Parco,Rawalpindi,Punjab,CNG,211.49,7449.92,1575583.58,Fleet Card,Government
TXN-20254382,17-Jul-26,Total Parco Rawalpindi Thokar Niaz Baig Station,Total Parco,Rawalpindi,Punjab,Hi-Octane (97 Ron),318.3,129.02,41067.07,Debit Card,Individual
TXN-20254383,2025-01-15,Hascol Lahore Hayatabad Filling Station,Hascol,Lahore,Punjab,High Speed Diesel,277.04,44.14,12228.55,Mobile Wallet,Agriculture
TXN-20254384,15-Nov-25,Total Parco Islamabad G-11 Markaz Station,Total Parco,Islamabad,Islamabad ICT,High Speed Diesel,294.85,98.3,28983.76,JazzCash,Corporate
TXN-20254385,2026-03-16,Cnergyico Karachi Multan Road Filling Point,Cnergyico,Karachi,Sindh,Super (92 Ron),271.24,6190.54,1679122.07,Debit Card,individual
TXN-20254386,2025-10-08,PSO Peshawar Lytton Road Pump,PSO,Peshawar,KPK,Super (92 Ron),267.0,98.56,26315.52,CASH,individual
TXN-20254387,2025-07-04,Attock Petroleum Multan Khyber Pass Pump,Attock Petroleum,Multan,Punjab,Hi-Octane (97 Ron),323.67,43.19,13979.31,Credit Card,Government
TXN-20254388,21-Jul-25,PSO Faisalabad Cantt Filling Point,PSO,Faisalabad,Punjab,CNG,203.14,126.34,25664.71,cash,Corporate Fleet
TXN-20254389,2025-11-08,Attock Petroleum Lahore Motorway Service Area,Attock Petroleum,Lahore,Punjab,CNG,205.74,48.28,9933.13,Mobile Wallet,Government
TXN-20254390,2025-11-02,Total Parco Peshawar G-11 Markaz Station,Total Parco,Peshawar,KPK,CNG,217.14,101.39,22015.82,Credit Card,Corporate Fleet
TXN-20254391,2026-01-15,Attock Petroleum Peshawar Motorway Service Area,Attock Petroleum,Peshawar,KPK,Super (92 Ron),267.59,14.43,3861.32,CASH,individual
TXN-20254392,2026-08-26,Shell Rawalpindi Mall Road Station,Shell,Rawalpindi,Punjab,Super (92 Ron),286.08,142.74,40835.06,CASH,Government
TXN-20254393,2025-03-09,Hascol Rawalpindi Hayatabad Filling Station,Hascol,Rawalpindi,Punjab,High Speed Diesel,280.15,73.75,20661.06,Cash,Corporate
TXN-20254394,18-Aug-25,Total Parco Faisalabad G-11 Markaz Station,Total Parco,Faisalabad,Punjab,Super (92 Ron),267.74,84.66,22666.87,CASH,Government
TXN-20254395,2026-01-20,Attock Petroleum Rawalpindi Motorway Service Area,Attock Petroleum,Rawalpindi,Punjab,High Speed Diesel,298.69,57.33,17123.9,Fleet Card,individual
TXN-20254396,19-Aug-26,Attock Petroleum Quetta Industrial Area Pump,Attock Petroleum,Quetta,Balochistan,Super (92 Ron),273.39,118.79,32476.0,Cash,individual
TXN-20254397,2025-08-28,Hascol Rawalpindi Super Highway Station,Hascol,Rawalpindi,Punjab,CNG,216.83,11506.8,2495019.44,EasyPaisa,individual
TXN-20254398,2025-06-26,Shell Quetta F-7 Markaz Pump,Shell,Quetta,Balochistan,Super (92 Ron),277.87,129.64,36023.07,credit card,Corporate
TXN-20254399,2025-11-21,PSO Sialkot Cantt Filling Point,PSO,Sialkot,Punjab,Hi-Octane (97 Ron),324.09,13.95,4521.06,credit card,Agriculture
TXN-20254400,2025-03-14,Total Parco Karachi Shahrah-e-Faisal Point,Total Parco,Karachi,Sindh,Super (92 Ron),272.58,,,Debit Card,Government
TXN-20254401,2025-10-10,Shell Karachi Karsaz Service Station,Shell,Karachi,Sindh,High Speed Diesel,296.28,4463.89,1322561.33,Cash,Individual
TXN-20254402,2026-02-24,Hascol Islamabad Super Highway Station,Hascol,Islamabad,Islamabad ICT,CNG,216.83,134.95,29261.21,credit card,individual
TXN-20254403,2025-03-27,Hascol Sialkot Ferozepur Road Pump,Hascol,Sialkot,Punjab,CNG,209.09,135.24,28277.33,EasyPaisa,Agriculture
TXN-20254404,2025-04-02,Total Parco Karachi G-11 Markaz Station,Total Parco,Karachi,Sindh,High Speed Diesel,276.81,57.07,,Credit Card,Corporate Fleet
TXN-20254405,2025-08-21,Cnergyico Sialkot Murree Road Station,Cnergyico,Sialkot,Punjab,CNG,215.72,46.6,10052.55,cash,Corporate
TXN-20254406,2025-07-07,Total Parco Quetta Thokar Niaz Baig Station,Total Parco,Quetta,Balochistan,Super (92 Ron),271.63,81.96,22262.79,Debit Card,Agriculture
TXN-20254407,2026-02-23,PSO Quetta Cantt Filling Point,PSO,Quetta,Balochistan,High Speed Diesel,299.06,61.55,18407.14,JazzCash,Individual
TXN-20254408,2026-02-18,Attock Petroleum Quetta Khyber Pass Pump,Attock Petroleum,Quetta,Balochistan,CNG,215.08,67.74,14569.52,Mobile Wallet,Government
TXN-20254409,09/01/2025,Shell Multan Gulberg Station,Shell,Multan,Punjab,High Speed Diesel,281.74,33.3,9381.94,Fleet Card,Agriculture
TXN-20254410,29/01/2025,Total Parco Lahore Thokar Niaz Baig Station,Total Parco,Lahore,Punjab,Hi-Octane (97 Ron),297.9,139.16,41455.76,Mobile Wallet,Corporate Fleet
TXN-20254411,2025-11-04,Attock Petroleum Lahore Industrial Area Pump,Attock Petroleum,Lahore,Punjab,High Speed Diesel,275.71,100.47,27700.58,credit card,Individual
TXN-20254412,2026-04-15,PSO Rawalpindi Clifton Service Station,PSO,Rawalpindi,Punjab,CNG,,116.73,,cash,Corporate Fleet
TXN-20254413,2025-04-21,Shell Faisalabad Karsaz Service Station,Shell,Faisalabad,Punjab,High Speed Diesel,282.74,131.82,37270.79,Cash,individual
TXN-20254414,2025-12-19,Total Parco Karachi Jail Road Petrol Pump,Total Parco,Karachi,Sindh,High Speed Diesel,301.95,128.61,38833.79,Cash,Agriculture
TXN-20254415,2026-07-05,PSO Quetta Clifton Service Station,PSO,Quetta,Balochistan,High Speed Diesel,271.27,139.3,37787.91,Mobile Wallet,Agriculture
TXN-20254416,05-Nov-25,Cnergyico Karachi Multan Road Filling Point,Cnergyico,Karachi,Sindh,High Speed Diesel,285.7,7055.86,2015859.2,Mobile Wallet,Corporate Fleet
TXN-20254417,06/10/2025,Total Parco Peshawar Shahrah-e-Faisal Point,Total Parco,Peshawar,KPK,Hi-Octane (97 Ron),317.06,2450.44,776936.51,Fleet Card,Individual
TXN-20254418,2026-05-16,Attock Petroleum Lahore Khyber Pass Pump,Attock Petroleum,Lahore,Punjab,High Speed Diesel,294.33,135.45,39867.0,JazzCash,Individual
TXN-20254419,2026-04-07,PSO Rawalpindi Cantt Filling Point,PSO,Rawalpindi,Punjab,High Speed Diesel,303.99,110.61,33624.33,Cash,Agriculture
TXN-20254420,2025-04-28,PSO Sialkot Lytton Road Pump,PSO,Sialkot,Punjab,Hi-Octane (97 Ron),307.69,2081.8,640549.04,Cash,Corporate Fleet
TXN-20254421,2026-01-23,Attock Petroleum Lahore Industrial Area Pump,Attock Petroleum,Lahore,Punjab,Hi-Octane (97 Ron),9999.0,25.95,259474.05,Cash,Individual
TXN-20254422,2025-04-16,PSO Karachi Clifton Service Station,PSO,Karachi,Sindh,High Speed Diesel,281.66,45.96,12945.09,,Government
TXN-20254423,2025-06-08,Hascol Quetta Ferozepur Road Pump,Hascol,Quetta,Balochistan,High Speed Diesel,291.86,100.11,29218.1,CASH,Corporate
TXN-20254424,2025-08-15,Cnergyico Karachi Multan Road Filling Point,Cnergyico,Karachi,Sindh,CNG,203.3,31.17,6336.86,Credit Card,individual
TXN-20254425,2025-12-25,Hascol Lahore Super Highway Station,Hascol,Lahore,Punjab,Super (92 Ron),267.95,26.8,7181.06,,Agriculture
TXN-20254426,2025-11-21,Cnergyico Quetta Multan Road Filling Point,Cnergyico,Quetta,Balochistan,Super (92 Ron),271.81,103.1,28023.61,credit card,Agriculture
TXN-20254427,2025-03-23,Hascol Islamabad Hayatabad Filling Station,Hascol,Islamabad,Islamabad ICT,CNG,-99.0,82.08,-8125.92,CASH,Individual
TXN-20254428,15-Mar-25,PSO Faisalabad Lytton Road Pump,PSO,Faisalabad,Punjab,CNG,210.17,91.24,19175.91,CASH,Government
TXN-20254429,13-Oct-25,PSO Peshawar Cantt Filling Point,PSO,Peshawar,KPK,High Speed Diesel,299.67,133.38,39969.98,EasyPaisa,Individual
TXN-20254430,2026-04-16,Hascol Rawalpindi Hayatabad Filling Station,Hascol,Rawalpindi,Punjab,High Speed Diesel,301.8,4479.76,1351991.57,Cash,Individual
TXN-20254431,2026-01-26,PSO Peshawar Defence Filling Point,PSO,Peshawar,KPK,Hi-Octane (97 Ron),295.62,133.41,39438.66,credit card,individual
TXN-20254432,2026-01-05,Hascol Multan Hayatabad Filling Station,Hascol,Multan,Punjab,Hi-Octane (97 Ron),327.22,48.49,,Debit Card,individual
TXN-20254433,2025-03-27,Attock Petroleum Rawalpindi Khyber Pass Pump,Attock Petroleum,Rawalpindi,Punjab,Super (92 Ron),284.39,149.15,42416.77,Fleet Card,Government
TXN-20254434,2025-04-27,Total Parco Rawalpindi G-11 Markaz Station,Total Parco,Rawalpindi,Punjab,CNG,208.14,118.4,24643.78,EasyPaisa,individual
TXN-20254435,2026-02-03,Cnergyico Quetta Murree Road Station,Cnergyico,Quetta,Balochistan,High Speed Diesel,300.03,124.66,37401.74,cash,Agriculture
TXN-20254436,2025-12-30,Attock Petroleum Quetta Saddar Filling Station,Attock Petroleum,Quetta,Balochistan,Super (92 Ron),266.78,25.72,6861.58,cash,Individual
TXN-20254437,2025-07-25,Hascol Sialkot Ferozepur Road Pump,Hascol,Sialkot,Punjab,Super (92 Ron),264.92,0.0,,CASH,Government
TXN-20254438,2025-03-15,PSO Multan Defence Filling Point,PSO,Multan,Punjab,CNG,204.65,45.23,9256.32,JazzCash,Corporate Fleet
TXN-20254439,2025-10-16,Cnergyico Peshawar Murree Road Station,Cnergyico,Peshawar,KPK,High Speed Diesel,274.38,113.63,31177.8,Fleet Card,Individual
TXN-20254440,2025-05-30,Attock Petroleum Rawalpindi Motorway Service Area,Attock Petroleum,Rawalpindi,Punjab,CNG,212.09,38.32,8127.29,Credit Card,Corporate
TXN-20254441,2025-04-02,Hascol Karachi Hayatabad Filling Station,Hascol,Karachi,Sindh,Super (92 Ron),275.69,132.24,36457.25,Fleet Card,Individual
TXN-20254442,2026-08-30,PSO Karachi Cantt Filling Point,PSO,Karachi,Sindh,Hi-Octane (97 Ron),299.48,125.62,37620.68,Cash,individual
TXN-20254443,2025-08-28,Cnergyico Islamabad Hub River Road Pump,Cnergyico,Islamabad,Islamabad ICT,Hi-Octane (97 Ron),301.2,28.42,,Credit Card,individual
TXN-20254444,2025-11-18,Total Parco Lahore Thokar Niaz Baig Station,Total Parco,Lahore,Punjab,Super (92 Ron),288.48,59.85,,Mobile Wallet,Agriculture
TXN-20254444,2025-11-18,Total Parco Lahore Thokar Niaz Baig Station,Total Parco,Lahore,Punjab,Super (92 Ron),288.48,59.85,,Mobile Wallet,Agriculture
TXN-20254445,2026-01-31,Attock Petroleum Quetta Saddar Filling Station,Attock Petroleum,Quetta,Balochistan,High Speed Diesel,-99.0,41.74,-4132.26,Fleet Card,Corporate Fleet
TXN-20254446,2025-04-06,Hascol Lahore Super Highway Station,Hascol,Lahore,Punjab,Super (92 Ron),266.11,144.99,38583.29,Credit Card,Corporate Fleet
TXN-20254447,25-Sep-25,PSO Sialkot Lytton Road Pump,PSO,Sialkot,Punjab,Super (92 Ron),282.32,124.43,35129.08,EasyPaisa,Corporate Fleet
TXN-20254448,2025-01-24,Cnergyico Faisalabad Multan Road Filling Point,Cnergyico,Faisalabad,Punjab,CNG,211.21,57.18,12076.99,CASH,Corporate Fleet
TXN-20254449,2026-03-21,Total Parco Peshawar Jail Road Petrol Pump,Total Parco,Peshawar,KPK,Hi-Octane (97 Ron),324.13,44.59,14452.96,credit card,Corporate
TXN-20254450,2025-05-24,Shell Quetta Karsaz Service Station,Shell,Quetta,Balochistan,High Speed Diesel,302.8,118.01,,Credit Card,Agriculture
TXN-20254451,2026-04-27,Total Parco Quetta Jail Road Petrol Pump,Total Parco,Quetta,Balochistan,High Speed Diesel,281.81,81.55,22981.61,CASH,Individual
TXN-20254452,2025-04-21,Total Parco Karachi Jail Road Petrol Pump,Total Parco,Karachi,Sindh,High Speed Diesel,-99.0,85.08,-8422.92,credit card,individual
TXN-20254453,2025-10-02,Cnergyico Quetta Multan Road Filling Point,Cnergyico,Quetta,Balochistan,CNG,214.1,92.41,19784.98,Debit Card,Corporate Fleet
TXN-20254454,2025-07-18,Shell Quetta Karsaz Service Station,Shell,Quetta,Balochistan,High Speed Diesel,281.84,144.11,40615.96,CASH,Corporate
TXN-20254455,2025-05-19,PSO Quetta Lytton Road Pump,PSO,Quetta,Balochistan,Hi-Octane (97 Ron),307.33,58.6,18009.54,cash,Agriculture
TXN-20254456,07-Aug-25,Cnergyico Karachi Hub River Road Pump,Cnergyico,Karachi,Sindh,Super (92 Ron),288.3,111.87,32252.12,cash,Corporate Fleet
TXN-20254457,2025-11-16,Attock Petroleum Multan Industrial Area Pump,Attock Petroleum,Multan,Punjab,Super (92 Ron),281.27,95.96,26990.67,Debit Card,Corporate Fleet
TXN-20254458,2025-06-26,PSO Quetta Blue Area Station,PSO,Quetta,Balochistan,High Speed Diesel,298.16,73.82,22010.17,Cash,Corporate
TXN-20254459,2025-08-19,Hascol Lahore Super Highway Station,Hascol,Lahore,Punjab,Hi-Octane (97 Ron),304.51,8378.38,2551300.49,Debit Card,Agriculture
TXN-20254460,16/06/2025,Attock Petroleum Multan Saddar Filling Station,Attock Petroleum,Multan,Punjab,Hi-Octane (97 Ron),325.34,18.25,5937.45,credit card,Corporate
TXN-20254461,2026-02-24,Hascol Sialkot Super Highway Station,Hascol,Sialkot,Punjab,Super (92 Ron),276.82,38.14,10557.91,Debit Card,Individual
TXN-20254462,2026-01-12,PSO Peshawar Lytton Road Pump,PSO,Peshawar,KPK,Super (92 Ron),274.67,40.98,11255.98,cash,Corporate Fleet
TXN-20254463,2026-05-07,Total Parco Islamabad Thokar Niaz Baig Station,Total Parco,Islamabad,Islamabad ICT,High Speed Diesel,271.8,66.28,18014.9,EasyPaisa,Government
TXN-20254464,13-Jan-25,Attock Petroleum Karachi Saddar Filling Station,Attock Petroleum,Karachi,Sindh,Super (92 Ron),269.57,141.87,38243.9,Cash,individual
TXN-20254465,2026-06-01,Cnergyico Rawalpindi Hub River Road Pump,Cnergyico,Rawalpindi,Punjab,CNG,210.64,148.54,31288.47,JazzCash,Corporate
TXN-20254466,2026-07-01,PSO Faisalabad Cantt Filling Point,PSO,Faisalabad,Punjab,High Speed Diesel,275.57,86.41,23812.0,Debit Card,Corporate Fleet
TXN-20254467,2025-08-08,Cnergyico Quetta Hub River Road Pump,Cnergyico,Quetta,Balochistan,Hi-Octane (97 Ron),296.89,5.92,1757.59,EasyPaisa,Corporate Fleet
TXN-20254468,2025-02-17,Attock Petroleum Islamabad Khyber Pass Pump,Attock Petroleum,Islamabad,Islamabad ICT,CNG,9999.0,115.56,1155484.44,Debit Card,Corporate Fleet
TXN-20254469,2025-01-27,PSO Islamabad Cantt Filling Point,PSO,Islamabad,Islamabad ICT,Hi-Octane (97 Ron),305.67,69.46,21231.84,credit card,individual
TXN-20254470,2025-11-19,Attock Petroleum Karachi Industrial Area Pump,Attock Petroleum,Karachi,Sindh,Hi-Octane (97 Ron),297.92,128.28,38217.18,EasyPaisa,individual
TXN-20254471,05-Feb-25,Cnergyico Islamabad Multan Road Filling Point,Cnergyico,Islamabad,Islamabad ICT,High Speed Diesel,284.97,10.12,2883.9,JazzCash,Agriculture
TXN-20254472,2025-02-04,Attock Petroleum Karachi Khyber Pass Pump,Attock Petroleum,Karachi,Sindh,Super (92 Ron),273.73,,,CASH,Corporate
TXN-20254473,2025-08-24,Attock Petroleum Quetta Khyber Pass Pump,Attock Petroleum,Quetta,Balochistan,Hi-Octane (97 Ron),319.75,10.38,3319.01,EasyPaisa,Individual
TXN-20254474,2025-11-24,Cnergyico Faisalabad Multan Road Filling Point,Cnergyico,Faisalabad,Punjab,High Speed Diesel,274.02,55.07,15090.28,credit card,Agriculture
TXN-20254475,2025-02-25,Attock Petroleum Quetta Industrial Area Pump,Attock Petroleum,Quetta,Balochistan,Super (92 Ron),278.16,66.19,18411.41,JazzCash,Government
TXN-20254476,2025-11-13,Cnergyico Lahore Hub River Road Pump,Cnergyico,Lahore,Punjab,High Speed Diesel,302.52,108.68,,Fleet Card,Government
TXN-20254477,2025-12-01,PSO Multan Defence Filling Point,PSO,Multan,Punjab,Hi-Octane (97 Ron),326.04,93.95,30631.46,Credit Card,Agriculture
TXN-20254478,28/03/2025,Attock Petroleum Faisalabad Saddar Filling Station,Attock Petroleum,Faisalabad,Punjab,Super (92 Ron),282.25,11.29,3186.6,credit card,
TXN-20254479,2025-01-02,Cnergyico Faisalabad Hub River Road Pump,Cnergyico,Faisalabad,Punjab,High Speed Diesel,301.65,11507.0,3471086.55,Debit Card,Agriculture
TXN-20254480,18-May-26,PSO Quetta GT Road Service,PSO,Quetta,Balochistan,Super (92 Ron),286.7,24.42,7001.21,EasyPaisa,Individual
TXN-20254481,2025-10-24,Shell Lahore Karsaz Service Station,Shell,Lahore,Punjab,Super (92 Ron),265.23,104.25,27650.23,Credit Card,individual
TXN-20254482,2025-06-17,PSO Lahore Defence Filling Point,PSO,Lahore,Punjab,CNG,217.41,18.8,4087.31,CASH,Corporate
TXN-20254483,2025-06-21,PSO Multan Defence Filling Point,PSO,Multan,Punjab,High Speed Diesel,290.63,144.29,41935.0,EasyPaisa,Corporate
TXN-20254484,2026-07-30,Attock Petroleum Karachi Industrial Area Pump,Attock Petroleum,Karachi,Sindh,CNG,202.63,115.98,,EasyPaisa,Individual
TXN-20254485,2025-10-12,Shell Karachi Gulberg Station,Shell,Karachi,Sindh,Hi-Octane (97 Ron),298.7,109.46,32695.7,Credit Card,Agriculture
TXN-20254486,2025-12-20,Attock Petroleum Quetta Khyber Pass Pump,Attock Petroleum,Quetta,Balochistan,Super (92 Ron),276.83,0.0,0.0,Cash,Corporate
TXN-20254487,2026-01-30,Hascol Islamabad Super Highway Station,Hascol,Islamabad,Islamabad ICT,CNG,207.17,5154.57,1067872.27,cash,individual
TXN-20254488,2025-10-19,Attock Petroleum Sialkot Motorway Service Area,Attock Petroleum,Sialkot,Punjab,Hi-Octane (97 Ron),303.08,40.48,12268.68,Credit Card,individual
TXN-20254489,2025-10-20,Hascol Lahore Hayatabad Filling Station,Hascol,Lahore,Punjab,High Speed Diesel,294.59,38.3,11282.8,cash,Agriculture
TXN-20254490,2025-09-26,PSO Islamabad Cantt Filling Point,PSO,Islamabad,Islamabad ICT,Super (92 Ron),273.69,35.97,9844.63,Fleet Card,Corporate Fleet
TXN-20254491,2025-01-25,PSO Multan Defence Filling Point,PSO,Multan,Punjab,Super (92 Ron),268.92,104.41,28077.94,JazzCash,Corporate
TXN-20254492,2026-01-07,Total Parco Quetta Shahrah-e-Faisal Point,Total Parco,Quetta,Balochistan,High Speed Diesel,275.27,129.86,35746.56,JazzCash,Agriculture
TXN-20254493,2025-04-04,Total Parco Rawalpindi Shahrah-e-Faisal Point,Total Parco,Rawalpindi,Punjab,Hi-Octane (97 Ron),323.03,5868.2,1895604.65,JazzCash,Corporate Fleet
TXN-20254494,2025-08-06,Hascol Quetta Hayatabad Filling Station,Hascol,Quetta,Balochistan,Hi-Octane (97 Ron),306.98,98.49,30234.46,Fleet Card,Corporate
TXN-20254495,2026-07-23,Attock Petroleum Sialkot Industrial Area Pump,Attock Petroleum,Sialkot,Punjab,Hi-Octane (97 Ron),300.44,54.11,16256.81,Mobile Wallet,Government
TXN-20254496,2025-09-25,PSO Rawalpindi Lytton Road Pump,PSO,Rawalpindi,Punjab,Hi-Octane (97 Ron),9999.0,7347.45,73467152.55,Cash,Agriculture
TXN-20254497,2026-07-02,Attock Petroleum Rawalpindi Saddar Filling Station,Attock Petroleum,Rawalpindi,Punjab,Super (92 Ron),281.44,69.93,19681.1,EasyPaisa,Individual
TXN-20254498,2026-07-11,Total Parco Karachi Jail Road Petrol Pump,Total Parco,Karachi,Sindh,Hi-Octane (97 Ron),308.18,5143.71,1585188.55,Debit Card,individual
TXN-20254499,2026-01-19,Hascol Karachi Hayatabad Filling Station,Hascol,Karachi,Sindh,Hi-Octane (97 Ron),301.3,34.63,10434.02,Debit Card,Corporate
TXN-20254500,2025-09-03,Cnergyico Sialkot Multan Road Filling Point,Cnergyico,Sialkot,Punjab,Super (92 Ron),264.2,24.78,6546.88,Debit Card,Agriculture
TXN-20254501,18/03/2026,Hascol Multan Super Highway Station,Hascol,Multan,Punjab,Super (92 Ron),261.98,,,Cash,individual
TXN-20254502,2025-10-31,Hascol Sialkot Super Highway Station,Hascol,Sialkot,Punjab,Super (92 Ron),287.7,140.56,40439.11,JazzCash,Corporate
TXN-20254503,2026-04-14,Shell Faisalabad Karsaz Service Station,Shell,Faisalabad,Punjab,High Speed Diesel,283.07,95.65,27075.65,Debit Card,Government
TXN-20254504,2026-07-27,Attock Petroleum Quetta Saddar Filling Station,Attock Petroleum,Quetta,Balochistan,CNG,207.16,56.97,11801.91,CASH,Agriculture
TXN-20254505,2025-04-11,Shell Multan Mall Road Station,Shell,Multan,Punjab,High Speed Diesel,281.47,89.38,25157.79,cash,Individual
TXN-20254506,2026-06-05,PSO Rawalpindi Cantt Filling Point,PSO,Rawalpindi,Punjab,CNG,204.08,9874.02,2015090.0,EasyPaisa,Corporate Fleet
TXN-20254507,2026-04-26,PSO Sialkot Blue Area Station,PSO,Sialkot,Punjab,Hi-Octane (97 Ron),297.75,127.16,37861.89,Credit Card,Individual
TXN-20254508,2025-12-05,Hascol Quetta Hayatabad Filling Station,Hascol,Quetta,Balochistan,Super (92 Ron),265.77,8598.89,2285327.0,Credit Card,individual
TXN-20254509,2025-08-24,Attock Petroleum Lahore Industrial Area Pump,Attock Petroleum,Lahore,Punjab,High Speed Diesel,299.38,87.8,26285.56,,Government
TXN-20254510,2026-07-01,PSO Multan Clifton Service Station,PSO,Multan,Punjab,Hi-Octane (97 Ron),327.09,81.87,26778.86,CASH,Corporate
TXN-20254511,2025-08-07,PSO Islamabad GT Road Service,PSO,Islamabad,Islamabad ICT,High Speed Diesel,287.78,54.09,15566.02,credit card,Government
TXN-20254512,2025-07-26,Total Parco Multan Thokar Niaz Baig Station,Total Parco,Multan,Punjab,High Speed Diesel,-99.0,75.98,-7522.02,cash,Individual
TXN-20254513,2026-07-13,Attock Petroleum Peshawar Saddar Filling Station,Attock Petroleum,Peshawar,KPK,CNG,212.11,90.16,19123.84,JazzCash,individual
TXN-20254514,2026-03-22,Attock Petroleum Faisalabad Khyber Pass Pump,Attock Petroleum,Faisalabad,Punjab,Super (92 Ron),284.31,25.24,7175.98,Cash,Agriculture
TXN-20254515,28-Jan-26,Attock Petroleum Lahore Industrial Area Pump,Attock Petroleum,Lahore,Punjab,Hi-Octane (97 Ron),317.15,121.61,38568.61,Cash,individual
TXN-20254516,2025-06-27,Shell Peshawar Mall Road Station,Shell,Peshawar,KPK,CNG,206.56,7414.87,1531615.55,Credit Card,Individual
TXN-20254517,2026-04-02,Shell Rawalpindi Gulberg Station,Shell,Rawalpindi,Punjab,Hi-Octane (97 Ron),310.87,5902.41,1834882.2,cash,
TXN-20254518,09/11/2025,Hascol Multan Hayatabad Filling Station,Hascol,Multan,Punjab,Hi-Octane (97 Ron),310.88,32.26,10028.99,credit card,Corporate Fleet
TXN-20254519,2026-01-09,Hascol Lahore Hayatabad Filling Station,Hascol,Lahore,Punjab,High Speed Diesel,293.02,20.45,5992.26,Fleet Card,Individual
TXN-20254520,2025-03-01,Hascol Quetta Hayatabad Filling Station,Hascol,Quetta,Balochistan,High Speed Diesel,287.0,130.09,37335.83,Debit Card,Corporate
TXN-20254521,2025-11-15,Attock Petroleum Sialkot Khyber Pass Pump,Attock Petroleum,Sialkot,Punjab,CNG,213.75,19.53,4174.54,Credit Card,Government
TXN-20254522,2025-11-02,Attock Petroleum Multan Industrial Area Pump,Attock Petroleum,Multan,Punjab,High Speed Diesel,-99.0,68.94,-6825.06,Debit Card,Government
TXN-20254523,2025-08-25,Hascol Rawalpindi Hayatabad Filling Station,Hascol,Rawalpindi,Punjab,CNG,211.6,8070.73,,cash,Corporate Fleet
TXN-20254524,06-May-25,Hascol Multan Super Highway Station,Hascol,Multan,Punjab,Hi-Octane (97 Ron),310.46,77.41,24032.71,cash,Agriculture
TXN-20254525,2025-06-27,Attock Petroleum Islamabad Motorway Service Area,Attock Petroleum,Islamabad,Islamabad ICT,CNG,218.5,66.02,14425.37,Fleet Card,individual
TXN-20254526,2025-08-29,Shell Karachi Gulberg Station,Shell,Karachi,Sindh,Hi-Octane (97 Ron),326.97,130.46,42656.51,Credit Card,Corporate Fleet
TXN-20254527,2026-08-06,Hascol Faisalabad Hayatabad Filling Station,Hascol,Faisalabad,Punjab,Super (92 Ron),277.04,133.05,36860.17,EasyPaisa,Government
TXN-20254528,2025-08-11,Shell Lahore Mall Road Station,Shell,Lahore,Punjab,High Speed Diesel,285.19,19.28,5498.46,CASH,Corporate Fleet
TXN-20254529,2026-07-18,Total Parco Quetta Jail Road Petrol Pump,Total Parco,Quetta,Balochistan,Hi-Octane (97 Ron),322.78,31.93,10306.37,Fleet Card,Corporate
TXN-20254530,2025-03-28,Attock Petroleum Peshawar Industrial Area Pump,Attock Petroleum,Peshawar,KPK,Hi-Octane (97 Ron),328.4,84.46,27736.66,JazzCash,Individual
TXN-20254531,06-May-26,Hascol Quetta Super Highway Station,Hascol,Quetta,Balochistan,High Speed Diesel,298.42,138.13,41220.75,Cash,individual
TXN-20254532,23-Mar-26,Attock Petroleum Karachi Industrial Area Pump,Attock Petroleum,Karachi,Sindh,Hi-Octane (97 Ron),297.45,5.29,1573.51,Fleet Card,Government
TXN-20254533,2025-05-14,Shell Faisalabad F-7 Markaz Pump,Shell,Faisalabad,Punjab,CNG,208.61,85.99,,Credit Card,Corporate
TXN-20254534,2025-02-08,Shell Sialkot University Road Pump,Shell,Sialkot,Punjab,High Speed Diesel,274.14,81.31,22290.32,Fleet Card,individual
TXN-20254535,2026-01-16,PSO Sialkot Lytton Road Pump,PSO,Sialkot,Punjab,Super (92 Ron),260.78,38.87,10136.52,Mobile Wallet,Agriculture
TXN-20254536,2026-01-03,Cnergyico Peshawar Multan Road Filling Point,Cnergyico,Peshawar,KPK,CNG,215.05,35.03,7533.2,Debit Card,Individual
TXN-20254537,2025-06-07,Shell Quetta Karsaz Service Station,Shell,Quetta,Balochistan,Super (92 Ron),273.81,111.26,30464.1,Mobile Wallet,individual
TXN-20254538,2026-05-06,Shell Faisalabad F-7 Markaz Pump,Shell,Faisalabad,Punjab,CNG,212.11,61.28,12998.1,credit card,Agriculture
TXN-20254539,2025-05-12,Shell Lahore University Road Pump,Shell,Lahore,Punjab,High Speed Diesel,302.01,123.45,37283.13,Fleet Card,Agriculture
TXN-20254540,2026-03-12,Hascol Sialkot Ferozepur Road Pump,Hascol,Sialkot,Punjab,CNG,204.63,47.06,9629.89,Mobile Wallet,Government
TXN-20254541,2025-09-22,Total Parco Multan Jail Road Petrol Pump,Total Parco,Multan,Punjab,Hi-Octane (97 Ron),329.03,131.62,43306.93,Fleet Card,Corporate Fleet
TXN-20254542,11-Jul-26,Cnergyico Lahore Murree Road Station,Cnergyico,Lahore,Punjab,Super (92 Ron),287.48,8943.31,2571022.76,Fleet Card,Corporate
TXN-20254543,27-Nov-25,PSO Faisalabad Cantt Filling Point,PSO,Faisalabad,Punjab,High Speed Diesel,277.23,112.27,31124.61,Debit Card,Government
TXN-20254544,2026-01-05,PSO Islamabad Lytton Road Pump,PSO,Islamabad,Islamabad ICT,Super (92 Ron),262.36,13.01,3413.3,Mobile Wallet,Individual
TXN-20254545,2025-08-02,Hascol Karachi Ferozepur Road Pump,Hascol,Karachi,Sindh,High Speed Diesel,277.14,144.3,,Cash,Government
TXN-20254546,2026-02-20,Total Parco Rawalpindi Thokar Niaz Baig Station,Total Parco,Rawalpindi,Punjab,CNG,211.64,89.1,18857.12,Cash,
TXN-20254547,2026-08-12,Total Parco Peshawar Thokar Niaz Baig Station,Total Parco,Peshawar,KPK,High Speed Diesel,293.92,35.97,10572.3,Fleet Card,Government
TXN-20254548,2025-05-15,Cnergyico Faisalabad Murree Road Station,Cnergyico,Faisalabad,Punjab,Super (92 Ron),285.85,86.93,24848.94,Cash,Agriculture
TXN-20254549,2026-03-29,Total Parco Multan Thokar Niaz Baig Station,Total Parco,Multan,Punjab,Hi-Octane (97 Ron),303.81,25.7,7807.92,JazzCash,Government
TXN-20254550,2025-03-26,Hascol Sialkot Super Highway Station,Hascol,Sialkot,Punjab,CNG,217.04,51.5,11177.56,Fleet Card,Government
TXN-20254551,03-Dec-25,Attock Petroleum Peshawar Saddar Filling Station,Attock Petroleum,Peshawar,KPK,High Speed Diesel,301.49,41.51,12514.85,CASH,Corporate
TXN-20254552,2026-04-06,Shell Multan Karsaz Service Station,Shell,Multan,Punjab,Super (92 Ron),279.48,46.08,12878.44,Fleet Card,Agriculture
TXN-20254553,2025-05-01,Attock Petroleum Lahore Motorway Service Area,Attock Petroleum,Lahore,Punjab,High Speed Diesel,301.2,7.89,,JazzCash,Corporate
TXN-20254554,2025-07-11,Total Parco Quetta Thokar Niaz Baig Station,Total Parco,Quetta,Balochistan,High Speed Diesel,285.76,72.01,20577.58,Fleet Card,Corporate Fleet
TXN-20254555,2025-12-03,Hascol Peshawar Super Highway Station,Hascol,Peshawar,KPK,High Speed Diesel,296.25,94.75,28069.69,Mobile Wallet,Individual
TXN-20254556,2025-07-25,Cnergyico Quetta Multan Road Filling Point,Cnergyico,Quetta,Balochistan,Hi-Octane (97 Ron),323.64,,,Fleet Card,individual
TXN-20254557,2026-06-24,Shell Islamabad University Road Pump,Shell,Islamabad,Islamabad ICT,High Speed Diesel,270.91,59.29,16062.25,credit card,Individual
TXN-20254558,21-Feb-25,Attock Petroleum Sialkot Khyber Pass Pump,Attock Petroleum,Sialkot,Punjab,CNG,200.74,8673.86,1741190.66,cash,Agriculture
TXN-20254559,2026-05-08,Attock Petroleum Multan Motorway Service Area,Attock Petroleum,Multan,Punjab,High Speed Diesel,280.76,7.52,2111.32,Credit Card,Corporate
TXN-20254560,2025-04-07,Cnergyico Faisalabad Multan Road Filling Point,Cnergyico,Faisalabad,Punjab,Super (92 Ron),269.1,68.62,,Cash,Individual
TXN-20254561,2026-07-13,Total Parco Sialkot Thokar Niaz Baig Station,Total Parco,Sialkot,Punjab,CNG,218.27,140.55,30677.85,,Agriculture
TXN-20254562,2026-02-14,Attock Petroleum Faisalabad Industrial Area Pump,Attock Petroleum,Faisalabad,Punjab,High Speed Diesel,281.25,14.04,3948.75,cash,Corporate Fleet
TXN-20254563,2025-02-17,Total Parco Karachi G-11 Markaz Station,Total Parco,Karachi,Sindh,Hi-Octane (97 Ron),295.14,6883.92,2031720.15,JazzCash,Corporate Fleet
TXN-20254564,2025-08-10,PSO Peshawar Defence Filling Point,PSO,Peshawar,KPK,Super (92 Ron),278.73,7.28,2029.15,EasyPaisa,Corporate
TXN-20254565,2025-06-23,Total Parco Karachi Jail Road Petrol Pump,Total Parco,Karachi,Sindh,High Speed Diesel,276.27,83.77,23143.14,CASH,Corporate
TXN-20254566,2026-07-21,Total Parco Faisalabad Thokar Niaz Baig Station,Total Parco,Faisalabad,Punjab,High Speed Diesel,303.1,12.59,3816.03,Fleet Card,Agriculture
TXN-20254567,2026-08-16,Shell Faisalabad University Road Pump,Shell,Faisalabad,Punjab,Super (92 Ron),271.23,90.56,24562.59,,Agriculture
TXN-20254568,2025-05-13,Attock Petroleum Quetta Saddar Filling Station,Attock Petroleum,Quetta,Balochistan,Super (92 Ron),277.19,95.8,26554.8,CASH,individual
TXN-20254569,2025-07-04,PSO Peshawar Lytton Road Pump,PSO,Peshawar,KPK,CNG,213.69,24.32,5196.94,CASH,Corporate Fleet
TXN-20254570,2025-03-28,Hascol Peshawar Hayatabad Filling Station,Hascol,Peshawar,KPK,Hi-Octane (97 Ron),316.74,115.24,36501.12,credit card,Government
TXN-20254571,2026-06-27,Cnergyico Faisalabad Murree Road Station,Cnergyico,Faisalabad,Punjab,Hi-Octane (97 Ron),324.6,5853.14,1899929.24,EasyPaisa,individual
TXN-20254572,2026-05-20,PSO Sialkot GT Road Service,PSO,Sialkot,Punjab,Super (92 Ron),269.65,9531.98,2570298.41,credit card,Individual
TXN-20254573,2025-01-14,Cnergyico Karachi Multan Road Filling Point,Cnergyico,Karachi,Sindh,Hi-Octane (97 Ron),310.86,7.37,2291.04,Credit Card,individual
TXN-20254574,2025-11-16,PSO Lahore Defence Filling Point,PSO,Lahore,Punjab,High Speed Diesel,298.76,20.11,6008.06,Cash,Corporate
TXN-20254575,2026-08-01,Hascol Karachi Hayatabad Filling Station,Hascol,Karachi,Sindh,Super (92 Ron),281.76,61.27,17263.44,Fleet Card,Corporate
TXN-20254576,2026-07-11,Attock Petroleum Karachi Motorway Service Area,Attock Petroleum,Karachi,Sindh,High Speed Diesel,277.96,20.5,5698.18,Fleet Card,individual
TXN-20254577,2026-01-12,PSO Peshawar Clifton Service Station,PSO,Peshawar,KPK,Super (92 Ron),278.75,28.7,8000.12,EasyPaisa,Corporate
TXN-20254578,12/09/2025,Shell Sialkot Karsaz Service Station,Shell,Sialkot,Punjab,CNG,217.03,30.6,6641.12,Mobile Wallet,Government
TXN-20254579,2025-02-23,PSO Rawalpindi Clifton Service Station,PSO,Rawalpindi,Punjab,High Speed Diesel,288.84,118.15,34126.45,Fleet Card,individual
TXN-20254580,2025-06-22,Hascol Faisalabad Super Highway Station,Hascol,Faisalabad,Punjab,Hi-Octane (97 Ron),299.95,25.46,7636.73,Debit Card,individual
TXN-20254581,2026-03-23,Attock Petroleum Multan Industrial Area Pump,Attock Petroleum,Multan,Punjab,High Speed Diesel,283.81,29.34,8326.99,Credit Card,Individual
TXN-20254582,2025-04-18,Hascol Peshawar Super Highway Station,Hascol,Peshawar,KPK,CNG,207.15,107.81,22332.84,Fleet Card,Corporate Fleet
TXN-20254583,26-Jan-26,Attock Petroleum Multan Saddar Filling Station,Attock Petroleum,Multan,Punjab,High Speed Diesel,271.84,23.75,6456.2,CASH,Corporate
TXN-20254584,2025-11-12,Cnergyico Rawalpindi Multan Road Filling Point,Cnergyico,Rawalpindi,Punjab,Super (92 Ron),268.32,2166.12,581213.32,Cash,individual
TXN-20254585,2026-05-19,Hascol Lahore Super Highway Station,Hascol,Lahore,Punjab,CNG,216.68,79.14,17148.06,EasyPaisa,individual
TXN-20254586,2025-01-24,Shell Sialkot Gulberg Station,Shell,Sialkot,Punjab,Super (92 Ron),268.72,32.74,8797.89,Mobile Wallet,Corporate Fleet
TXN-20254587,22/11/2025,Cnergyico Sialkot Multan Road Filling Point,Cnergyico,Sialkot,Punjab,Super (92 Ron),271.65,21.96,5965.43,EasyPaisa,Agriculture
TXN-20254588,2026-07-17,Shell Lahore Mall Road Station,Shell,Lahore,Punjab,CNG,201.2,113.32,22799.98,EasyPaisa,Corporate
TXN-20254589,2025-10-19,Hascol Sialkot Super Highway Station,Hascol,Sialkot,Punjab,Super (92 Ron),278.97,94.11,,Debit Card,individual
TXN-20254590,2026-05-09,PSO Karachi Blue Area Station,PSO,Karachi,Sindh,High Speed Diesel,9999.0,82.09,820817.91,credit card,Agriculture
TXN-20254591,2025-09-25,Shell Faisalabad Karsaz Service Station,Shell,Faisalabad,Punjab,CNG,217.09,80.16,17401.93,Credit Card,Corporate Fleet
TXN-20254592,2026-05-03,Shell Quetta Karsaz Service Station,Shell,Quetta,Balochistan,CNG,208.85,104.58,21841.53,Mobile Wallet,individual
TXN-20254593,2025-09-02,PSO Rawalpindi Defence Filling Point,PSO,Rawalpindi,Punjab,CNG,209.61,117.52,29560.04,Debit Card,Corporate
TXN-20254594,2026-05-22,Attock Petroleum Peshawar Khyber Pass Pump,Attock Petroleum,Peshawar,KPK,Super (92 Ron),266.84,67.13,17912.97,Credit Card,individual
TXN-20254595,2025-12-14,Total Parco Lahore Jail Road Petrol Pump,Total Parco,Lahore,Punjab,High Speed Diesel,285.03,81.47,,Credit Card,Individual
TXN-20254596,14/06/2025,Hascol Sialkot Ferozepur Road Pump,Hascol,Sialkot,Punjab,CNG,218.57,136.9,29922.23,Cash,Corporate
TXN-20254597,11/04/2025,Shell Sialkot Karsaz Service Station,Shell,Sialkot,Punjab,Super (92 Ron),262.32,11540.94,3027419.38,cash,Individual
TXN-20254598,14/07/2026,Attock Petroleum Faisalabad Saddar Filling Station,Attock Petroleum,Faisalabad,Punjab,High Speed Diesel,279.92,68.1,19062.55,cash,Government
TXN-20254599,2025-10-07,Hascol Peshawar Hayatabad Filling Station,Hascol,Peshawar,KPK,Hi-Octane (97 Ron),298.21,106.78,31842.86,credit card,Government
TXN-20254600,12/09/2025,Shell Faisalabad F-7 Markaz Pump,Shell,Faisalabad,Punjab,Super (92 Ron),285.88,704.11,201290.97,CASH,individual
TXN-20254601,13-Feb-25,Total Parco Islamabad Jail Road Petrol Pump,Total Parco,Islamabad,Islamabad ICT,Hi-Octane (97 Ron),312.56,80.47,25151.7,,Individual
TXN-20254602,02/11/2025,Attock Petroleum Karachi Industrial Area Pump,Attock Petroleum,Karachi,Sindh,Hi-Octane (97 Ron),299.41,64.23,19231.1,Debit Card,Government
TXN-20254603,2026-04-08,Attock Petroleum Faisalabad Motorway Service Area,Attock Petroleum,Faisalabad,Punjab,Super (92 Ron),282.34,0.0,0.0,Credit Card,Agriculture
TXN-20254604,2026-08-07,Hascol Lahore Ferozepur Road Pump,Hascol,Lahore,Punjab,CNG,209.95,13.06,2741.95,Cash,Agriculture
TXN-20254605,2025-11-25,Cnergyico Quetta Murree Road Station,Cnergyico,Quetta,Balochistan,Hi-Octane (97 Ron),308.5,8209.0,2532476.5,cash,Individual
TXN-20254606,2026-01-23,Attock Petroleum Lahore Industrial Area Pump,Attock Petroleum,Lahore,Punjab,Super (92 Ron),265.93,6814.24,1812110.84,JazzCash,Corporate Fleet
TXN-20254607,2025-03-15,PSO Lahore Defence Filling Point,PSO,Lahore,Punjab,Super (92 Ron),278.87,122.19,34075.13,Credit Card,Government
TXN-20254608,2025-07-01,Shell Rawalpindi Mall Road Station,Shell,Rawalpindi,Punjab,Super (92 Ron),274.05,30.96,8484.59,Fleet Card,Individual
TXN-20254609,09/05/2025,Hascol Peshawar Hayatabad Filling Station,Hascol,Peshawar,KPK,High Speed Diesel,302.52,5339.24,1615226.88,Cash,individual
TXN-20254610,2025-01-04,Shell Quetta Karsaz Service Station,Shell,Quetta,Balochistan,Hi-Octane (97 Ron),309.05,5.01,1548.34,,Corporate
TXN-20254611,2025-11-11,Total Parco Islamabad Thokar Niaz Baig Station,Total Parco,Islamabad,Islamabad ICT,High Speed Diesel,273.52,93.99,25708.14,credit card,Government
TXN-20254612,2026-07-07,PSO Islamabad Clifton Service Station,PSO,Islamabad,Islamabad ICT,CNG,210.59,124.9,26302.69,Fleet Card,Agriculture
TXN-20254613,2026-07-16,Total Parco Faisalabad G-11 Markaz Station,Total Parco,Faisalabad,Punjab,CNG,208.31,49.5,10311.34,credit card,Agriculture
TXN-20254614,2026-07-19,Attock Petroleum Lahore Motorway Service Area,Attock Petroleum,Lahore,Punjab,Hi-Octane (97 Ron),308.61,17.6,5431.54,EasyPaisa,Agriculture
TXN-20254615,2025-08-23,Hascol Quetta Super Highway Station,Hascol,Quetta,Balochistan,Super (92 Ron),261.22,26.14,6828.29,Fleet Card,Corporate
TXN-20254616,2026-04-25,Total Parco Peshawar Thokar Niaz Baig Station,Total Parco,Peshawar,KPK,Hi-Octane (97 Ron),303.52,0.0,0.0,Debit Card,Individual
TXN-20254617,2025-01-30,PSO Sialkot Clifton Service Station,PSO,Sialkot,Punjab,CNG,218.09,111.61,24341.02,credit card,Government
TXN-20254618,2025-10-27,PSO Faisalabad Lytton Road Pump,PSO,Faisalabad,Punjab,CNG,201.11,29.43,5918.67,Debit Card,Corporate
TXN-20254619,2026-03-03,Total Parco Faisalabad Thokar Niaz Baig Station,Total Parco,Faisalabad,Punjab,Hi-Octane (97 Ron),318.52,141.1,44943.17,Credit Card,Individual
TXN-20254620,2025-11-14,Hascol Rawalpindi Super Highway Station,Hascol,Rawalpindi,Punjab,Super (92 Ron),286.18,10293.9,2945908.3,Credit Card,Corporate
TXN-20254621,2026-04-06,Shell Multan Gulberg Station,Shell,Multan,Punjab,Hi-Octane (97 Ron),306.61,56.38,17286.67,EasyPaisa,Individual
TXN-20254622,2026-04-17,Shell Quetta Mall Road Station,Shell,Quetta,Balochistan,Super (92 Ron),264.63,90.29,23893.44,JazzCash,Corporate
TXN-20254623,2025-02-17,Cnergyico Karachi Murree Road Station,Cnergyico,Karachi,Sindh,High Speed Diesel,295.87,6482.58,1918000.94,credit card,Individual
TXN-20254624,18-May-26,Shell Sialkot F-7 Markaz Pump,Shell,Sialkot,Punjab,CNG,202.07,91.88,18566.19,Mobile Wallet,individual
TXN-20254625,2026-06-04,Cnergyico Faisalabad Multan Road Filling Point,Cnergyico,Faisalabad,Punjab,High Speed Diesel,277.07,123.29,34159.96,Cash,Agriculture
TXN-20254626,2025-01-22,PSO Karachi Cantt Filling Point,PSO,Karachi,Sindh,Super (92 Ron),275.41,72.79,20047.09,Credit Card,individual
TXN-20254627,2026-07-19,Shell Peshawar Mall Road Station,Shell,Peshawar,KPK,High Speed Diesel,275.39,137.54,37877.14,credit card,Corporate
TXN-20254628,2026-04-13,Hascol Islamabad Ferozepur Road Pump,Hascol,Islamabad,Islamabad ICT,Super (92 Ron),267.67,83.23,22278.17,JazzCash,Government
TXN-20254629,2025-01-22,Total Parco Multan Thokar Niaz Baig Station,Total Parco,Multan,Punjab,Hi-Octane (97 Ron),305.45,141.48,,cash,individual
TXN-20254630,2025-01-01,Attock Petroleum Peshawar Motorway Service Area,Attock Petroleum,Peshawar,KPK,CNG,207.17,,,Fleet Card,Individual
TXN-20254631,2025-09-12,PSO Quetta Cantt Filling Point,PSO,Quetta,Balochistan,CNG,203.99,8464.34,1726640.72,JazzCash,individual
TXN-20254632,11-Apr-26,Hascol Lahore Hayatabad Filling Station,Hascol,Lahore,Punjab,CNG,217.94,33.99,7407.78,cash,individual
TXN-20254633,2025-08-19,Attock Petroleum Rawalpindi Motorway Service Area,Attock Petroleum,Rawalpindi,Punjab,Hi-Octane (97 Ron),297.27,136.48,40571.41,Cash,Corporate
TXN-20254634,14-Oct-25,Total Parco Multan Jail Road Petrol Pump,Total Parco,Multan,Punjab,High Speed Diesel,,124.35,,credit card,Corporate Fleet
TXN-20254635,2026-08-12,Cnergyico Lahore Hub River Road Pump,Cnergyico,Lahore,Punjab,CNG,215.22,79.33,17073.4,Mobile Wallet,Individual
TXN-20254636,2026-05-03,Shell Quetta F-7 Markaz Pump,Shell,Quetta,Balochistan,CNG,217.7,135.53,29504.88,JazzCash,Government
TXN-20254637,2025-10-02,PSO Rawalpindi Lytton Road Pump,PSO,Rawalpindi,Punjab,Hi-Octane (97 Ron),315.92,1485.96,469444.48,cash,Government
TXN-20254638,2025-09-12,Attock Petroleum Multan Saddar Filling Station,Attock Petroleum,Multan,Punjab,Hi-Octane (97 Ron),308.54,37.76,11650.47,EasyPaisa,Corporate
TXN-20254639,2025-09-02,PSO Faisalabad Clifton Service Station,PSO,Faisalabad,Punjab,Super (92 Ron),264.32,95.76,25311.28,CASH,individual
TXN-20254640,2026-07-16,Cnergyico Lahore Multan Road Filling Point,Cnergyico,Lahore,Punjab,Hi-Octane (97 Ron),321.21,34.72,11152.41,Cash,Individual
TXN-20254641,01/04/2026,PSO Lahore Lytton Road Pump,PSO,Lahore,Punjab,Super (92 Ron),270.33,0.0,0.0,EasyPaisa,Government
TXN-20254642,2025-10-06,Cnergyico Multan Hub River Road Pump,Cnergyico,Multan,Punjab,CNG,217.18,106.89,23214.37,Debit Card,Individual
TXN-20254643,2025-03-29,Hascol Sialkot Hayatabad Filling Station,Hascol,Sialkot,Punjab,Super (92 Ron),261.3,62.48,16326.02,cash,Corporate
TXN-20254644,10/06/2026,Total Parco Lahore Shahrah-e-Faisal Point,Total Parco,Lahore,Punjab,Super (92 Ron),267.2,5971.46,1595574.11,CASH,Government
TXN-20254645,2025-05-08,Shell Karachi F-7 Markaz Pump,Shell,Karachi,Sindh,Hi-Octane (97 Ron),302.12,42.14,12731.34,Mobile Wallet,Corporate
TXN-20254646,2026-07-15,Cnergyico Quetta Murree Road Station,Cnergyico,Quetta,Balochistan,Super (92 Ron),281.63,54.48,15343.2,cash,Corporate Fleet
TXN-20254647,2025-07-31,Cnergyico Islamabad Hub River Road Pump,Cnergyico,Islamabad,Islamabad ICT,Super (92 Ron),289.84,73.99,21445.26,CASH,individual
TXN-20254648,2026-03-11,Hascol Lahore Ferozepur Road Pump,Hascol,Lahore,Punjab,High Speed Diesel,292.09,74.07,21635.11,Mobile Wallet,Agriculture
TXN-20254649,2025-12-18,Shell Quetta Gulberg Station,Shell,Quetta,Balochistan,High Speed Diesel,297.3,1302.8,387322.44,Mobile Wallet,Corporate
TXN-20254650,11/07/2026,Hascol Karachi Ferozepur Road Pump,Hascol,Karachi,Sindh,CNG,208.78,68.05,14207.48,,Corporate Fleet
TXN-20254651,2025-06-15,Cnergyico Lahore Multan Road Filling Point,Cnergyico,Lahore,Punjab,Hi-Octane (97 Ron),305.83,28.9,8838.49,Debit Card,Individual
TXN-20254651,2025-06-15,Cnergyico Lahore Multan Road Filling Point,Cnergyico,Lahore,Punjab,Hi-Octane (97 Ron),305.83,28.9,8838.49,Debit Card,Individual
TXN-20254652,2026-01-28,Attock Petroleum Sialkot Saddar Filling Station,Attock Petroleum,Sialkot,Punjab,High Speed Diesel,296.99,1740.07,516783.39,CASH,Individual
TXN-20254653,2025-12-16,Attock Petroleum Multan Industrial Area Pump,Attock Petroleum,Multan,Punjab,CNG,214.42,105.75,22674.91,JazzCash,Corporate
TXN-20254654,01/11/2025,Total Parco Peshawar G-11 Markaz Station,Total Parco,Peshawar,KPK,Hi-Octane (97 Ron),324.82,60.41,19622.38,Fleet Card,Corporate
TXN-20254655,2025-08-13,Cnergyico Karachi Murree Road Station,Cnergyico,Karachi,Sindh,Super (92 Ron),278.53,63.11,17578.03,Mobile Wallet,Agriculture
TXN-20254656,04/11/2025,Cnergyico Karachi Murree Road Station,Cnergyico,Karachi,Sindh,Super (92 Ron),269.89,46.78,12625.45,Fleet Card,Agriculture
TXN-20254657,13/01/2025,Shell Multan Mall Road Station,Shell,Multan,Punjab,Super (92 Ron),267.76,28.38,7599.03,Mobile Wallet,Agriculture
TXN-20254658,2026-07-20,Hascol Lahore Hayatabad Filling Station,Hascol,Lahore,Punjab,Super (92 Ron),267.09,11955.66,3193237.23,credit card,Agriculture
TXN-20254659,2025-12-24,Attock Petroleum Multan Saddar Filling Station,Attock Petroleum,Multan,Punjab,CNG,216.38,144.0,37390.46,Mobile Wallet,Corporate
TXN-20254660,03/02/2026,PSO Multan Lytton Road Pump,PSO,Multan,Punjab,Hi-Octane (97 Ron),297.79,37.24,11089.7,Cash,Government
TXN-20254661,2025-05-02,Attock Petroleum Faisalabad Motorway Service Area,Attock Petroleum,Faisalabad,Punjab,Hi-Octane (97 Ron),323.79,38.36,12420.58,Debit Card,individual
TXN-20254662,2025-11-28,PSO Sialkot Lytton Road Pump,PSO,Sialkot,Punjab,Super (92 Ron),266.58,111.35,29683.68,Mobile Wallet,Agriculture
TXN-20254663,2026-07-18,Total Parco Peshawar Shahrah-e-Faisal Point,Total Parco,Peshawar,KPK,High Speed Diesel,281.75,66.19,18649.03,Mobile Wallet,Agriculture
TXN-20254664,11/02/2025,Attock Petroleum Islamabad Motorway Service Area,Attock Petroleum,Islamabad,Islamabad ICT,High Speed Diesel,293.38,123.81,36323.38,JazzCash,Individual
TXN-20254665,2026-04-18,Hascol Islamabad Super Highway Station,Hascol,Islamabad,Islamabad ICT,High Speed Diesel,280.36,101.42,28434.11,Fleet Card,Corporate Fleet
TXN-20254666,10/02/2025,PSO Sialkot Clifton Service Station,PSO,Sialkot,Punjab,CNG,202.39,119.32,24149.17,Debit Card,Agriculture
TXN-20254667,20/09/2025,PSO Multan Clifton Service Station,PSO,Multan,Punjab,CNG,201.91,143.26,28925.63,credit card,Agriculture
TXN-20254668,2025-03-30,Shell Rawalpindi University Road Pump,Shell,Rawalpindi,Punjab,Hi-Octane (97 Ron),324.43,76.79,24912.98,Fleet Card,Government
TXN-20254669,2025-10-20,PSO Karachi Clifton Service Station,PSO,Karachi,Sindh,Hi-Octane (97 Ron),326.44,88.39,28854.03,Fleet Card,Corporate
TXN-20254670,15/03/2025,Shell Rawalpindi Karsaz Service Station,Shell,Rawalpindi,Punjab,High Speed Diesel,282.14,7106.63,2005064.59,cash,Agriculture
TXN-20254671,2025-01-11,Total Parco Faisalabad Thokar Niaz Baig Station,Total Parco,Faisalabad,Punjab,CNG,218.92,10258.74,2245843.36,EasyPaisa,Individual
TXN-20254672,2025-05-29,PSO Islamabad Cantt Filling Point,PSO,Islamabad,Islamabad ICT,CNG,216.25,65.35,14131.94,JazzCash,Corporate
TXN-20254673,2025-12-27,Hascol Sialkot Hayatabad Filling Station,Hascol,Sialkot,Punjab,High Speed Diesel,274.83,134.63,37000.36,Mobile Wallet,Corporate
TXN-20254674,2025-10-16,Total Parco Islamabad Thokar Niaz Baig Station,Total Parco,Islamabad,Islamabad ICT,High Speed Diesel,275.73,40.05,11042.99,Debit Card,individual
TXN-20254675,2025-02-18,PSO Karachi Cantt Filling Point,PSO,Karachi,Sindh,High Speed Diesel,280.09,28.38,,JazzCash,Individual
TXN-20254676,2026-06-27,Shell Karachi Gulberg Station,Shell,Karachi,Sindh,Super (92 Ron),268.98,,,credit card,Individual
TXN-20254677,2026-04-18,PSO Peshawar Cantt Filling Point,PSO,Peshawar,KPK,High Speed Diesel,275.86,76.05,,Mobile Wallet,Government
TXN-20254678,2025-06-06,PSO Islamabad Defence Filling Point,PSO,Islamabad,Islamabad ICT,Hi-Octane (97 Ron),302.17,139.62,42188.98,Debit Card,Government
TXN-20254679,2025-02-23,Cnergyico Sialkot Hub River Road Pump,Cnergyico,Sialkot,Punjab,CNG,201.86,121.24,24473.51,EasyPaisa,Corporate
TXN-20254680,2026-05-18,Shell Quetta University Road Pump,Shell,Quetta,Balochistan,Super (92 Ron),275.4,88.45,24359.13,Mobile Wallet,Agriculture
TXN-20254681,06-May-25,PSO Islamabad Cantt Filling Point,PSO,Islamabad,Islamabad ICT,Super (92 Ron),287.68,4726.85,1359820.21,CASH,Individual
TXN-20254682,2025-12-19,Shell Rawalpindi Karsaz Service Station,Shell,Rawalpindi,Punjab,Hi-Octane (97 Ron),308.01,108.3,33357.48,CASH,Corporate Fleet
TXN-20254683,2025-11-27,Cnergyico Multan Multan Road Filling Point,Cnergyico,Multan,Punjab,CNG,-99.0,91.91,-9099.09,Debit Card,Agriculture
TXN-20254684,2025-07-15,Attock Petroleum Islamabad Saddar Filling Station,Attock Petroleum,Islamabad,Islamabad ICT,Super (92 Ron),284.5,14.96,4256.12,Cash,Corporate
TXN-20254685,05-Jul-26,Hascol Lahore Ferozepur Road Pump,Hascol,Lahore,Punjab,CNG,215.94,116.81,25223.95,Cash,Corporate
TXN-20254686,2025-08-09,Attock Petroleum Sialkot Motorway Service Area,Attock Petroleum,Sialkot,Punjab,Hi-Octane (97 Ron),305.63,87.69,26800.69,credit card,Agriculture
TXN-20254687,2025-01-14,Hascol Peshawar Super Highway Station,Hascol,Peshawar,KPK,CNG,209.78,0.0,0.0,Credit Card,Corporate
TXN-20254688,2025-05-05,Hascol Faisalabad Ferozepur Road Pump,Hascol,Faisalabad,Punjab,CNG,206.48,81.78,16885.93,Mobile Wallet,Corporate Fleet
TXN-20254689,2025-01-03,Shell Faisalabad F-7 Markaz Pump,Shell,Faisalabad,Punjab,CNG,205.24,61.8,12683.83,EasyPaisa,individual
TXN-20254690,2025-02-02,Attock Petroleum Multan Motorway Service Area,Attock Petroleum,Multan,Punjab,CNG,213.56,103.06,,Mobile Wallet,Corporate
TXN-20254691,2025-03-15,Shell Multan F-7 Markaz Pump,Shell,Multan,Punjab,CNG,,139.58,,Fleet Card,Agriculture
TXN-20254692,2025-02-11,Hascol Karachi Super Highway Station,Hascol,Karachi,Sindh,Super (92 Ron),9999.0,56.59,565843.41,JazzCash,Government
TXN-20254692,2025-02-11,Hascol Karachi Super Highway Station,Hascol,Karachi,Sindh,Super (92 Ron),9999.0,56.59,565843.41,JazzCash,Government
TXN-20254693,2025-01-24,Shell Lahore Gulberg Station,Shell,Lahore,Punjab,Super (92 Ron),287.82,79.54,22893.2,credit card,Agriculture
TXN-20254694,12-Sep-25,Attock Petroleum Quetta Khyber Pass Pump,Attock Petroleum,Quetta,Balochistan,Super (92 Ron),289.66,36.18,10479.9,CASH,Individual
TXN-20254695,2026-07-21,PSO Multan GT Road Service,PSO,Multan,Punjab,CNG,215.12,18.76,4035.65,Cash,Corporate
TXN-20254696,2025-06-15,PSO Karachi Clifton Service Station,PSO,Karachi,Sindh,Hi-Octane (97 Ron),298.48,142.47,42524.45,JazzCash,Government
TXN-20254697,2025-04-11,Total Parco Lahore G-11 Markaz Station,Total Parco,Lahore,Punjab,Super (92 Ron),283.66,66.25,18792.48,Credit Card,Corporate
TXN-20254698,16-Jul-26,PSO Karachi Clifton Service Station,PSO,Karachi,Sindh,Hi-Octane (97 Ron),323.42,20.98,6785.35,CASH,Corporate
TXN-20254699,2026-07-18,Hascol Karachi Super Highway Station,Hascol,Karachi,Sindh,CNG,204.94,90.57,18561.42,EasyPaisa,Individual
TXN-20254700,2025-05-22,PSO Rawalpindi GT Road Service,PSO,Rawalpindi,Punjab,High Speed Diesel,299.7,91.84,27524.45,Credit Card,individual
TXN-20254701,2026-07-15,Cnergyico Sialkot Murree Road Station,Cnergyico,Sialkot,Punjab,Hi-Octane (97 Ron),314.34,50.62,15911.89,Debit Card,Corporate
TXN-20254702,2025-07-31,Total Parco Multan G-11 Markaz Station,Total Parco,Multan,Punjab,Super (92 Ron),272.34,,,credit card,Corporate Fleet
TXN-20254703,2025-10-16,Total Parco Karachi Thokar Niaz Baig Station,Total Parco,Karachi,Sindh,Super (92 Ron),263.13,144.38,37990.71,JazzCash,Agriculture
TXN-20254704,2025-06-01,Attock Petroleum Karachi Motorway Service Area,Attock Petroleum,Karachi,Sindh,Super (92 Ron),9999.0,125.41,1253974.59,Credit Card,Corporate Fleet
TXN-20254705,2026-04-23,Cnergyico Quetta Murree Road Station,Cnergyico,Quetta,Balochistan,Hi-Octane (97 Ron),306.46,20.18,6184.36,CASH,Corporate Fleet
TXN-20254706,2025-01-03,Shell Faisalabad Karsaz Service Station,Shell,Faisalabad,Punjab,CNG,213.39,129.36,27604.13,CASH,individual
TXN-20254707,2026-05-23,Shell Quetta Karsaz Service Station,Shell,Quetta,Balochistan,CNG,215.24,34.87,7505.42,Cash,individual
TXN-20254708,2025-10-07,Total Parco Lahore Jail Road Petrol Pump,Total Parco,Lahore,Punjab,High Speed Diesel,297.3,47.76,14199.05,JazzCash,Individual
TXN-20254709,2025-05-07,Attock Petroleum Faisalabad Saddar Filling Station,Attock Petroleum,Faisalabad,Punjab,Super (92 Ron),286.92,111.93,32114.96,Mobile Wallet,Corporate
TXN-20254710,2025-11-14,PSO Islamabad Lytton Road Pump,PSO,Islamabad,Islamabad ICT,High Speed Diesel,296.71,60.99,18096.34,CASH,Government
TXN-20254711,2026-04-12,PSO Faisalabad Clifton Service Station,PSO,Faisalabad,Punjab,CNG,205.51,20.4,4192.4,Mobile Wallet,Government
TXN-20254712,2025-08-07,PSO Islamabad Clifton Service Station,PSO,Islamabad,Islamabad ICT,Super (92 Ron),274.47,120.86,33172.44,cash,individual
TXN-20254713,2026-05-18,Shell Karachi Mall Road Station,Shell,Karachi,Sindh,Hi-Octane (97 Ron),296.26,46.0,13627.96,Mobile Wallet,Government
TXN-20254714,2026-01-20,Hascol Sialkot Hayatabad Filling Station,Hascol,Sialkot,Punjab,Hi-Octane (97 Ron),296.36,29.48,8736.69,CASH,Government
TXN-20254715,2025-05-02,Cnergyico Karachi Multan Road Filling Point,Cnergyico,Karachi,Sindh,CNG,219.04,128.71,28192.64,Fleet Card,Individual
TXN-20254716,2026-07-24,Hascol Quetta Hayatabad Filling Station,Hascol,Quetta,Balochistan,Hi-Octane (97 Ron),312.69,10517.7,3288779.61,Fleet Card,individual
TXN-20254717,2026-08-31,Cnergyico Karachi Murree Road Station,Cnergyico,Karachi,Sindh,High Speed Diesel,283.06,96.53,27323.78,Debit Card,Government
TXN-20254718,2025-08-27,PSO Quetta Defence Filling Point,PSO,Quetta,Balochistan,High Speed Diesel,304.41,98.55,29999.61,Mobile Wallet,Corporate Fleet
TXN-20254719,2026-05-03,Shell Karachi F-7 Markaz Pump,Shell,Karachi,Sindh,CNG,201.08,60.38,12141.21,EasyPaisa,Agriculture
TXN-20254720,20-Aug-26,PSO Sialkot Lytton Road Pump,PSO,Sialkot,Punjab,CNG,219.42,72.05,15809.21,Debit Card,Agriculture
TXN-20254721,2026-01-29,Shell Multan University Road Pump,Shell,Multan,Punjab,Super (92 Ron),279.28,69.38,19376.45,Cash,Government
TXN-20254722,2026-01-17,Cnergyico Sialkot Hub River Road Pump,Cnergyico,Sialkot,Punjab,Hi-Octane (97 Ron),317.36,59.41,18854.36,cash,Government
TXN-20254723,2025-01-20,Cnergyico Sialkot Hub River Road Pump,Cnergyico,Sialkot,Punjab,Super (92 Ron),281.17,66.55,18711.86,,Agriculture
TXN-20254724,2025-08-25,Cnergyico Sialkot Multan Road Filling Point,Cnergyico,Sialkot,Punjab,CNG,200.13,147.56,29531.18,,Agriculture
TXN-20254725,2026-02-27,Total Parco Lahore G-11 Markaz Station,Total Parco,Lahore,Punjab,Super (92 Ron),268.37,56.22,15087.76,credit card,Corporate Fleet
TXN-20254726,2026-05-27,Attock Petroleum Islamabad Motorway Service Area,Attock Petroleum,Islamabad,Islamabad ICT,High Speed Diesel,297.13,15.67,4656.03,JazzCash,Corporate
TXN-20254727,02/02/2025,Cnergyico Peshawar Hub River Road Pump,Cnergyico,Peshawar,KPK,Super (92 Ron),287.15,18.77,5389.81,Mobile Wallet,Individual
TXN-20254728,2026-07-06,Shell Lahore F-7 Markaz Pump,Shell,Lahore,Punjab,CNG,9999.0,42.45,424457.55,Cash,Corporate
TXN-20254729,23-Mar-25,Attock Petroleum Lahore Saddar Filling Station,Attock Petroleum,Lahore,Punjab,Super (92 Ron),280.93,69.1,19412.26,,Corporate Fleet
TXN-20254730,2025-07-01,Cnergyico Lahore Hub River Road Pump,Cnergyico,Lahore,Punjab,Hi-Octane (97 Ron),324.17,42.65,13825.85,,individual
TXN-20254731,2025-08-17,Cnergyico Quetta Murree Road Station,Cnergyico,Quetta,Balochistan,Super (92 Ron),285.85,55.19,15776.06,Cash,individual
TXN-20254732,2025-05-16,Attock Petroleum Multan Motorway Service Area,Attock Petroleum,Multan,Punjab,High Speed Diesel,292.94,102.03,29888.67,CASH,Agriculture
TXN-20254733,2025-01-16,Total Parco Karachi G-11 Markaz Station,Total Parco,Karachi,Sindh,Super (92 Ron),283.0,114.51,32406.33,credit card,Corporate
TXN-20254734,2026-05-31,Attock Petroleum Sialkot Khyber Pass Pump,Attock Petroleum,Sialkot,Punjab,High Speed Diesel,296.44,3435.37,1018381.08,Cash,individual
TXN-20254735,05-Dec-25,Cnergyico Islamabad Multan Road Filling Point,Cnergyico,Islamabad,Islamabad ICT,High Speed Diesel,280.83,3193.81,896917.66,CASH,Corporate Fleet
TXN-20254736,28-Aug-25,Total Parco Peshawar Shahrah-e-Faisal Point,Total Parco,Peshawar,KPK,Hi-Octane (97 Ron),301.64,84.08,25361.89,Debit Card,Corporate
TXN-20254737,2025-06-06,Cnergyico Peshawar Hub River Road Pump,Cnergyico,Peshawar,KPK,CNG,214.01,124.37,26616.42,Debit Card,Individual
TXN-20254738,2025-05-27,Hascol Islamabad Hayatabad Filling Station,Hascol,Islamabad,Islamabad ICT,Hi-Octane (97 Ron),314.86,89.24,28098.11,CASH,Agriculture
TXN-20254739,2025-09-11,Total Parco Rawalpindi G-11 Markaz Station,Total Parco,Rawalpindi,Punjab,Super (92 Ron),261.22,76.51,19985.94,EasyPaisa,Corporate Fleet
TXN-20254740,26/10/2025,Hascol Sialkot Hayatabad Filling Station,Hascol,Sialkot,Punjab,Super (92 Ron),283.81,75.16,21331.16,Cash,Government
TXN-20254741,2025-08-24,Total Parco Multan Thokar Niaz Baig Station,Total Parco,Multan,Punjab,CNG,213.19,9327.72,1988576.63,EasyPaisa,Agriculture
TXN-20254742,2025-11-23,Total Parco Faisalabad Thokar Niaz Baig Station,Total Parco,Faisalabad,Punjab,Super (92 Ron),282.75,15.94,4507.03,CASH,Corporate Fleet
TXN-20254743,2025-10-16,Shell Quetta F-7 Markaz Pump,Shell,Quetta,Balochistan,High Speed Diesel,287.32,116.65,33515.88,CASH,Agriculture
TXN-20254744,2025-10-28,PSO Peshawar Defence Filling Point,PSO,Peshawar,KPK,CNG,206.01,79.14,16303.63,EasyPaisa,Individual
TXN-20254745,2026-01-19,Total Parco Faisalabad Jail Road Petrol Pump,Total Parco,Faisalabad,Punjab,Hi-Octane (97 Ron),317.76,68.11,21642.63,credit card,Individual
TXN-20254746,2025-01-03,Hascol Karachi Hayatabad Filling Station,Hascol,Karachi,Sindh,Super (92 Ron),264.48,117.09,30967.96,JazzCash,Corporate Fleet
TXN-20254747,2026-07-28,Shell Peshawar Karsaz Service Station,Shell,Peshawar,KPK,CNG,211.25,39.18,8276.77,Mobile Wallet,Individual
TXN-20254748,2025-12-28,Shell Islamabad Karsaz Service Station,Shell,Islamabad,Islamabad ICT,Hi-Octane (97 Ron),314.45,44.46,,credit card,individual
TXN-20254749,2025-11-30,Hascol Multan Ferozepur Road Pump,Hascol,Multan,Punjab,Super (92 Ron),268.56,57.31,,Mobile Wallet,individual
TXN-20254750,2025-04-02,Total Parco Multan Thokar Niaz Baig Station,Total Parco,Multan,Punjab,Super (92 Ron),285.05,100.92,,Debit Card,Corporate Fleet
TXN-20254751,2026-03-08,Attock Petroleum Multan Khyber Pass Pump,Attock Petroleum,Multan,Punjab,CNG,219.34,123.88,27171.84,credit card,Government
TXN-20254752,2026-05-07,Hascol Peshawar Super Highway Station,Hascol,Peshawar,KPK,Hi-Octane (97 Ron),320.78,10764.54,3453049.14,Fleet Card,Corporate Fleet
TXN-20254753,2025-06-13,Total Parco Islamabad Jail Road Petrol Pump,Total Parco,Islamabad,Islamabad ICT,CNG,212.53,127.91,27184.71,cash,Individual
TXN-20254754,2025-05-13,Total Parco Sialkot Thokar Niaz Baig Station,Total Parco,Sialkot,Punjab,Hi-Octane (97 Ron),320.04,30.97,9911.64,JazzCash,Corporate
TXN-20254755,2026-08-07,Cnergyico Peshawar Murree Road Station,Cnergyico,Peshawar,KPK,CNG,215.96,121.69,26280.17,CASH,Agriculture
TXN-20254756,16-Mar-25,Total Parco Lahore Shahrah-e-Faisal Point,Total Parco,Lahore,Punjab,Super (92 Ron),269.26,91.48,24631.9,Mobile Wallet,Corporate Fleet
TXN-20254757,11/04/2025,Total Parco Islamabad Shahrah-e-Faisal Point,Total Parco,Islamabad,Islamabad ICT,Super (92 Ron),269.78,63.71,17187.68,Debit Card,Individual
TXN-20254758,2026-08-22,Attock Petroleum Faisalabad Khyber Pass Pump,Attock Petroleum,Faisalabad,Punjab,High Speed Diesel,272.83,104.39,28480.72,cash,individual
TXN-20254759,13/06/2025,Total Parco Islamabad Jail Road Petrol Pump,Total Parco,Islamabad,Islamabad ICT,Hi-Octane (97 Ron),304.21,119.39,36319.63,Cash,Corporate Fleet
TXN-20254760,2025-08-25,Shell Peshawar Karsaz Service Station,Shell,Peshawar,KPK,Hi-Octane (97 Ron),321.66,115.96,37299.69,Credit Card,Government
TXN-20254761,2025-03-01,Total Parco Multan Thokar Niaz Baig Station,Total Parco,Multan,Punjab,High Speed Diesel,271.22,24.73,6707.27,Mobile Wallet,Corporate Fleet
TXN-20254762,2025-04-09,Shell Karachi F-7 Markaz Pump,Shell,Karachi,Sindh,High Speed Diesel,303.08,121.04,44021.76,Credit Card,Individual
TXN-20254763,2026-01-25,Shell Sialkot Gulberg Station,Shell,Sialkot,Punjab,CNG,214.75,141.89,30470.88,JazzCash,individual
TXN-20254764,2025-01-24,PSO Peshawar Defence Filling Point,PSO,Peshawar,KPK,CNG,205.92,45.68,9406.43,Fleet Card,Corporate Fleet
TXN-20254765,2025-07-25,Attock Petroleum Quetta Industrial Area Pump,Attock Petroleum,Quetta,Balochistan,Super (92 Ron),261.47,75.66,19782.82,CASH,Government
TXN-20254766,2025-04-29,Attock Petroleum Peshawar Khyber Pass Pump,Attock Petroleum,Peshawar,KPK,Hi-Octane (97 Ron),322.91,106.58,34415.75,CASH,Individual
TXN-20254767,2026-03-02,Total Parco Karachi Shahrah-e-Faisal Point,Total Parco,Karachi,Sindh,High Speed Diesel,293.21,32.45,9514.66,cash,individual
TXN-20254768,2025-09-26,Attock Petroleum Karachi Saddar Filling Station,Attock Petroleum,Karachi,Sindh,CNG,211.54,75.43,15956.46,CASH,Individual
TXN-20254769,2025-05-27,Shell Faisalabad Mall Road Station,Shell,Faisalabad,Punjab,CNG,219.5,101.44,22266.08,Cash,Government
TXN-20254770,2025-08-11,Attock Petroleum Multan Industrial Area Pump,Attock Petroleum,Multan,Punjab,High Speed Diesel,283.71,149.2,42329.53,credit card,Government
TXN-20254771,10-Nov-25,Attock Petroleum Rawalpindi Industrial Area Pump,Attock Petroleum,Rawalpindi,Punjab,Super (92 Ron),265.43,0.0,0.0,Debit Card,individual
TXN-20254772,2025-05-03,Total Parco Faisalabad Thokar Niaz Baig Station,Total Parco,Faisalabad,Punjab,CNG,205.23,64.88,13315.32,Credit Card,Agriculture
TXN-20254773,2025-12-22,Total Parco Quetta G-11 Markaz Station,Total Parco,Quetta,Balochistan,High Speed Diesel,282.64,31.15,8804.24,EasyPaisa,Government
TXN-20254774,2025-09-02,Hascol Faisalabad Super Highway Station,Hascol,Faisalabad,Punjab,High Speed Diesel,287.69,64.01,18415.04,Debit Card,individual
TXN-20254775,2025-09-23,Hascol Rawalpindi Super Highway Station,Hascol,Rawalpindi,Punjab,High Speed Diesel,284.64,67.36,19173.35,cash,Individual
TXN-20254776,2025-01-28,Attock Petroleum Karachi Khyber Pass Pump,Attock Petroleum,Karachi,Sindh,Hi-Octane (97 Ron),317.49,70.12,22262.4,Fleet Card,Agriculture
TXN-20254777,2026-02-02,Hascol Faisalabad Hayatabad Filling Station,Hascol,Faisalabad,Punjab,High Speed Diesel,303.67,49.7,15092.4,cash,Agriculture
TXN-20254778,20-Jul-26,Attock Petroleum Islamabad Khyber Pass Pump,Attock Petroleum,Islamabad,Islamabad ICT,High Speed Diesel,281.13,0.0,0.0,Cash,individual
TXN-20254779,2025-04-15,Shell Islamabad F-7 Markaz Pump,Shell,Islamabad,Islamabad ICT,CNG,219.15,96.18,21077.85,Mobile Wallet,individual
TXN-20254780,2025-12-03,PSO Multan Cantt Filling Point,PSO,Multan,Punjab,High Speed Diesel,271.82,13.06,3549.97,Cash,Government
TXN-20254781,2026-04-15,Cnergyico Peshawar Murree Road Station,Cnergyico,Peshawar,KPK,CNG,200.33,61.64,12348.34,Cash,Individual
TXN-20254782,2025-09-28,Attock Petroleum Multan Saddar Filling Station,Attock Petroleum,Multan,Punjab,Hi-Octane (97 Ron),309.15,47.53,14693.9,Fleet Card,Government
TXN-20254783,2026-05-07,Shell Faisalabad Karsaz Service Station,Shell,Faisalabad,Punjab,Super (92 Ron),284.83,42.78,12185.03,Cash,Agriculture
TXN-20254784,2025-12-01,Shell Quetta Mall Road Station,Shell,Quetta,Balochistan,Super (92 Ron),286.54,54.1,15501.81,credit card,individual
TXN-20254785,2025-10-19,PSO Islamabad Defence Filling Point,PSO,Islamabad,Islamabad ICT,Hi-Octane (97 Ron),322.64,10909.25,3519760.42,Cash,Corporate
TXN-20254786,05/03/2026,Shell Rawalpindi University Road Pump,Shell,Rawalpindi,Punjab,CNG,214.24,45.56,9760.77,Fleet Card,Government
TXN-20254787,2026-06-19,Cnergyico Rawalpindi Multan Road Filling Point,Cnergyico,Rawalpindi,Punjab,CNG,216.75,3064.27,664180.52,Mobile Wallet,Corporate
TXN-20254788,2026-01-12,Attock Petroleum Multan Saddar Filling Station,Attock Petroleum,Multan,Punjab,CNG,204.09,71.58,,cash,
TXN-20254789,2025-12-07,Total Parco Rawalpindi Jail Road Petrol Pump,Total Parco,Rawalpindi,Punjab,CNG,215.57,994.39,214360.65,Credit Card,Corporate
TXN-20254790,2026-05-29,Cnergyico Peshawar Murree Road Station,Cnergyico,Peshawar,KPK,CNG,211.33,8974.8,1896644.48,Cash,Individual
TXN-20254791,25-Jun-25,PSO Islamabad Cantt Filling Point,PSO,Islamabad,Islamabad ICT,Hi-Octane (97 Ron),312.45,75.35,,Credit Card,Government
TXN-20254792,2026-04-18,PSO Rawalpindi Lytton Road Pump,PSO,Rawalpindi,Punjab,Hi-Octane (97 Ron),322.44,16.89,5446.01,Mobile Wallet,Government
TXN-20254793,2026-04-27,Shell Karachi University Road Pump,Shell,Karachi,Sindh,CNG,215.25,5794.93,1247358.68,Debit Card,Individual
TXN-20254794,13-Dec-25,Cnergyico Rawalpindi Multan Road Filling Point,Cnergyico,Rawalpindi,Punjab,Super (92 Ron),274.53,,,cash,Government
TXN-20254795,2025-01-03,Shell Lahore University Road Pump,Shell,Lahore,Punjab,CNG,204.7,149.28,30557.62,Debit Card,Corporate Fleet
TXN-20254796,29/03/2025,Attock Petroleum Lahore Saddar Filling Station,Attock Petroleum,Lahore,Punjab,Super (92 Ron),263.73,86.86,22907.59,Mobile Wallet,Corporate
TXN-20254797,27-Jan-25,PSO Lahore GT Road Service,PSO,Lahore,Punjab,High Speed Diesel,280.38,77.21,21648.14,credit card,Corporate Fleet
TXN-20254798,17/05/2026,PSO Peshawar Defence Filling Point,PSO,Peshawar,KPK,CNG,215.38,109.61,23607.8,,Corporate
TXN-20254799,20-Apr-26,Cnergyico Sialkot Multan Road Filling Point,Cnergyico,Sialkot,Punjab,Hi-Octane (97 Ron),312.15,134.25,41906.14,Debit Card,Individual
TXN-20254800,2025-06-28,Cnergyico Lahore Multan Road Filling Point,Cnergyico,Lahore,Punjab,Hi-Octane (97 Ron),295.02,41.28,12178.43,JazzCash,Agriculture
TXN-20254801,2025-08-23,Shell Karachi F-7 Markaz Pump,Shell,Karachi,Sindh,CNG,212.96,85.73,18257.06,JazzCash,Government
TXN-20254802,2026-07-24,PSO Islamabad Clifton Service Station,PSO,Islamabad,Islamabad ICT,High Speed Diesel,285.07,86.06,,Mobile Wallet,Corporate Fleet
TXN-20254803,2026-01-02,Total Parco Islamabad Thokar Niaz Baig Station,Total Parco,Islamabad,Islamabad ICT,High Speed Diesel,278.09,48.94,13609.72,Mobile Wallet,Agriculture
TXN-20254804,2025-09-20,Shell Sialkot Gulberg Station,Shell,Sialkot,Punjab,CNG,213.77,21.8,4660.19,CASH,Individual
TXN-20254805,2025-09-16,Total Parco Islamabad Thokar Niaz Baig Station,Total Parco,Islamabad,Islamabad ICT,High Speed Diesel,273.75,124.74,34147.57,EasyPaisa,Individual
TXN-20254806,2025-10-03,Cnergyico Karachi Hub River Road Pump,Cnergyico,Karachi,Sindh,Super (92 Ron),271.74,57.88,15728.31,EasyPaisa,Corporate
TXN-20254807,2025-07-22,PSO Rawalpindi Cantt Filling Point,PSO,Rawalpindi,Punjab,High Speed Diesel,302.61,9533.25,2884856.78,Cash,Government
TXN-20254808,2026-04-24,PSO Karachi Cantt Filling Point,PSO,Karachi,Sindh,Hi-Octane (97 Ron),305.8,5947.91,1818870.88,Debit Card,Agriculture
TXN-20254809,2025-05-21,PSO Peshawar Cantt Filling Point,PSO,Peshawar,KPK,Hi-Octane (97 Ron),303.71,90.88,27601.16,Mobile Wallet,individual
TXN-20254810,2025-08-24,Hascol Lahore Hayatabad Filling Station,Hascol,Lahore,Punjab,High Speed Diesel,302.85,,,Debit Card,Agriculture
TXN-20254811,10-Jan-26,Cnergyico Quetta Hub River Road Pump,Cnergyico,Quetta,Balochistan,High Speed Diesel,282.25,39.8,,Debit Card,Individual
TXN-20254812,2026-02-01,PSO Quetta Cantt Filling Point,PSO,Quetta,Balochistan,Hi-Octane (97 Ron),328.28,28.77,9444.62,Fleet Card,Individual
TXN-20254813,2026-03-23,PSO Multan Clifton Service Station,PSO,Multan,Punjab,High Speed Diesel,276.15,41.2,11377.38,EasyPaisa,Corporate
TXN-20254814,2026-05-21,Total Parco Lahore G-11 Markaz Station,Total Parco,Lahore,Punjab,CNG,212.61,76.28,16217.89,credit card,Corporate Fleet
TXN-20254815,2025-05-25,Shell Peshawar Mall Road Station,Shell,Peshawar,KPK,High Speed Diesel,291.61,67.98,19823.65,EasyPaisa,Corporate
TXN-20254816,2026-06-28,Cnergyico Islamabad Multan Road Filling Point,Cnergyico,Islamabad,Islamabad ICT,High Speed Diesel,300.14,92.62,27798.97,CASH,Individual
TXN-20254817,2025-09-16,Hascol Karachi Hayatabad Filling Station,Hascol,Karachi,Sindh,CNG,204.44,66.24,13542.11,JazzCash,Individual
TXN-20254818,2025-11-30,PSO Karachi Blue Area Station,PSO,Karachi,Sindh,Super (92 Ron),268.24,28.5,7644.84,Debit Card,individual
TXN-20254819,2026-01-11,Shell Islamabad Gulberg Station,Shell,Islamabad,Islamabad ICT,High Speed Diesel,-99.0,38.0,-3762.0,Mobile Wallet,Agriculture
TXN-20254820,2026-03-27,Cnergyico Karachi Multan Road Filling Point,Cnergyico,Karachi,Sindh,CNG,218.04,76.32,,,Corporate
TXN-20254821,2025-02-24,Shell Lahore Karsaz Service Station,Shell,Lahore,Punjab,High Speed Diesel,279.67,85.49,23908.99,,individual
TXN-20254822,2026-01-28,PSO Peshawar Lytton Road Pump,PSO,Peshawar,KPK,Super (92 Ron),260.05,116.11,30194.41,credit card,Government
TXN-20254823,2025-02-04,Total Parco Multan G-11 Markaz Station,Total Parco,Multan,Punjab,High Speed Diesel,293.11,85.76,25137.11,credit card,Government
TXN-20254824,2025-09-30,Shell Quetta Gulberg Station,Shell,Quetta,Balochistan,Hi-Octane (97 Ron),313.1,5622.3,1760342.13,Debit Card,Corporate Fleet
TXN-20254825,2026-03-10,Cnergyico Islamabad Hub River Road Pump,Cnergyico,Islamabad,Islamabad ICT,Super (92 Ron),279.58,28.85,8065.88,CASH,Corporate
TXN-20254826,2026-07-17,Cnergyico Sialkot Multan Road Filling Point,Cnergyico,Sialkot,Punjab,Hi-Octane (97 Ron),298.84,80.73,24125.35,JazzCash,Corporate
TXN-20254827,2026-06-01,PSO Rawalpindi Lytton Road Pump,PSO,Rawalpindi,Punjab,Super (92 Ron),289.86,101.46,29409.2,JazzCash,individual
TXN-20254828,2025-03-12,Attock Petroleum Karachi Industrial Area Pump,Attock Petroleum,Karachi,Sindh,Hi-Octane (97 Ron),305.28,71.52,21833.63,Credit Card,Government
TXN-20254829,2026-02-01,Shell Multan Mall Road Station,Shell,Multan,Punjab,Hi-Octane (97 Ron),307.54,65.51,20146.95,JazzCash,Agriculture
TXN-20254830,2025-01-22,Attock Petroleum Sialkot Khyber Pass Pump,Attock Petroleum,Sialkot,Punjab,CNG,214.85,114.33,24563.8,Cash,Individual
TXN-20254831,2025-01-07,Cnergyico Faisalabad Murree Road Station,Cnergyico,Faisalabad,Punjab,Super (92 Ron),285.37,114.8,32760.48,Cash,Corporate
TXN-20254832,2025-07-27,Shell Quetta Karsaz Service Station,Shell,Quetta,Balochistan,Super (92 Ron),263.37,73.9,19463.04,CASH,Individual
TXN-20254833,2025-05-13,Attock Petroleum Quetta Motorway Service Area,Attock Petroleum,Quetta,Balochistan,Hi-Octane (97 Ron),309.57,114.73,35516.97,Credit Card,Corporate Fleet
TXN-20254834,2026-07-27,Shell Lahore Gulberg Station,Shell,Lahore,Punjab,High Speed Diesel,290.09,85.37,24764.98,Credit Card,Individual
TXN-20254835,09/02/2026,Shell Karachi Karsaz Service Station,Shell,Karachi,Sindh,Super (92 Ron),264.14,11432.7,3019833.38,JazzCash,Corporate
TXN-20254836,02-Jan-25,Attock Petroleum Islamabad Saddar Filling Station,Attock Petroleum,Islamabad,Islamabad ICT,High Speed Diesel,304.77,10.36,3157.42,CASH,Corporate
TXN-20254837,2025-11-04,Shell Peshawar Karsaz Service Station,Shell,Peshawar,KPK,Hi-Octane (97 Ron),310.44,1796.59,557733.4,JazzCash,Government
TXN-20254838,2026-07-05,Total Parco Peshawar Shahrah-e-Faisal Point,Total Parco,Peshawar,KPK,High Speed Diesel,289.97,7682.52,2227700.32,JazzCash,Individual
TXN-20254839,20-Aug-25,PSO Peshawar Lytton Road Pump,PSO,Peshawar,KPK,Super (92 Ron),285.03,33.58,9571.31,CASH,Corporate Fleet
TXN-20254840,2025-07-28,Shell Multan Mall Road Station,Shell,Multan,Punjab,CNG,,55.44,,Mobile Wallet,Corporate Fleet
TXN-20254841,2025-12-08,Cnergyico Karachi Hub River Road Pump,Cnergyico,Karachi,Sindh,Super (92 Ron),270.99,6484.87,1757334.92,Debit Card,Government
TXN-20254842,2026-06-06,Hascol Peshawar Ferozepur Road Pump,Hascol,Peshawar,KPK,Super (92 Ron),9999.0,146.43,1464153.57,JazzCash,Government
TXN-20254843,2026-08-01,Total Parco Faisalabad Shahrah-e-Faisal Point,Total Parco,Faisalabad,Punjab,Super (92 Ron),267.77,93.27,24974.91,credit card,Agriculture
TXN-20254844,2025-09-26,Total Parco Peshawar G-11 Markaz Station,Total Parco,Peshawar,KPK,Hi-Octane (97 Ron),319.93,71.01,,JazzCash,individual
TXN-20254845,2026-05-12,Hascol Peshawar Hayatabad Filling Station,Hascol,Peshawar,KPK,High Speed Diesel,272.02,77.43,21062.51,CASH,Individual
TXN-20254846,13/09/2025,Attock Petroleum Faisalabad Saddar Filling Station,Attock Petroleum,Faisalabad,Punjab,High Speed Diesel,272.17,25.95,7062.81,CASH,individual
TXN-20254847,2025-10-29,Shell Sialkot University Road Pump,Shell,Sialkot,Punjab,CNG,200.86,136.17,27351.11,Cash,Individual
TXN-20254848,2025-12-25,Cnergyico Rawalpindi Murree Road Station,Cnergyico,Rawalpindi,Punjab,Hi-Octane (97 Ron),317.06,45.37,14385.01,Fleet Card,Corporate
TXN-20254849,2025-12-21,Shell Peshawar F-7 Markaz Pump,Shell,Peshawar,KPK,Hi-Octane (97 Ron),302.25,78.67,23778.01,EasyPaisa,Agriculture
TXN-20254850,2025-09-15,Attock Petroleum Karachi Saddar Filling Station,Attock Petroleum,Karachi,Sindh,High Speed Diesel,303.27,115.68,35082.27,Debit Card,Individual
TXN-20254851,2025-03-05,Hascol Multan Super Highway Station,Hascol,Multan,Punjab,Hi-Octane (97 Ron),309.73,136.1,42154.25,cash,Corporate
TXN-20254852,2025-07-23,Hascol Peshawar Ferozepur Road Pump,Hascol,Peshawar,KPK,Hi-Octane (97 Ron),302.93,14.58,4416.72,Fleet Card,Agriculture
TXN-20254853,2025-04-08,Total Parco Rawalpindi Jail Road Petrol Pump,Total Parco,Rawalpindi,Punjab,High Speed Diesel,289.98,47.18,13681.26,credit card,Government
TXN-20254854,2026-01-16,Cnergyico Multan Multan Road Filling Point,Cnergyico,Multan,Punjab,High Speed Diesel,290.65,32.66,9492.63,EasyPaisa,Corporate
TXN-20254855,2025-10-30,Cnergyico Multan Multan Road Filling Point,Cnergyico,Multan,Punjab,Super (92 Ron),289.32,52.22,15108.29,Debit Card,Government
TXN-20254856,2026-07-12,Shell Faisalabad Karsaz Service Station,Shell,Faisalabad,Punjab,Hi-Octane (97 Ron),312.77,30.72,9608.29,Fleet Card,Government
TXN-20254857,2025-03-28,Cnergyico Faisalabad Murree Road Station,Cnergyico,Faisalabad,Punjab,Super (92 Ron),278.25,51.75,14399.44,EasyPaisa,Government
TXN-20254858,16/08/2026,Shell Faisalabad Mall Road Station,Shell,Faisalabad,Punjab,High Speed Diesel,294.37,83.19,24488.64,cash,Individual
TXN-20254859,2026-04-01,Attock Petroleum Multan Khyber Pass Pump,Attock Petroleum,Multan,Punjab,Hi-Octane (97 Ron),,60.96,,credit card,Corporate Fleet
TXN-20254860,2025-05-18,Cnergyico Faisalabad Multan Road Filling Point,Cnergyico,Faisalabad,Punjab,Hi-Octane (97 Ron),304.99,48.62,14828.61,Mobile Wallet,Corporate Fleet
TXN-20254861,2026-02-06,Shell Multan F-7 Markaz Pump,Shell,Multan,Punjab,High Speed Diesel,299.05,134.48,40216.24,Debit Card,Corporate
TXN-20254862,2025-08-21,Attock Petroleum Sialkot Saddar Filling Station,Attock Petroleum,Sialkot,Punjab,High Speed Diesel,285.82,112.24,32080.44,Fleet Card,Corporate
TXN-20254863,05/08/2026,Attock Petroleum Quetta Motorway Service Area,Attock Petroleum,Quetta,Balochistan,Hi-Octane (97 Ron),327.64,28.39,9301.7,Credit Card,Agriculture
TXN-20254864,2025-07-07,Shell Quetta University Road Pump,Shell,Quetta,Balochistan,CNG,207.18,110.21,22833.31,CASH,Agriculture
TXN-20254865,2025-04-26,Shell Faisalabad Mall Road Station,Shell,Faisalabad,Punjab,Hi-Octane (97 Ron),315.17,69.29,21838.13,cash,Individual
TXN-20254866,2025-06-25,PSO Lahore Clifton Service Station,PSO,Lahore,Punjab,Super (92 Ron),281.66,841.69,237070.41,Cash,Agriculture
TXN-20254867,2025-09-22,Attock Petroleum Quetta Motorway Service Area,Attock Petroleum,Quetta,Balochistan,CNG,206.47,118.14,24392.37,Cash,Government
TXN-20254868,22-Jul-26,PSO Islamabad Blue Area Station,PSO,Islamabad,Islamabad ICT,High Speed Diesel,288.78,25.11,7251.27,credit card,individual
TXN-20254869,2025-12-26,PSO Faisalabad Cantt Filling Point,PSO,Faisalabad,Punjab,Super (92 Ron),279.87,121.5,,Cash,Corporate Fleet
TXN-20254870,18-May-25,Total Parco Sialkot Shahrah-e-Faisal Point,Total Parco,Sialkot,Punjab,Super (92 Ron),262.85,80.59,21183.08,cash,Government
TXN-20254871,2026-03-22,PSO Islamabad GT Road Service,PSO,Islamabad,Islamabad ICT,CNG,200.88,71.43,14348.86,CASH,Corporate Fleet
TXN-20254872,11-Jul-25,Shell Islamabad Mall Road Station,Shell,Islamabad,Islamabad ICT,Hi-Octane (97 Ron),307.0,15.65,4804.55,Fleet Card,Corporate Fleet
TXN-20254873,19/06/2025,Hascol Quetta Ferozepur Road Pump,Hascol,Quetta,Balochistan,CNG,205.25,75.16,15426.59,credit card,Individual
TXN-20254874,2025-11-16,Cnergyico Islamabad Multan Road Filling Point,Cnergyico,Islamabad,Islamabad ICT,Super (92 Ron),274.93,3904.56,1073480.68,cash,Individual
TXN-20254875,2026-01-10,Cnergyico Peshawar Murree Road Station,Cnergyico,Peshawar,KPK,Super (92 Ron),270.58,105.92,28659.83,CASH,Individual
TXN-20254876,2025-05-11,Hascol Quetta Ferozepur Road Pump,Hascol,Quetta,Balochistan,CNG,210.49,54.17,11402.24,cash,Corporate Fleet
TXN-20254877,2025-02-23,Attock Petroleum Multan Saddar Filling Station,Attock Petroleum,Multan,Punjab,CNG,204.02,25.99,5302.48,Cash,Individual
TXN-20254878,2026-05-30,PSO Islamabad GT Road Service,PSO,Islamabad,Islamabad ICT,Super (92 Ron),271.24,77.3,20966.85,JazzCash,Government
TXN-20254879,2026-05-02,Shell Islamabad University Road Pump,Shell,Islamabad,Islamabad ICT,CNG,218.47,113.05,24698.03,Credit Card,Government
TXN-20254880,2026-08-20,Cnergyico Lahore Multan Road Filling Point,Cnergyico,Lahore,Punjab,High Speed Diesel,293.43,127.37,37374.18,CASH,Individual
TXN-20254881,2026-07-01,Hascol Islamabad Super Highway Station,Hascol,Islamabad,Islamabad ICT,CNG,212.74,100.18,21312.29,EasyPaisa,Government
TXN-20254882,2025-05-08,Cnergyico Quetta Hub River Road Pump,Cnergyico,Quetta,Balochistan,High Speed Diesel,278.13,70.04,19480.23,CASH,Government
TXN-20254883,2025-02-02,Cnergyico Rawalpindi Multan Road Filling Point,Cnergyico,Rawalpindi,Punjab,Super (92 Ron),267.32,3107.12,830595.32,Credit Card,Corporate Fleet
TXN-20254884,2025-03-25,Cnergyico Faisalabad Hub River Road Pump,Cnergyico,Faisalabad,Punjab,Super (92 Ron),264.17,108.73,28723.2,JazzCash,Government
TXN-20254885,2026-03-23,Attock Petroleum Quetta Motorway Service Area,Attock Petroleum,Quetta,Balochistan,Hi-Octane (97 Ron),307.42,132.84,40837.67,Fleet Card,individual
TXN-20254886,2025-02-19,Attock Petroleum Karachi Motorway Service Area,Attock Petroleum,Karachi,Sindh,High Speed Diesel,291.93,13.52,3946.89,JazzCash,Agriculture
TXN-20254887,2025-02-20,PSO Faisalabad Clifton Service Station,PSO,Faisalabad,Punjab,Hi-Octane (97 Ron),312.13,11.13,3474.01,Cash,Government
TXN-20254888,12/03/2025,Hascol Islamabad Hayatabad Filling Station,Hascol,Islamabad,Islamabad ICT,Super (92 Ron),275.89,66.02,18214.26,Mobile Wallet,Corporate
TXN-20254889,07/10/2025,Cnergyico Rawalpindi Multan Road Filling Point,Cnergyico,Rawalpindi,Punjab,High Speed Diesel,297.39,108.36,32225.18,Credit Card,Corporate Fleet
TXN-20254890,2026-06-30,Attock Petroleum Karachi Saddar Filling Station,Attock Petroleum,Karachi,Sindh,High Speed Diesel,279.53,146.86,41051.78,Cash,Government
TXN-20254891,2025-07-29,Attock Petroleum Peshawar Motorway Service Area,Attock Petroleum,Peshawar,KPK,Super (92 Ron),281.18,127.15,35752.04,Debit Card,Government
TXN-20254892,2025-02-15,PSO Karachi Lytton Road Pump,PSO,Karachi,Sindh,CNG,216.61,43.59,9442.03,Credit Card,Government
TXN-20254893,2025-02-03,Total Parco Faisalabad Thokar Niaz Baig Station,Total Parco,Faisalabad,Punjab,Hi-Octane (97 Ron),328.5,103.35,33950.47,EasyPaisa,individual
TXN-20254894,2026-07-10,PSO Sialkot Lytton Road Pump,PSO,Sialkot,Punjab,High Speed Diesel,279.46,81.65,22817.91,cash,individual
TXN-20254895,2026-03-08,PSO Rawalpindi GT Road Service,PSO,Rawalpindi,Punjab,Super (92 Ron),274.71,136.29,37440.23,credit card,Government
TXN-20254896,2025-12-29,Shell Multan Gulberg Station,Shell,Multan,Punjab,Hi-Octane (97 Ron),325.01,5.48,1781.05,JazzCash,Government
TXN-20254897,2025-12-17,Attock Petroleum Faisalabad Saddar Filling Station,Attock Petroleum,Faisalabad,Punjab,Hi-Octane (97 Ron),299.27,91.9,,JazzCash,Individual
TXN-20254898,2025-09-29,Hascol Sialkot Ferozepur Road Pump,Hascol,Sialkot,Punjab,CNG,201.96,102.86,20773.61,cash,Individual
TXN-20254899,2025-11-20,PSO Quetta Lytton Road Pump,PSO,Quetta,Balochistan,Hi-Octane (97 Ron),327.8,23.07,7562.35,CASH,Agriculture
TXN-20254900,2025-05-17,Attock Petroleum Quetta Motorway Service Area,Attock Petroleum,Quetta,Balochistan,Super (92 Ron),260.5,34.56,9002.88,cash,Corporate Fleet
TXN-20254901,2025-01-13,Cnergyico Islamabad Hub River Road Pump,Cnergyico,Islamabad,Islamabad ICT,High Speed Diesel,283.1,5790.95,1639417.95,cash,individual
TXN-20254902,2026-06-26,Hascol Quetta Hayatabad Filling Station,Hascol,Quetta,Balochistan,CNG,212.91,102.55,21833.92,Mobile Wallet,individual
TXN-20254903,2025-04-29,Attock Petroleum Quetta Industrial Area Pump,Attock Petroleum,Quetta,Balochistan,Hi-Octane (97 Ron),308.76,9234.9,2851367.72,Credit Card,Government
TXN-20254904,2025-12-07,Total Parco Quetta G-11 Markaz Station,Total Parco,Quetta,Balochistan,High Speed Diesel,293.2,112.12,,EasyPaisa,individual
TXN-20254905,07-Nov-25,Shell Quetta F-7 Markaz Pump,Shell,Quetta,Balochistan,CNG,210.92,136.17,28720.98,CASH,individual
TXN-20254906,02/02/2026,Hascol Faisalabad Ferozepur Road Pump,Hascol,Faisalabad,Punjab,High Speed Diesel,272.03,99.92,27181.24,EasyPaisa,Agriculture
TXN-20254907,2026-08-10,Shell Quetta Mall Road Station,Shell,Quetta,Balochistan,Super (92 Ron),-99.0,130.41,-12910.59,credit card,Agriculture
TXN-20254908,2025-05-29,Cnergyico Islamabad Multan Road Filling Point,Cnergyico,Islamabad,Islamabad ICT,Hi-Octane (97 Ron),301.32,139.33,41982.92,CASH,Agriculture
TXN-20254909,2026-07-06,Hascol Rawalpindi Ferozepur Road Pump,Hascol,Rawalpindi,Punjab,Hi-Octane (97 Ron),312.87,37.39,11698.21,Mobile Wallet,Individual
TXN-20254910,2026-02-17,Total Parco Lahore Jail Road Petrol Pump,Total Parco,Lahore,Punjab,High Speed Diesel,293.04,13.49,3953.11,credit card,Individual
TXN-20254911,2025-04-25,Total Parco Lahore G-11 Markaz Station,Total Parco,Lahore,Punjab,High Speed Diesel,277.29,137.64,38166.2,,Government
TXN-20254912,31-Mar-25,PSO Sialkot Cantt Filling Point,PSO,Sialkot,Punjab,Super (92 Ron),260.15,69.42,18059.61,Fleet Card,Corporate Fleet
TXN-20254913,21-Jan-25,Cnergyico Karachi Hub River Road Pump,Cnergyico,Karachi,Sindh,Hi-Octane (97 Ron),312.45,146.12,45655.19,Mobile Wallet,Government
TXN-20254914,2025-09-05,Attock Petroleum Peshawar Industrial Area Pump,Attock Petroleum,Peshawar,KPK,Hi-Octane (97 Ron),319.81,91.35,29214.64,Credit Card,Government
TXN-20254915,2025-06-09,Shell Lahore F-7 Markaz Pump,Shell,Lahore,Punjab,Super (92 Ron),270.1,35.73,9650.67,credit card,individual
TXN-20254916,2026-02-20,Shell Multan Karsaz Service Station,Shell,Multan,Punjab,Hi-Octane (97 Ron),318.53,69.13,22019.98,cash,Government
TXN-20254917,2026-07-24,Attock Petroleum Lahore Industrial Area Pump,Attock Petroleum,Lahore,Punjab,CNG,209.66,89.06,18672.32,Mobile Wallet,Individual
TXN-20254918,2026-08-16,PSO Islamabad Cantt Filling Point,PSO,Islamabad,Islamabad ICT,CNG,208.11,76.52,15924.58,Credit Card,Corporate Fleet
TXN-20254919,2025-08-19,Total Parco Sialkot G-11 Markaz Station,Total Parco,Sialkot,Punjab,High Speed Diesel,300.69,8.54,2567.89,EasyPaisa,Agriculture
TXN-20254920,2026-08-26,Cnergyico Rawalpindi Murree Road Station,Cnergyico,Rawalpindi,Punjab,Hi-Octane (97 Ron),313.1,59.61,18663.89,Fleet Card,Individual
TXN-20254921,2025-01-30,Attock Petroleum Islamabad Motorway Service Area,Attock Petroleum,Islamabad,Islamabad ICT,CNG,214.51,11.24,,Debit Card,individual
TXN-20254922,2026-08-24,Hascol Faisalabad Hayatabad Filling Station,Hascol,Faisalabad,Punjab,High Speed Diesel,304.66,55.98,17054.87,cash,Corporate
TXN-20254923,2025-01-25,Cnergyico Peshawar Multan Road Filling Point,Cnergyico,Peshawar,KPK,Super (92 Ron),272.49,100.98,27516.04,cash,
TXN-20254924,2025-11-03,Hascol Rawalpindi Super Highway Station,Hascol,Rawalpindi,Punjab,Super (92 Ron),277.62,140.72,,cash,individual
TXN-20254925,2025-10-03,Shell Lahore Mall Road Station,Shell,Lahore,Punjab,Super (92 Ron),286.73,84.97,24363.45,cash,Corporate Fleet
TXN-20254926,2026-04-01,Attock Petroleum Karachi Industrial Area Pump,Attock Petroleum,Karachi,Sindh,High Speed Diesel,284.15,146.29,41568.3,Mobile Wallet,individual
TXN-20254927,2025-02-13,Shell Islamabad Karsaz Service Station,Shell,Islamabad,Islamabad ICT,Super (92 Ron),267.51,140.19,37502.23,Credit Card,Government
TXN-20254928,2026-05-29,Hascol Rawalpindi Ferozepur Road Pump,Hascol,Rawalpindi,Punjab,High Speed Diesel,274.93,105.57,29024.36,cash,Corporate
TXN-20254929,2026-01-31,PSO Islamabad Lytton Road Pump,PSO,Islamabad,Islamabad ICT,Hi-Octane (97 Ron),311.81,133.69,41685.88,cash,Corporate Fleet
TXN-20254930,02-Mar-25,Shell Quetta F-7 Markaz Pump,Shell,Quetta,Balochistan,High Speed Diesel,303.75,93.13,28288.24,Fleet Card,Corporate Fleet
TXN-20254931,2025-05-01,Shell Sialkot Mall Road Station,Shell,Sialkot,Punjab,High Speed Diesel,296.9,110.34,32759.95,Credit Card,Individual
TXN-20254932,2026-01-27,Cnergyico Faisalabad Multan Road Filling Point,Cnergyico,Faisalabad,Punjab,CNG,208.38,6144.5,1536469.09,Debit Card,Individual
TXN-20254933,2025-05-28,PSO Sialkot Cantt Filling Point,PSO,Sialkot,Punjab,High Speed Diesel,296.59,19.03,5644.11,JazzCash,Individual
TXN-20254934,2026-03-08,Shell Peshawar F-7 Markaz Pump,Shell,Peshawar,KPK,Hi-Octane (97 Ron),308.07,146.73,45203.11,Credit Card,individual
TXN-20254935,2026-05-26,Hascol Peshawar Hayatabad Filling Station,Hascol,Peshawar,KPK,Super (92 Ron),267.21,86.06,22996.09,Fleet Card,Government
TXN-20254936,2025-06-25,Hascol Peshawar Super Highway Station,Hascol,Peshawar,KPK,Hi-Octane (97 Ron),313.38,35.6,11156.33,CASH,Corporate
TXN-20254937,2026-07-25,Attock Petroleum Sialkot Motorway Service Area,Attock Petroleum,Sialkot,Punjab,Super (92 Ron),272.14,22.97,6251.06,Cash,Government
TXN-20254938,2025-04-11,PSO Lahore GT Road Service,PSO,Lahore,Punjab,CNG,213.26,47.18,10061.61,EasyPaisa,Corporate Fleet
TXN-20254939,2026-03-03,Shell Multan Karsaz Service Station,Shell,Multan,Punjab,High Speed Diesel,280.61,44.9,12599.39,Debit Card,Government
TXN-20254940,2025-08-09,Attock Petroleum Faisalabad Industrial Area Pump,Attock Petroleum,Faisalabad,Punjab,CNG,202.56,13.97,2829.76,credit card,Corporate Fleet
TXN-20254941,2026-01-28,Attock Petroleum Lahore Saddar Filling Station,Attock Petroleum,Lahore,Punjab,Hi-Octane (97 Ron),312.32,42.65,13320.45,JazzCash,Government
TXN-20254942,2025-05-13,PSO Multan Blue Area Station,PSO,Multan,Punjab,High Speed Diesel,273.34,130.66,35714.6,CASH,individual
TXN-20254943,2025-09-03,Hascol Multan Ferozepur Road Pump,Hascol,Multan,Punjab,Hi-Octane (97 Ron),324.85,,,EasyPaisa,Individual
TXN-20254944,01/02/2025,Cnergyico Lahore Multan Road Filling Point,Cnergyico,Lahore,Punjab,Super (92 Ron),279.67,121.77,34055.42,Fleet Card,Corporate Fleet
TXN-20254945,2025-05-15,Shell Quetta Mall Road Station,Shell,Quetta,Balochistan,High Speed Diesel,281.59,116.87,32909.42,EasyPaisa,individual
TXN-20254946,2025-07-30,Hascol Sialkot Ferozepur Road Pump,Hascol,Sialkot,Punjab,Hi-Octane (97 Ron),311.94,6.19,1930.91,cash,Individual
TXN-20254947,04-Feb-25,Shell Faisalabad Gulberg Station,Shell,Faisalabad,Punjab,CNG,219.15,36.62,8025.27,Credit Card,Corporate
TXN-20254948,2025-12-21,Attock Petroleum Sialkot Motorway Service Area,Attock Petroleum,Sialkot,Punjab,Hi-Octane (97 Ron),296.95,55.18,16385.7,CASH,Agriculture
TXN-20254949,24/03/2025,Attock Petroleum Faisalabad Khyber Pass Pump,Attock Petroleum,Faisalabad,Punjab,CNG,214.12,32.83,7029.56,Mobile Wallet,individual
TXN-20254950,2025-02-04,Cnergyico Faisalabad Multan Road Filling Point,Cnergyico,Faisalabad,Punjab,CNG,219.91,9226.66,2029034.8,JazzCash,individual
TXN-20254951,2026-05-24,Shell Quetta University Road Pump,Shell,Quetta,Balochistan,High Speed Diesel,298.6,37.54,,Cash,Government
TXN-20254952,2025-07-31,Total Parco Quetta Jail Road Petrol Pump,Total Parco,Quetta,Balochistan,Super (92 Ron),288.74,66.3,19143.46,CASH,individual
TXN-20254953,2026-05-15,Cnergyico Quetta Multan Road Filling Point,Cnergyico,Quetta,Balochistan,High Speed Diesel,296.74,25.34,7519.39,credit card,Corporate
TXN-20254954,2025-07-23,Total Parco Quetta G-11 Markaz Station,Total Parco,Quetta,Balochistan,Super (92 Ron),285.09,101.9,29050.67,credit card,Corporate
TXN-20254955,08/06/2025,Shell Lahore Karsaz Service Station,Shell,Lahore,Punjab,Super (92 Ron),273.4,63.96,17486.66,EasyPaisa,Individual
TXN-20254956,2025-03-07,Shell Multan University Road Pump,Shell,Multan,Punjab,Hi-Octane (97 Ron),300.91,16.78,5049.27,cash,Corporate
TXN-20254957,2026-03-30,PSO Faisalabad Defence Filling Point,PSO,Faisalabad,Punjab,CNG,216.47,51.07,11055.12,Fleet Card,Agriculture
TXN-20254958,2025-05-14,Shell Peshawar Mall Road Station,Shell,Peshawar,KPK,Super (92 Ron),268.34,15.9,4266.61,EasyPaisa,Corporate
TXN-20254959,2025-08-08,Shell Islamabad Gulberg Station,Shell,Islamabad,Islamabad ICT,CNG,207.91,79.53,16535.08,CASH,Corporate
TXN-20254960,2025-05-13,Total Parco Sialkot Thokar Niaz Baig Station,Total Parco,Sialkot,Punjab,CNG,213.97,92.53,19798.64,CASH,Corporate Fleet
TXN-20254961,2025-11-01,Hascol Rawalpindi Ferozepur Road Pump,Hascol,Rawalpindi,Punjab,Super (92 Ron),278.09,90.02,25033.66,Cash,Corporate
TXN-20254962,14/05/2025,Shell Quetta Karsaz Service Station,Shell,Quetta,Balochistan,Hi-Octane (97 Ron),303.26,146.8,44518.57,cash,Individual
TXN-20254962,14/05/2025,Shell Quetta Karsaz Service Station,Shell,Quetta,Balochistan,Hi-Octane (97 Ron),303.26,146.8,44518.57,cash,Individual
TXN-20254963,2026-01-13,Attock Petroleum Lahore Saddar Filling Station,Attock Petroleum,Lahore,Punjab,Super (92 Ron),260.49,145.78,37974.23,EasyPaisa,Individual
TXN-20254964,2026-03-28,Total Parco Multan Thokar Niaz Baig Station,Total Parco,Multan,Punjab,High Speed Diesel,294.94,15.89,4686.6,cash,Agriculture
TXN-20254965,2025-05-23,Attock Petroleum Islamabad Khyber Pass Pump,Attock Petroleum,Islamabad,Islamabad ICT,CNG,210.31,117.49,24709.32,CASH,individual
TXN-20254966,2025-10-31,Hascol Faisalabad Ferozepur Road Pump,Hascol,Faisalabad,Punjab,Super (92 Ron),278.79,7.43,2071.41,Cash,Government
TXN-20254967,2026-06-01,PSO Lahore GT Road Service,PSO,Lahore,Punjab,Hi-Octane (97 Ron),318.69,43.95,14006.43,Fleet Card,Corporate Fleet
TXN-20254968,2026-03-14,PSO Peshawar GT Road Service,PSO,Peshawar,KPK,CNG,219.97,119.42,26268.82,Cash,Agriculture
TXN-20254969,2025-06-24,Shell Karachi Mall Road Station,Shell,Karachi,Sindh,Super (92 Ron),286.44,89.57,25656.43,credit card,individual
TXN-20254970,20-Aug-25,Attock Petroleum Peshawar Industrial Area Pump,Attock Petroleum,Peshawar,KPK,Hi-Octane (97 Ron),303.17,37.54,11381.0,EasyPaisa,Corporate Fleet
TXN-20254971,2026-06-26,Hascol Sialkot Super Highway Station,Hascol,Sialkot,Punjab,High Speed Diesel,299.32,8400.85,2514542.42,JazzCash,individual
TXN-20254972,2026-05-04,PSO Lahore Blue Area Station,PSO,Lahore,Punjab,CNG,216.14,100.22,21661.55,CASH,Corporate
TXN-20254973,08-Jul-26,Shell Multan Mall Road Station,Shell,Multan,Punjab,Super (92 Ron),270.56,5.47,1479.96,credit card,Agriculture
TXN-20254974,27-Jul-26,Attock Petroleum Lahore Saddar Filling Station,Attock Petroleum,Lahore,Punjab,High Speed Diesel,277.51,27.9,7742.53,JazzCash,Government
TXN-20254975,06-Aug-25,Total Parco Islamabad Jail Road Petrol Pump,Total Parco,Islamabad,Islamabad ICT,Super (92 Ron),278.26,64.57,17967.25,Debit Card,Individual
TXN-20254976,2025-08-08,PSO Islamabad Clifton Service Station,PSO,Islamabad,Islamabad ICT,Hi-Octane (97 Ron),301.4,2030.16,611890.22,Mobile Wallet,individual
TXN-20254977,2025-05-27,Cnergyico Faisalabad Hub River Road Pump,Cnergyico,Faisalabad,Punjab,CNG,202.47,97.14,,Credit Card,individual
TXN-20254978,2025-02-14,Attock Petroleum Lahore Saddar Filling Station,Attock Petroleum,Lahore,Punjab,Super (92 Ron),263.61,14.69,3872.43,JazzCash,Corporate Fleet
TXN-20254979,2026-03-27,Cnergyico Multan Hub River Road Pump,Cnergyico,Multan,Punjab,Super (92 Ron),273.56,108.51,29684.0,Fleet Card,Corporate Fleet
TXN-20254980,2025-05-31,Total Parco Peshawar Shahrah-e-Faisal Point,Total Parco,Peshawar,KPK,Hi-Octane (97 Ron),321.19,7.11,2283.66,Mobile Wallet,Corporate
TXN-20254981,2026-08-02,Attock Petroleum Islamabad Saddar Filling Station,Attock Petroleum,Islamabad,Islamabad ICT,Hi-Octane (97 Ron),314.95,132.56,,Fleet Card,Agriculture
TXN-20254982,2026-05-11,Cnergyico Quetta Hub River Road Pump,Cnergyico,Quetta,Balochistan,Super (92 Ron),274.14,58.47,16028.97,credit card,Corporate
TXN-20254983,2026-04-04,PSO Peshawar Cantt Filling Point,PSO,Peshawar,KPK,CNG,200.94,119.22,23956.07,credit card,Corporate Fleet
TXN-20254984,2025-05-30,Total Parco Peshawar Thokar Niaz Baig Station,Total Parco,Peshawar,KPK,CNG,204.26,40.06,8182.66,Mobile Wallet,Corporate Fleet
TXN-20254985,2025-01-04,PSO Peshawar GT Road Service,PSO,Peshawar,KPK,Hi-Octane (97 Ron),309.45,84.49,26145.43,Debit Card,Corporate Fleet
TXN-20254986,2025-07-28,Attock Petroleum Islamabad Khyber Pass Pump,Attock Petroleum,Islamabad,Islamabad ICT,High Speed Diesel,274.29,4456.97,1222502.3,Debit Card,Corporate Fleet
TXN-20254987,2025-01-11,Cnergyico Lahore Hub River Road Pump,Cnergyico,Lahore,Punjab,Super (92 Ron),288.12,15.79,4549.41,,Corporate
TXN-20254988,2026-08-13,Cnergyico Multan Murree Road Station,Cnergyico,Multan,Punjab,CNG,213.73,0.0,0.0,Mobile Wallet,Agriculture
TXN-20254989,2025-05-29,PSO Rawalpindi Defence Filling Point,PSO,Rawalpindi,Punjab,Super (92 Ron),280.36,131.81,36954.25,cash,Corporate
TXN-20254990,2026-08-06,Attock Petroleum Karachi Khyber Pass Pump,Attock Petroleum,Karachi,Sindh,High Speed Diesel,299.14,147.34,44075.29,JazzCash,Corporate Fleet
TXN-20254991,2026-06-28,Hascol Faisalabad Hayatabad Filling Station,Hascol,Faisalabad,Punjab,Hi-Octane (97 Ron),309.04,23.9,7386.06,EasyPaisa,Individual
TXN-20254992,15-Feb-26,Hascol Karachi Hayatabad Filling Station,Hascol,Karachi,Sindh,High Speed Diesel,304.34,3217.6,979244.38,Fleet Card,Agriculture
TXN-20254993,2026-02-28,Attock Petroleum Sialkot Khyber Pass Pump,Attock Petroleum,Sialkot,Punjab,CNG,205.07,120.63,24737.59,Fleet Card,Corporate Fleet
TXN-20254994,20/05/2025,Hascol Faisalabad Super Highway Station,Hascol,Faisalabad,Punjab,Super (92 Ron),287.36,50.07,14388.12,credit card,Agriculture
TXN-20254995,2026-06-21,Total Parco Multan Jail Road Petrol Pump,Total Parco,Multan,Punjab,CNG,213.86,66.0,14114.76,Debit Card,Corporate
TXN-20254996,25/12/2025,Cnergyico Lahore Murree Road Station,Cnergyico,Lahore,Punjab,CNG,206.46,23.72,4897.23,credit card,Corporate
TXN-20254997,2025-03-06,Total Parco Multan Jail Road Petrol Pump,Total Parco,Multan,Punjab,Hi-Octane (97 Ron),298.29,131.66,39272.86,credit card,individual
TXN-20254998,2026-02-22,PSO Sialkot Defence Filling Point,PSO,Sialkot,Punjab,Super (92 Ron),271.02,14.6,3956.89,EasyPaisa,Corporate
TXN-20254999,2026-08-23,Hascol Multan Super Highway Station,Hascol,Multan,Punjab,High Speed Diesel,270.25,2277.3,615440.33,Fleet Card,Agriculture
TXN-20255000,09/01/2025,Cnergyico Quetta Multan Road Filling Point,Cnergyico,Quetta,Balochistan,High Speed Diesel,290.96,24.37,7090.7,CASH,Agriculture
